Price,Close,High,Low,Open,Volume
Ticker,SPY,SPY,SPY,SPY,SPY
Date,,,,,
2015-01-02,170.125,171.3258145622169,169.08982374735015,170.91174406115695,121465900
2015-01-05,167.05258178710938,169.24715009688967,166.7461737006491,169.0815244457335,169632600
2015-01-06,165.4791717529297,167.88077604924092,164.6841506836419,167.35904307763232,209151400
2015-01-07,167.5411834716797,167.88072427345165,166.35694805006224,166.80413857607297,125346700
2015-01-08,170.51422119140625,170.72954593158084,168.93248153754053,168.94903525876288,147217800
2015-01-09,169.14781188964844,170.94487647756347,168.53498295474012,170.92831011812547,158567300
2015-01-12,167.82272338867188,169.4376080128101,167.21818415971794,169.28025924336686,144396100
2015-01-13,167.3507537841797,170.16642844907784,166.0505662011731,169.04015605583254,214553300
2015-01-14,166.34043884277344,166.53919727619112,164.44400109008578,165.3383824493862,192991100
2015-01-15,164.81668090820312,167.29281524544783,164.70074163458398,166.9781301521576,176613900
2015-01-16,166.9780731201172,167.1354219312357,164.42739733525644,164.60958936534854,211879600
2015-01-20,167.3341827392578,167.88075887871344,165.76899662094755,167.61574767057863,130991100
2015-01-21,168.1788787841797,168.6592020890844,166.40665751815214,166.8704144645625,122942700
2015-01-22,170.6798858642578,170.81237883664812,167.55779037723386,168.93250763678003,174356000
2015-01-23,169.7440643310547,170.6798677187709,169.6115587363211,170.42313339031367,117516800
2015-01-26,170.14158630371094,170.23268233008037,168.81656812684636,169.5287699776171,92009700
2015-01-27,167.89730834960938,169.04013431955212,167.0691673621353,168.0877772385284,134044600
2015-01-28,165.74415588378906,169.18093632444723,165.55368697285624,169.0815634381223,168514300
2015-01-29,167.2761993408203,167.53292102009297,164.5350421112368,165.9428918715796,173585400
2015-01-30,165.17266845703125,167.42521228608183,164.90766999054438,166.1001946807976,197729700
2015-02-02,167.21823120117188,167.30932721771725,163.85598072283597,165.66961155632973,163107000
2015-02-03,169.6364288330078,169.6447183317602,167.73999117407354,168.1126521614309,124212900
2015-02-04,168.99041748046875,170.08356945276037,168.5349374920139,168.8744782685372,134306700
2015-02-05,170.69639587402344,170.84546780487813,169.57841325653533,169.6529429037491,97953200
2015-02-06,170.2244110107422,171.62397153579192,169.70267805759966,171.06082899905493,125672000
2015-02-09,169.46250915527344,170.29892707677755,169.05671548674957,169.57844839821885,87219000
2015-02-10,171.267822265625,171.5245439299293,169.50387805595938,170.49765727271208,96164200
2015-02-11,171.3672637939453,171.7979007846517,170.45631599550543,171.10226516334865,91087800
2015-02-12,173.01522827148438,173.07320421101406,171.40035573613238,172.16224399290283,97545900
2015-02-13,173.7274169921875,173.77710343007948,172.88270963873737,173.1394439618939,93670400
2015-02-17,174.00071716308594,174.1746323442568,173.1642992486139,173.41273145538702,76968200
2015-02-18,174.0172576904297,174.09178734139812,173.36301927923287,173.6280304423576,80652900
2015-02-19,173.89306640625,174.25745051578036,173.28025007334028,173.42103254539876,91462500
2015-02-20,174.93649291992188,175.01102257016245,172.85785111829873,173.47895680982546,140896400
2015-02-23,174.91168212890625,174.91168212890625,174.30713004551836,174.68808050030484,74411100
2015-02-24,175.40855407714844,175.6073124786013,174.53900344588288,174.83713472984738,72472300
2015-02-25,175.25949096679688,175.76465750269924,174.919950110312,175.28433418688803,73061700
2015-02-26,175.0524444580078,175.32573249787598,174.44789244416535,175.1683836897917,72697900
2015-02-27,174.4561309814453,175.2180189443908,174.40644455897004,174.95300784262287,108076000
2015-03-02,175.55764770507812,175.61561101488735,174.50590490177964,174.55559134916788,87491400
2015-03-03,174.8371124267578,175.60729007726405,173.97585140318802,175.1269668123476,110325800
2015-03-04,174.10008239746094,174.31540714911114,173.13115892432225,174.24086485392425,114497200
2015-03-05,174.29054260253906,174.57210748101213,173.7853761387244,174.42303554530858,76873000
2015-03-06,171.83921813964844,173.8598837386368,171.50796687009418,173.42924697907551,188128000
2015-03-09,172.55148315429688,172.90757776811046,171.88069087325783,172.03803970687056,89818900
2015-03-10,169.75241088867188,171.2679110800424,169.71100129376214,171.1851045266571,157121300
2015-03-11,169.35484313964844,170.1829841818961,169.27202398085188,170.00906900299512,110145700
2015-03-12,171.50804138183594,171.57428155538412,169.9345655767912,169.98425202516802,93993500
2015-03-13,170.4562530517578,172.1953414628287,169.42107686549133,171.2347075656587,162410900
2015-03-16,172.7335968017578,172.8246927884757,170.4810529814841,171.18497766397894,136099200
2015-03-17,172.22018432617188,172.60112205758392,171.4085971591291,171.99658274860482,94510400
2015-03-18,174.29054260253906,174.96133472213626,171.11047188394753,171.74814392695924,228808500
2015-03-19,173.4955291748047,174.29882690791254,173.10630191705437,173.87647957216197,117917300
2015-03-20,175.02696228027344,175.5343837524502,174.26167316848532,174.4446784661776,177715100
2015-03-23,174.68592834472656,175.60926875940504,174.68592834472656,175.0352986782756,71784500
2015-03-24,173.70437622070312,175.01866878054568,173.63782767328215,174.5611681428874,77805300
2015-03-25,171.15895080566406,174.14525832253875,171.1173690675904,173.912344740838,159521700
2015-03-26,170.75128173828125,171.66629534342607,169.79466102806265,170.49341415235105,153067200
2015-03-27,171.1422576904297,171.31693646343555,170.443504519906,170.63483629030935,118939000
2015-03-30,173.23016357421875,173.52962558919126,172.15709875805342,172.17372636961676,96180400
2015-03-31,171.71617126464844,173.10535075380096,171.6579492527271,172.40659776093383,126768700
2015-04-01,171.10902404785156,171.7079482482188,170.11913508633242,171.6829941309399,137303600
2015-04-02,171.72457885742188,172.1737656359064,170.85946053116376,171.0424658427631,86900900
2015-04-06,172.88087463378906,173.3966100771019,170.70146336782645,170.8345477870806,114368200
2015-04-07,172.42332458496094,173.65444087797837,172.39005666043033,172.90579199409237,81236300
2015-04-08,173.0055694580078,173.44644234245783,172.2569207428978,172.64788540538498,89351900
2015-04-09,173.7708282470703,174.003741704266,172.34839339725607,172.83917441828757,85548900
2015-04-10,174.7190704345703,174.76066483088186,173.82069747694499,174.0203302707161,72722900
2015-04-13,173.92897033691406,175.21000771421382,173.87906209753527,174.5778028345144,74436600
2015-04-14,174.2616729736328,174.44467827112047,173.10541915377996,173.72929738807832,75099900
2015-04-15,175.04359436035156,175.55101584547447,174.644315833761,174.72750467768364,99529300
2015-04-16,174.99363708496094,175.5010584278668,174.51116984967075,174.71081540342834,68934900
2015-04-17,172.9806365966797,174.04538777213105,172.1987071756499,173.8041604387327,191113200
2015-04-20,174.5611114501953,174.8938413864011,173.820776553229,173.90395269086372,92189500
2015-04-21,174.35317993164062,175.401290821746,174.05371786406258,175.24323963429708,72559800
2015-04-22,175.2099609375,175.39296622825637,173.77087272447622,174.69421298498898,78264600
2015-04-23,175.65084838867188,176.29968076672418,174.6942274364306,174.81068420446982,102585900
2015-04-24,176.05845642089844,176.32465059604635,175.60926961638245,176.06678292189486,61327400
2015-04-27,175.32643127441406,176.7488665984701,175.13509946927405,176.6240960236707,79358100
2015-04-28,175.88375854492188,175.93366677414596,174.1285805578068,175.30147471591496,86863500
2015-04-29,175.16004943847656,175.7589608327745,174.35316595144636,174.99367176429075,125684900
2015-04-30,173.40487670898438,174.97704931085852,172.70612345816878,174.58608461209516,161304900
2015-05-01,175.28485107421875,175.3264455001387,174.08700268761004,174.18681915554853,103399700
2015-05-04,175.78390502929688,176.366188735552,175.60089976549773,175.7090300084097,70927200
2015-05-05,173.7708282470703,175.90034265873737,173.62941741183232,175.54264597550952,113326200
2015-05-06,173.0555419921875,174.62771503244838,171.99079055184353,174.31993908741035,135060200
2015-05-07,173.74598693847656,174.1702324124474,172.6230133321272,172.95574343189597,88244900
2015-05-08,176.0334930419922,176.23313866284923,175.33475240824686,175.417941256813,155877300
2015-05-11,175.19334411621094,176.25809539088837,175.1184817670937,175.9919139186372,75708100
2015-05-12,174.66928100585938,175.20998313991484,173.53798119820593,174.36150511096568,119727600
2015-05-13,174.70254516601562,175.70074779807248,174.4696316416302,175.07686956643255,94667900
2015-05-14,176.5242919921875,176.61579465109463,175.4429003940587,175.7174083707801,95934000
2015-05-15,176.71559143066406,176.85700230725067,176.23312407316172,176.71559143066406,76510100
2015-05-18,177.26461791992188,177.51415907420704,176.48268845559923,176.54923699435392,74549700
2015-05-19,177.2063751220703,177.65557456500738,176.9235533648642,177.38106661495368,72114600
2015-05-20,177.08157348632812,177.83022216944553,176.76547117029347,177.30616047556347,76857500
2015-05-21,177.59732055664062,177.80527994839312,176.77379679588046,176.94017446354965,64764600
2015-05-22,177.173095703125,177.63059623069003,177.1065471717183,177.214677429024,57433500
2015-05-26,175.2681884765625,177.1065552486118,174.85226965592858,176.68230992815077,124308600
2015-05-27,176.93186950683594,177.16478303853046,175.31810239949857,175.72570742638172,93214000
2015-05-28,176.73220825195312,176.84033850036474,176.0417815748373,176.62406531070803,74974600
2015-05-29,175.63417053222656,176.70723533026117,175.36798913054474,176.66565360922212,124919600
2015-06-01,175.99185180664062,176.63235749126358,175.201596090961,176.29962759516937,93338800
2015-06-02,175.81712341308594,176.50754986057942,174.9104238478639,175.53430179155728,91531000
2015-06-03,176.2830352783203,176.90691352294607,175.79225410549518,176.34958381422064,87820900
2015-06-04,174.7939910888672,176.2330661888363,174.477888825713,175.57592024961843,151882800
2015-06-05,174.49456787109375,175.16835426135324,173.83740909313252,174.64429253878083,121704700
2015-06-08,173.42147827148438,174.53615016691566,173.3466159428396,174.3864128167932,89063300
2015-06-09,173.39657592773438,173.93727807931117,172.76438380905586,173.39657592773438,105034700
2015-06-10,175.4761962890625,175.85884729444106,174.10366887951585,174.1618909301899,134551300
2015-06-11,176.04180908203125,176.42444729989205,175.6841122858548,175.91702581659672,73876400
2015-06-12,174.69419860839844,175.9170008174416,174.4196906948547,175.21826032451227,135382400
2015-06-15,173.945556640625,174.22837837118564,172.84752494385896,173.55459196309474,124384200
2015-06-16,174.89385986328125,174.977048702538,173.6211493182285,173.795828110699,85308200
2015-06-17,175.17665100097656,175.78390149721426,174.15349445962744,175.17665100097656,126708600
2015-06-18,176.99839782714844,177.46422483733193,175.2099521217295,175.7755955789997,165867900
2015-06-19,176.21263122558594,176.83118972177672,175.83648613184482,176.75596325394298,130478700
2015-06-22,177.11538696289062,177.7005029698654,176.90641604935877,177.13210820725345,70696000
2015-06-23,177.24081420898438,177.5751754173251,176.84796051536992,177.32440769971356,68476800
2015-06-24,175.95355224609375,177.34947675949232,175.92847675070024,176.97333157401434,92307300
2015-06-25,175.4186248779297,176.5805031815804,175.34339837554282,176.4551256776023,97107400
2015-06-26,175.38519287109375,176.02046014070368,174.83350635153408,175.77804663002834,104174800
2015-06-29,171.70721435546875,175.39346423799208,171.63198788959818,173.9055923916598,202621300
2015-06-30,172.06671142578125,173.29546181848747,171.5902514653302,173.2452980690375,182925100
2015-07-01,173.44590759277344,173.88892503517445,172.66017469354873,173.63815731665525,135979900
2015-07-02,173.28707885742188,174.08953296522503,172.86913693253123,173.92235874618385,104373700
2015-07-06,172.7938690185547,173.571234690276,171.7991654350704,171.9997821025657,117975400
2015-07-07,173.88052368164062,174.00590112964602,170.61221548819293,172.99448903687573,173820200
2015-07-08,170.9633331298828,172.82735065650917,170.72928665813495,172.54315319146906,164020100
2015-07-09,171.27256774902344,173.32049305021542,171.163911539407,173.06135838525742,144113100
2015-07-10,173.42918395996094,173.84712590022323,171.3143987625998,173.27036398192914,129456900
2015-07-13,175.3433380126953,175.4519942272115,174.64955296883963,174.691349707303,106069400
2015-07-14,176.10406494140625,176.413350747108,175.24310529538042,175.3016233075277,81709600
2015-07-15,176.04551696777344,176.60555767656038,175.56905700017123,176.1458189590258,97914100
2015-07-16,177.45819091796875,177.45819091796875,176.8563533661645,177.09875413486793,106683300
2015-07-17,177.6085662841797,177.66708426579632,177.04017148628014,177.44974633930389,89030000
2015-07-20,177.7005615234375,178.1937299807778,177.38293430331788,177.834306013265,70446800
2015-07-21,176.99839782714844,177.82592739564956,176.69747914356392,177.5667926991554,77965000
2015-07-22,176.68072509765625,177.01508621433334,176.27950451221622,176.31293424659768,88667900
2015-07-23,175.68606567382812,176.91481598309016,175.32664173192563,176.8145140001547,90509100
2015-07-24,173.8638458251953,175.84488652548933,173.52949737736176,175.7863812866775,117755000
2015-07-27,172.85238647460938,173.48766625601792,172.4093691294551,172.97777668363258,132361100
2015-07-28,174.97561645507812,175.11771521850073,172.8608307475074,173.6883478259436,123544800
2015-07-29,176.17926025390625,176.4049397326802,174.9588640988521,175.1009628370131,105791300
2015-07-30,176.22100830078125,176.3881824903833,175.05076346442095,175.6693219959788,91304400
2015-07-31,175.95355224609375,176.74763936089735,175.66935479525043,176.72256386550384,103266900
2015-08-03,175.3600616455078,175.97862026628187,174.4071545973059,175.9201150310407,113965700
2015-08-04,175.0173797607422,175.7445946917955,174.53256555518115,175.28485598354138,81820800
2015-08-05,175.5941619873047,176.63065000789808,175.30995172737553,175.91178924140044,85786800
2015-08-06,174.1564178466797,175.88669090895726,173.57128890569496,175.77802191913275,116030800
2015-08-07,173.82205200195312,174.14804620817122,172.9192958721393,173.99759323049022,117858000
2015-08-10,176.01202392578125,176.09560463690917,174.93372688928238,174.93372688928238,80270700
2015-08-11,174.42384338378906,175.09255286876916,173.66318618519202,174.67461103497817,126081400
2015-08-12,174.63290405273438,174.81679957448077,171.65715870749875,173.11995587756743,172123700
2015-08-13,174.41554260253906,175.1594787845437,173.87221039931902,174.47404784482575,89383300
2015-08-14,175.05079650878906,175.12602299512452,174.08116816965813,174.2232668953725,72786500
2015-08-17,176.02877807617188,176.02877807617188,173.99758642941626,174.457325100876,79072600
2015-08-18,175.51890563964844,176.10402184503204,175.284859157495,175.75295212180188,71692700
2015-08-19,174.13133239746094,175.543965411561,173.32052403028706,174.77495378843668,172946000
2015-08-20,170.49525451660156,174.10626663748775,170.43673651645807,172.6183941900729,194327900
2015-08-21,165.36289978027344,170.47015049672353,165.10377783345345,168.6228416186139,346588500
2015-08-24,158.4000244140625,165.07037543288203,152.46524267191543,156.71990209767756,507244300
2015-08-25,156.5359649658203,163.37348842234678,156.2434005299375,163.35676717483423,369833100
2015-08-26,162.54592895507812,162.8217593164878,157.4553881849851,160.55652192413208,339257000
2015-08-27,166.56655883789062,166.69193629886527,163.17287284538895,164.68582039582773,274143900
2015-08-28,166.5749053955078,167.04299823430685,165.43810303503588,165.9229171193844,160414400
2015-08-31,165.2292022705078,166.4495986223896,164.6775157242635,165.59699330133736,163298800
2015-09-01,160.29747009277344,162.80512196514385,159.42814363445524,161.42590578259393,256000400
2015-09-02,163.34005737304688,163.3818541142059,160.84076020480347,162.67970202462845,160269300
2015-09-03,163.4570770263672,165.54678649294164,162.96390865335349,164.05054737231268,152087800
2015-09-04,160.98291015625,162.04448649759297,160.16374733803622,161.20024817761805,207081000
2015-09-08,165.02853393554688,165.17899965322377,163.13944112289605,163.78307522572973,116025700
2015-09-09,162.8218231201172,166.7337664970237,162.45404490926228,166.60838901088866,149347700
2015-09-10,163.7078857421875,164.85304273540885,162.3704662465624,162.62958824462757,158611100
2015-09-11,164.45176696777344,164.51863919563894,162.60445834238698,163.3149646032064,119691200
2015-09-14,163.84164428710938,164.6775284199534,163.35682995951026,164.6273774127155,79452000
2015-09-15,165.88949584960938,166.3325132199818,163.79978645933429,164.34310579897624,113806200
2015-09-16,167.32720947265625,167.51947192594085,165.84770436080095,166.19041977275248,99581600
2015-09-17,166.95108032226562,169.59247638943998,166.57493513497366,167.1934937850058,276046600
2015-09-18,164.22286987304688,166.93680784355814,163.81116558164115,164.44133777057908,223657500
2015-09-21,165.0714874267578,166.09655558562346,164.02120058856195,165.05467924749908,105726200
2015-09-22,162.92889404296875,163.39102279987037,161.79457916883604,162.90368818539991,153890900
2015-09-23,162.66842651367188,163.56746535756787,162.08866614231047,163.09693891729887,92790600
2015-09-24,162.0802764892578,162.5424053099911,160.11414240201316,161.45010432122666,159378800
2015-09-25,162.03823852539062,163.84472653576523,161.16439280417225,163.5422434508639,155054800
2015-09-28,157.97157287597656,161.2484762241486,157.66069200620228,161.1392422662767,178515900
2015-09-29,158.06394958496094,159.4251299222024,157.06407455420066,158.18999168666124,159045600
2015-09-30,161.01319885253906,161.18124220471094,159.17309401717506,159.95450137417293,163452000
2015-10-01,161.4332733154297,161.7357564021295,159.49234551780697,161.39125928266085,131079000
2015-10-02,163.84475708007812,163.86996294011195,158.90420337928794,159.4503602620859,211003300
2015-10-05,166.76031494140625,166.987180448708,164.96222470108148,165.0714586158716,126320800
2015-10-06,166.18902587890625,167.18890126817698,165.52525006046352,166.62594891053877,110274500
2015-10-07,167.55014038085938,167.90303517487249,165.92849104313925,167.12161520029284,124307300
2015-10-08,169.06259155273438,169.34826651960603,166.8611814375429,167.16366458507915,153055200
2015-10-09,169.16342163085938,169.64234582106246,168.53324945051236,169.20543567372633,107069200
2015-10-12,169.32308959960938,169.52473651850863,168.8105489792612,169.23906150280968,56395600
2015-10-13,168.25599670410156,169.86083850123862,168.0879533289991,168.59208345430648,88038700
2015-10-14,167.44931030273438,168.77687428386866,167.15523770734023,168.19711395062006,99106200
2015-10-15,170.02049255371094,170.0288902355682,167.7434643233295,168.11316745926345,134142200
2015-10-16,170.79348754882812,170.81028291108484,169.65917237302588,170.42378444498482,114580100
2015-10-19,170.87747192382812,170.87747192382812,169.8355955332714,170.14647635033947,76523900
2015-10-20,170.65904235839844,171.2724064045467,170.18851581226352,170.4405872679463,78448500
2015-10-21,169.60037231445312,171.23040718444668,169.43231611552224,171.07917199047438,102038000
2015-10-22,172.4655303955078,172.6755878044173,169.60035708185666,170.54980785192444,174911700
2015-10-23,174.35601806640625,174.72572109591775,173.33934755613427,174.13756301300612,144442300
2015-10-26,173.92747497558594,174.2383557315556,173.55777201125318,174.17954634407485,69033000
2015-10-27,173.59141540527344,173.92750206835612,172.9108187580718,173.2553159213064,77905800
2015-10-28,175.56593322753906,175.59113908425056,173.26371284200084,173.9274884368756,135906700
2015-10-29,175.46511840820312,175.83482141928536,174.9441802494331,175.0618118601516,90525500
2015-10-30,174.70892333984375,175.9776781596275,174.54929049565288,175.65838682947495,131076900
2015-11-02,176.77590942382812,176.96915864678198,174.91059863980655,175.03664077547026,86270800
2015-11-03,177.2884521484375,177.84300678193358,176.19615106391433,176.42301665414215,95246100
2015-11-04,176.75064086914062,177.7085017843629,176.2128946153471,177.58247251428708,96224500
2015-11-05,176.57421875,177.2716107515993,175.68357755931885,176.809481976939,78408700
2015-11-06,176.48178100585938,176.7170570376993,175.15422981012625,176.22972243760842,110471500
2015-11-09,174.83499145507812,176.01971836803094,173.88552782430054,175.86847036041127,131008700
2015-11-10,175.2382049560547,175.27182130471735,174.08709502152828,174.35596170642708,75874600
2015-11-11,174.5492401123047,175.55751271225728,174.48202022952364,175.50710100539192,67846000
2015-11-12,172.1125946044922,173.97790497820498,172.0957992468074,173.50737854535558,121315200
2015-11-13,170.1800994873047,171.96979265843748,170.09608421887646,171.7009258502262,153577100
2015-11-16,172.76797485351562,172.8267970688517,169.8775835034225,169.99522793409466,117645200
2015-11-17,172.64195251464844,173.96110613317177,172.14622019779057,173.0788754346867,121123700
2015-11-18,175.38107299804688,175.5239104525939,173.07885272714665,173.12085393898545,121342500
2015-11-19,175.22982788085938,175.64994254237146,174.93574248944813,175.26343141259227,88220500
2015-11-20,175.86846923828125,176.54905321600907,175.49036845297547,175.98610087861832,94011500
2015-11-23,175.66677856445312,176.43137762573497,175.20464979935923,175.92724764453766,64931200
2015-11-24,175.90203857421875,176.30534511598827,174.27199140759203,174.65848977069672,98874400
2015-11-25,175.87680053710938,176.22969529920027,175.61631868855713,176.02803565477058,51980100
2015-11-27,176.07847595214844,176.2801356293235,175.4903179198256,175.9692420244015,37317800
2015-11-30,175.3474578857422,176.35573050006636,175.23822397205575,176.23809890874324,112822700
2015-12-01,177.0195770263672,177.1372214857632,175.70042313886535,175.97770046268377,97858400
2015-12-02,175.2130889892578,177.28845726346316,174.96101752849728,176.969165891774,108441300
2015-12-03,172.7595672607422,175.73397369234962,172.03696946468523,175.46510695149848,166224200
2015-12-04,176.12889099121094,176.42297642336592,172.75957555460377,172.75957555460377,192913900
2015-12-07,175.06182861328125,176.22133665250286,174.0955569562305,175.80122188532042,102027100
2015-12-08,173.88552856445312,175.01143325121095,172.9024613838463,173.49903009390036,103372400
2015-12-09,172.53273010253906,175.33909367995196,171.558060762313,173.24693033755833,162401500
2015-12-10,172.97799682617188,174.28875244447198,172.36463304496863,172.5998962164132,116128900
2015-12-11,169.6255645751953,171.5244789544644,169.3146708888189,170.86070317712242,211173300
2015-12-14,170.48251342773438,170.6085555105214,168.00383965016366,169.7851344173471,182385200
2015-12-15,172.2722625732422,173.17971202028292,170.45736367916072,171.99498528490597,154069600
2015-12-16,174.79296875,175.0954519293703,172.0790306373274,173.3981844884099,197017000
2015-12-17,172.12940979003906,175.1710363696927,172.1126016107863,175.1038164735659,173092500
2015-12-18,169.0629425048828,171.52255250194227,168.90234670875685,171.38732547637363,251393500
2015-12-21,170.45755004882812,170.63505404180987,169.12208496408795,170.23779486925858,99094300
2015-12-22,172.0043182373047,172.30015391894648,170.3561221898982,171.3450398183421,111026200
2015-12-23,174.13430786132812,174.17657194553465,172.9171744604314,173.01015028681067,110987200
2015-12-24,173.84690856933594,174.3963158340677,173.62715340175535,173.88072499338642,48539600
2015-12-28,173.44970703125,173.49195822642517,172.3762609916817,173.15387128188235,65899900
2015-12-29,175.3007049560547,175.6303441554267,174.51464721031633,174.54845073711917,92640700
2015-12-30,174.05825805664062,175.1401646349993,173.91457046274056,175.05563645167456,63317700
2015-12-31,172.3170928955078,174.024461670726,172.3170928955078,173.38209130151475,114877900
2016-01-04,169.90817260742188,169.91662026614497,167.85425658509027,169.46020164850955,222353500
2016-01-05,170.1955108642578,170.65192938292125,169.0882616437573,170.22931438900892,110845800
2016-01-06,168.04864501953125,169.09672202912697,167.0174633249898,167.64292530886155,152112600
2016-01-07,164.0168914794922,166.88222079288164,163.62807998718796,165.09878489652976,213436100
2016-01-08,162.21656799316406,165.53832917185426,161.92919283899013,164.9804741804424,209817200
2016-01-11,162.37716674804688,163.4759685368012,160.44159535409074,163.13786873408287,187941300
2016-01-12,163.687255859375,164.43951009387482,161.55727250549293,163.8224957637583,172330500
2016-01-13,159.6047821044922,164.70151796175867,159.22443118474726,164.3549705671791,221168900
2016-01-14,162.2249755859375,163.3491329495892,158.61585304162892,160.21333710635813,240795600
2016-01-15,158.74266052246094,159.545626525403,156.8070892986453,157.8636269070395,324846400
2016-01-19,158.95391845703125,160.68664217369647,157.38179047029269,160.55986285911416,195244400
2016-01-20,156.9169464111328,158.48062709063498,153.00354022959485,156.39290793131943,286547800
2016-01-21,157.7959442138672,159.63853887965377,156.06322064558205,157.3902375447625,195772900
2016-01-22,161.03326416015625,161.23611115753874,159.64708712355448,160.40778915811794,168319600
2016-01-25,158.5989990234375,160.72052224680877,158.40459968275314,160.52612290612439,130371700
2016-01-26,160.76275634765625,161.04168381774744,158.92016099014072,159.2582478584521,141036800
2016-01-27,159.0131378173828,161.9122707781583,158.10873544829985,160.23871884423306,185681700
2016-01-28,159.84141540527344,160.76271283466735,158.193219798288,160.5598659274592,143798800
2016-01-29,163.73800659179688,163.87324652838623,160.4923254967938,160.61065721701192,210529300
2016-02-01,163.67881774902344,164.4648885160024,162.14895320031806,162.73216408290494,136061600
2016-02-02,160.7289276123047,162.25879173184157,160.20487628226638,162.2503440754742,182564900
2016-02-03,161.69247436523438,162.09818108573836,158.1425115421602,161.7854501654732,205054900
2016-02-04,161.94610595703125,162.9181154950131,160.55992899218302,161.1938516205683,139531800
2016-02-05,158.8610076904297,162.00526495100985,158.22708506365447,161.43051462671764,180788300
2016-02-08,156.72251892089844,157.31417724280985,154.50802081723677,157.0183545304462,191526700
2016-02-09,156.73098754882812,158.0072930610037,154.84612832210112,154.98136821297294,184513100
2016-02-10,156.5958251953125,159.19067557444905,156.46903290883773,157.55938724544134,148214100
2016-02-11,154.5587615966797,155.60685146191437,153.0627008537109,154.11923837613784,219058900
2016-02-12,157.7453155517578,157.76221086969568,155.48855247688485,156.3337826725911,127632400
2016-02-16,160.40774536132812,160.43310122907792,158.5905060542674,159.55406772031768,120250700
2016-02-17,163.0279998779297,163.3999032175602,161.44741068450003,161.57420294874984,136009500
2016-02-18,162.36026000976562,163.35763831536678,162.047528974448,163.2984660129073,102343000
2016-02-19,162.28411865234375,162.43625382293249,160.97400990670332,161.58257638342425,114793000
2016-02-22,164.63392639160156,164.77761396839716,163.79714390618048,163.86476386535287,103640300
2016-02-23,162.55465698242188,164.24511716120486,162.43631238860692,163.97463734194952,111455300
2016-02-24,163.2984161376953,163.57734355583707,160.0189328548697,161.12618197413295,150812200
2016-02-25,165.27627563476562,165.28473618932878,162.9857094586589,163.74641133250677,110728300
2016-02-26,164.89596557617188,166.23987857181805,164.7353697659016,166.14691562607211,129833700
2016-02-29,163.6027374267578,165.85950026450092,163.40833811338493,164.91284667188035,125918100
2016-03-01,167.44854736328125,167.5330755380809,164.35500188513095,164.82832871075618,141799700
2016-03-02,168.20077514648438,168.2514868844862,166.72162260122636,167.13578995688582,102415000
2016-03-03,168.86009216308594,168.87700037868333,167.4485592446589,168.02330960307438,95172200
2016-03-04,169.40943908691406,170.1870620198103,168.22612227109113,169.05444404216718,129293600
2016-03-07,169.54470825195312,169.95042799930107,168.41210297594696,168.4881705921291,100219000
2016-03-08,167.69363403320312,168.97838729951602,167.5330511599525,168.47125701607789,123974900
2016-03-09,168.52198791503906,168.86852246743945,167.71900897155595,168.50507970117934,94801200
2016-03-10,168.65719604492188,169.950409867992,166.83150896538407,169.01220401027405,156838700
2016-03-11,171.37884521484375,171.42110929799443,168.64030802842734,170.11100010344728,137964500
2016-03-14,171.1591033935547,171.61552199450793,170.54208900241045,170.8717282412068,73612000
2016-03-15,170.88018798828125,171.1844713761723,169.93353429137107,170.19555358982376,93169100
2016-03-16,171.86907958984375,172.27479931001204,170.3561234370934,170.39838752009268,129303200
2016-03-17,172.95944213867188,173.466572468125,171.38731361270996,171.7845727975683,134278500
2016-03-18,173.6390838623047,173.97891443318605,173.146320459933,173.46066438618354,138372400
2016-03-21,173.88548278808594,174.11487558474272,173.14634406561157,173.37573686226835,72926700
2016-03-22,173.7920379638672,174.36126141225773,172.9509525979609,173.11236372451606,97471900
2016-03-23,172.6450653076172,173.59660127416686,172.47513705898592,173.4096905716367,81052500
2016-03-24,172.56861877441406,172.60260961481538,171.396194054714,171.6170826624935,84360900
2016-03-28,172.67056274414062,173.19730404944426,172.22028137727668,172.98490668908556,62408200
2016-03-29,174.26776123046875,174.3782119930276,171.9568771891286,172.26272987000317,92922900
2016-03-30,175.03244018554688,175.7545835143622,174.66710994321056,175.27032421900458,86365300
2016-03-31,174.60765075683594,175.36378494996057,174.44622666554395,174.93899016812185,94584100
2016-04-01,175.7970428466797,175.98395355789424,173.29924785472707,173.61360475833655,114423500
2016-04-04,175.22784423828125,175.92451389007496,174.92199148251703,175.7206077316629,63497000
2016-04-05,173.4777069091797,175.23635068476798,173.2228274299572,173.88550629771035,99662200
2016-04-06,175.37225341796875,175.4317309022867,173.29925307744682,173.47767256669442,91839800
2016-04-07,173.2737579345703,174.64159740604313,172.5431105219133,174.28477140875094,113859000
2016-04-08,173.7410888671875,174.88804011609778,173.20584322253472,174.4547410842514,95040600
2016-04-11,173.33326721191406,175.07492841823893,173.23981184092958,174.37825875022577,83757500
2016-04-12,174.9474334716797,175.22779950653467,173.0613441198948,173.50313420182124,115350600
2016-04-13,176.71461486816406,176.79957900310268,175.72908794318658,175.8650253736056,96336400
2016-04-14,176.7230987548828,177.22436638826628,176.37477692900077,176.77408501195208,65212900
2016-04-15,176.52774047851562,176.85907993104766,176.20489225574252,176.72314247264745,75761600
2016-04-18,177.76812744140625,177.80210532039408,175.86504212538503,176.52772095716665,82531000
2016-04-19,178.3288116455078,178.58369106078013,177.51321307308314,178.1928871925741,88316100
2016-04-20,178.4987030029297,179.19535943272425,177.89548894359157,178.37125683978354,81100300
2016-04-21,177.53872680664062,178.62620037826784,177.26685193188004,178.5157495899329,85695000
2016-04-22,177.53872680664062,177.81058871769366,176.6381639704844,177.18190075629803,99251700
2016-04-25,177.23289489746094,177.27537697210172,176.32382776224247,176.93553333868448,66166500
2016-04-26,177.49627685546875,178.00603585603346,177.02050870225366,177.59822347009774,75864200
2016-04-27,177.8615264892578,178.2523303105472,176.75705779814152,177.11388375120296,77329400
2016-04-28,176.24737548828125,178.20992556336302,175.83108484430005,177.10546935681649,97216200
2016-04-29,175.2958221435547,175.9754964101699,174.1913530807685,175.6271615660197,142424100
2016-05-02,176.68911743164062,176.8675239549284,175.3637599752499,175.79704592408345,62188000
2016-05-03,175.1513214111328,175.69505800798973,174.40367872906592,175.45717405709627,106422100
2016-05-04,174.1743621826172,174.8880273111376,173.67310742140722,174.15737972419933,92243800
2016-05-05,174.14039611816406,174.99847702000395,173.71560128213667,174.6416509133861,67619200
2016-05-06,174.7775115966797,174.819993654363,173.2142703980832,173.36719024929846,89315000
2016-05-09,174.9219970703125,175.35528308660804,174.47171563267943,174.65013514745297,74374900
2016-05-10,177.096923828125,177.1139192474971,175.55916894946716,175.62713766324902,77472200
2016-05-11,175.44020080566406,177.17335737593692,175.44020080566406,176.63812490066258,81727000
2016-05-12,175.4912109375,176.28133594015418,174.48019732436455,176.11140766348365,89586300
2016-05-13,173.9619903564453,175.7461339945038,173.63915507082652,175.19390584942934,96474600
2016-05-16,175.67811584472656,176.15388389072794,174.07239220761835,174.131869695222,77486800
2016-05-17,174.0384521484375,175.69514944135705,173.51169772844298,175.40629205976282,114924900
2016-05-18,174.08935546875,175.2702841375371,173.00188214628582,173.6900474402525,120062100
2016-05-19,173.48622131347656,173.77507871211805,172.2798054452882,173.3672792691118,115430500
2016-05-20,174.58213806152344,175.1003881365985,174.04689256787208,174.09786585989488,104990400
2016-05-23,174.3443145751953,174.8795472909322,174.15740379709337,174.59918112377932,58682600
2016-05-24,176.60421752929688,176.91857455273464,175.1344308887631,175.15991754421606,93537800
2016-05-25,177.80210876464844,178.21841233163534,176.60418432871938,177.28385859501512,76621400
2016-05-26,177.85302734375,178.16738421136841,177.53868343983595,177.93799146228565,55280700
2016-05-27,178.61770629882812,178.62619752713854,177.96351873512137,178.01449203239846,64211200
2016-05-31,178.27781677246094,178.99997286768894,177.71708471948654,178.88952210957774,109879400
2016-06-01,178.6431884765625,178.82159501256743,177.47075081370213,177.66615276960985,69936200
2016-06-02,179.1868896484375,179.2038721012601,177.76807701548483,178.24384496860614,63044700
2016-06-03,178.6516876220703,179.00002244512663,177.4452720296459,178.6262009729401,101757100
2016-06-06,179.56072998046875,179.9175559829688,178.84706501176282,179.00848907654503,64887000
2016-06-07,179.841064453125,180.40179652627143,179.6881445951966,179.71363123818466,60974800
2016-06-08,180.42735290527344,180.5547991331768,179.84963815598184,179.97707142017572,66170900
2016-06-09,180.1809844970703,180.29992653610302,179.4248501852817,179.69671214719506,73786900
2016-06-10,178.47325134277344,179.1444212642248,177.92950168203606,178.8045906899694,113829200
2016-06-13,177.096923828125,178.72813406776956,177.01197265867765,177.8700533632236,117751200
2016-06-14,176.74856567382812,177.34328859989924,175.79702973404218,176.71458780328072,125059300
2016-06-15,176.50218200683594,177.87002133660437,176.31527131851695,176.74855720669046,109124500
2016-06-16,177.02899169921875,177.19892000064414,174.66713350295012,176.5022502631861,149533100
2016-06-17,176.36965942382812,176.95037835738,175.71206989991128,176.9247591709658,117055700
2016-06-20,177.5054931640625,179.00854191906885,177.4200871876243,178.3338816172478,82789600
2016-06-21,178.00938415527344,178.41930424189601,177.44573589171452,177.889823587045,72461700
2016-06-22,177.71902465820312,178.91463034063102,177.57383186786404,178.188718513434,95560500
2016-06-23,180.03329467773438,180.08453303583573,178.7181290390316,179.17928729306234,102731400
2016-06-24,173.56854248046875,180.06754207953452,173.1244547948989,173.90160498686507,333444400
2016-06-27,170.45993041992188,172.1679457025619,169.64861273576992,172.15939728623033,230775800
2016-06-28,173.5343475341797,173.55996672054923,171.75801010286608,172.06545337042272,159382400
2016-06-29,176.48924255371094,176.71981526094208,174.83246545427784,174.93494221304724,137328600
2016-06-30,178.8975830078125,178.94882140020178,176.40388133955875,176.9589943297395,165021900
2016-07-01,179.27330017089844,179.76009082936653,178.73527113388084,178.89753468670352,106055300
2016-07-05,177.9837188720703,178.55590237406622,177.38591618574034,178.4448772212045,109803700
2016-07-06,179.05128479003906,179.1708453650106,176.8308592192818,177.48844889718785,96021500
2016-07-07,178.9402313232422,179.89671577185584,178.1716296100524,179.23059081212514,85593800
2016-07-08,181.60472106933594,181.85239058459535,180.0077309381104,180.23831665170167,133971000
2016-07-11,182.2452392578125,182.8174358882521,181.86093839631639,182.06590493697192,73633900
2016-07-12,183.56895446777344,183.86786237841264,182.27085910120599,183.21027279368047,101275600
2016-07-13,183.5433349609375,183.99595800349357,183.0565573437704,183.9874226176217,87324100
2016-07-14,184.5680694580078,185.03777611982736,184.17523336348117,184.8071904801853,91230900
2016-07-15,184.3204803466797,185.32820316074802,183.87639270145345,185.1317850417746,107155400
2016-07-18,184.8158416748047,184.9781052510467,184.1838711755267,184.44007613637592,58725900
2016-07-19,184.62789916992188,184.6620537391259,184.14965701433712,184.39731347665014,54345700
2016-07-20,185.39654541015625,185.63566654552127,184.62794362235798,184.62794362235798,58159500
2016-07-21,184.6962432861328,185.5075479701267,184.252155646983,185.28551066611325,67777300
2016-07-22,185.524658203125,185.57589658587986,184.55108983740817,184.81583016905816,62787500
2016-07-25,185.02076721191406,185.37091350436867,184.4400482176101,185.31967512617993,55873100
2016-07-26,185.10617065429688,185.46485232781606,184.2606983324223,184.9182879161025,70080500
2016-07-27,184.9097137451172,185.5502193915808,184.1410991506884,185.48189722555685,84083900
2016-07-28,185.12326049804688,185.41362000068634,184.25216895900456,184.71332740254232,65035700
2016-07-29,185.422119140625,185.78080075573368,184.57665998755502,184.85848404895214,79519400
2016-08-01,185.26844787597656,185.87478609579406,184.81582479995802,185.48194981866922,73311400
2016-08-02,184.08132934570312,185.17445796327624,183.24440559843146,185.02072982864698,92295500
2016-08-03,184.61936950683594,184.67915629791753,183.72267188959395,184.0215667516337,53993600
2016-08-04,184.8158416748047,185.13182040888088,182.97118159404107,184.73043567747973,46585500
2016-08-05,186.32737731933594,186.37008030679934,184.81579320588517,184.81579320588517,71892200
2016-08-08,186.2163848876953,186.61776955629065,185.95164458098853,186.51527976931246,39906500
2016-08-09,186.32737731933594,186.82270330544242,186.00286328308303,186.28468736299476,51251700
2016-08-10,185.86619567871094,186.5152367011262,185.5160494688951,186.43837915198242,57941100
2016-08-11,186.72879028320312,186.97645982940347,186.13098746136046,186.39572778023904,72504300
2016-08-12,186.56649780273438,186.77999969331964,186.16511320594435,186.4213050497497,61313500
2016-08-15,187.10452270507812,187.45466894994817,186.92518840578887,186.93372379061915,49813500
2016-08-16,186.13951110839844,186.75438462109534,186.13951110839844,186.68607547722425,53213600
2016-08-17,186.48968505859375,186.62632943841794,185.33678231053105,186.17370633248493,75134300
2016-08-18,186.9081268310547,186.94228140555919,186.35302703527333,186.46403917575554,52989300
2016-08-19,186.6348876953125,186.81423509469926,185.95169177472482,186.43846951969988,75443000
2016-08-22,186.62631225585938,186.85689799669217,186.02850943807448,186.3957265150266,61368800
2016-08-23,187.00205993652344,187.5400889368396,186.94227314487813,187.24118104085886,53399200
2016-08-24,186.0455780029297,186.95082405730236,185.62710954919459,186.85688269140766,71728900
2016-08-25,185.91746520996094,186.33593365509222,185.50754518135895,185.66126030541366,69224800
2016-08-26,185.5673370361328,187.13017277202832,184.6791747157033,186.10536608503304,122506300
2016-08-29,186.4811248779297,186.7458651841872,185.66127173911343,185.69543934508937,70502200
2016-08-30,186.17372131347656,186.67758284460695,185.6186213935704,186.39575867521376,58114500
2016-08-31,185.64419555664062,185.96017423152927,184.86704543238258,185.8406136763452,85269500
2016-09-01,185.65267944335938,185.94303884953052,184.49122878755523,185.63559564560825,97844200
2016-09-02,186.48968505859375,186.91668897220035,185.91750137809592,186.5067688638531,79293900
2016-09-06,187.0532684326172,187.13012598292184,186.0540811852944,186.7714443837127,56702100
2016-09-07,187.03622436523438,187.21557171849793,186.42988618697717,186.89104461788935,76554900
2016-09-08,186.60922241210938,186.97645250829927,186.30177911132483,186.70316378265807,74102900
2016-09-09,182.1427459716797,185.3452745786899,182.1171267853134,185.2940362059573,221589100
2016-09-12,184.7559814453125,185.15736601719664,181.3143322251216,181.38265438960406,168110900
2016-09-13,182.1000518798828,183.7397450430388,181.47662992931066,183.4750047502392,182828800
2016-09-14,182.03175354003906,183.35546820850354,181.4766536941304,182.1513141082867,134185500
2016-09-15,183.85073852539062,184.23503930455087,181.69010053449708,181.8694478480362,134427900
2016-09-16,183.14007568359375,183.41474488225282,182.45342888084258,183.23449158351426,155236400
2016-09-19,183.17440795898438,184.43614170473515,182.84824157392163,183.79240053228875,80250500
2016-09-20,183.1829833984375,184.18721803903782,183.14865629913766,184.03272644676736,69665300
2016-09-21,185.24298095703125,185.4232211655108,183.2001712812714,183.88683120645484,110284400
2016-09-22,186.41033935546875,186.71075725183655,186.00694012161992,186.25584770381846,76678700
2016-09-23,185.3888702392578,186.15277586990874,185.29445434796625,186.01544128313066,73630900
2016-09-26,183.88682556152344,184.73655556931107,183.68940216236516,184.55631536636452,89827300
2016-09-27,185.0283660888672,185.12276887776125,183.3546287401567,183.72371378369493,78494800
2016-09-28,185.94676208496094,186.10126675943127,184.29020794020332,185.25152379220998,87411000
2016-09-29,184.26443481445312,186.1441608060477,183.71510963353947,185.74074869383583,128070600
2016-09-30,185.65496826171875,186.35878517681044,184.84814384672578,185.09705135284455,117202900
2016-10-03,185.20860290527344,185.43176176914656,184.57344031232466,185.2429430978361,83512100
2016-10-04,184.26443481445312,185.54333843582108,183.67220404040896,185.32017958314992,119948100
2016-10-05,185.07989501953125,185.50905582931773,184.8223959142697,184.89106321546933,72816000
2016-10-06,185.20860290527344,185.43176176914656,184.31595435283492,184.8566879647094,62927400
2016-10-07,184.57350158691406,185.65499536358874,183.84393596458239,185.4833336346254,89788300
2016-10-10,185.53482055664062,185.99830850883853,185.38890744026443,185.53482055664062,51855000
2016-10-11,183.19155883789062,185.17429258419546,182.4619933916699,185.10562528979577,130367400
2016-10-12,183.43190002441406,183.95547668183588,182.83106447557643,183.328892534842,73866100
2016-10-13,182.83106994628906,183.32889802045077,181.28610162289814,182.10150448178726,101357000
2016-10-14,182.92552185058594,184.2730932454428,182.84827603859992,183.80959217962635,93346200
2016-10-17,182.2904052734375,183.15730565832382,182.1101519157727,182.89980647463946,58275700
2016-10-18,183.43190002441406,183.9468850844857,183.0542364555266,183.88680938777023,76869700
2016-10-19,183.92117309570312,184.23016943203046,183.33752062539025,183.6980141682805,66519200
2016-10-20,183.57781982421875,184.13572360059572,182.91690855450392,183.56922822655446,73639800
2016-10-21,183.66366577148438,183.74950317655933,182.61651229492608,183.57784146335862,89089100
2016-10-24,184.4447784423828,184.8138636415338,184.0928633470637,184.53919436803056,60146600
2016-10-25,183.8267059326172,184.5219442212793,183.6636227593367,184.2644451633073,66542300
2016-10-26,183.45765686035156,184.0413092406965,182.7624053880732,183.00274747656863,75705500
2016-10-27,182.96844482421875,184.21300873517526,182.89119901043085,184.1786816280308,77220200
2016-10-28,182.42767333984375,183.62073988076526,181.71527791279635,182.9426715562345,140623200
2016-10-31,182.43626403808594,182.9855893542831,182.27318083380186,182.76241734970546,61272500
2016-11-01,181.11447143554688,182.8139579649102,179.90424769711947,182.7624476574243,122781800
2016-11-02,180.0244140625,181.1917322020581,179.5866615745714,180.80547692519144,103330800
2016-11-03,179.20040893554688,180.4535644183679,178.92575279359647,180.23898398683315,88939300
2016-11-04,179.0029754638672,180.15312328493232,178.85706236092147,179.31197176920767,109122100
2016-11-07,182.95126342773438,182.98560362970932,179.00299150234346,179.00299150234346,109794900
2016-11-08,183.77523803710938,184.34173343556697,182.29034533837805,182.55642293848587,106772100
2016-11-09,185.72364807128906,186.34164072452515,182.25602117291444,182.28176977538683,258429000
2016-11-10,186.18714904785156,187.3802157347475,184.72800471881305,186.51331549793616,172113300
2016-11-11,185.7579803466797,185.99830937441178,184.81383433686068,185.46615411256926,100552700
2016-11-14,185.90391540527344,186.4875810393319,185.15717963075357,186.28157909255515,94580000
2016-11-15,187.35443115234375,187.35443115234375,186.08411889656378,186.2901076912078,91652600
2016-11-16,187.0025177001953,187.23426819301946,186.6162756101203,186.73644010696472,65617700
2016-11-17,187.96388244628906,188.02395815763933,187.0454718984963,187.15705791565438,69797200
2016-11-18,187.5432586669922,188.20416992760926,187.36300537884298,188.03250823700608,86265800
2016-11-21,188.95945739746094,188.985205992581,187.97239299267036,188.11830606399923,72402600
2016-11-22,189.32858276367188,189.508822967917,188.5990041546267,189.2684939642912,67429000
2016-11-23,189.43161010742188,189.4831073175899,188.61620705354298,188.81361739150404,56620200
2016-11-25,190.13539123535156,190.1697183342997,189.69763886784216,189.77489776013326,37872300
2016-11-28,189.24276733398438,190.1010890457094,189.13977291960137,189.82643290837134,76572500
2016-11-29,189.61181640625,190.06672577916044,188.976653745513,189.2770715262414,69886700
2016-11-30,189.15689086914062,190.39287588876715,189.0968020793508,190.22979271299056,113291800
2016-12-01,188.46168518066406,189.45732831036057,188.10117857343675,189.45732831036057,79040500
2016-12-02,188.5560760498047,189.0453256308212,188.19558256234671,188.54749754901323,74840300
2016-12-05,189.6890869140625,190.0324103393807,189.19125877948673,189.38866909419724,67837800
2016-12-06,190.28990173339844,190.32424193270595,189.39725300563228,189.87791102034856,59877400
2016-12-07,192.77908325195312,192.83915896807855,190.0152859833492,190.1354505125515,110738100
2016-12-08,193.25108337402344,193.72316282546717,192.48717775148606,192.75326842189756,99714400
2016-12-09,194.41844177246094,194.43561187344972,193.43995556729564,193.47429576927317,88005800
2016-12-12,194.1952667236328,194.80468083711352,193.77468441450114,194.32400972798507,102016100
2016-12-13,195.4913330078125,195.98916113318353,194.83901327298958,194.85618337302276,110477500
2016-12-14,193.87765502929688,195.8947025964433,193.43990270388534,195.19088581163928,142501800
2016-12-15,194.67588806152344,195.53420952070528,193.88623389070966,194.11798435183368,124972600
2016-12-16,194.2952117919922,195.19313521240463,193.97576510784415,195.13269223208167,156420200
2016-12-19,194.71827697753906,195.1413383257183,194.32975823998248,194.476531399764,90341100
2016-12-20,195.46939086914062,195.61617718563676,195.02044237752733,195.25354568789194,89838800
2016-12-21,194.9254608154297,195.51255335726185,194.9254608154297,195.339879855202,67909000
2016-12-22,194.58877563476562,194.8995932604574,194.19161465643603,194.77872047125206,56219100
2016-12-23,194.8736572265625,194.88228629058872,194.441966890667,194.63189851824896,36697800
2016-12-27,195.35716247558594,195.75431023591776,195.1240459885206,195.14131729197032,42672500
2016-12-28,193.74256896972656,195.63337427537977,193.63033846891236,195.6161161516485,64095000
2016-12-29,193.699462890625,194.16568266616719,193.25913030768334,193.8116934218026,48696100
2016-12-30,192.99142456054688,194.11382174330495,192.30071758853117,194.02747843150058,108998300
2017-01-03,194.4678497314453,194.97724112010118,193.29365159666258,194.2951630733348,91366500
2017-01-04,195.624755859375,195.77152896391962,194.78727571792442,194.79590478025963,78744400
2017-01-05,195.46939086914062,195.62480625019472,194.67508218304283,195.35716033330948,78379000
2017-01-06,196.16871643066406,196.6349361687553,195.03767675239263,195.58161075861804,71559900
2017-01-09,195.5211639404297,196.04782659963823,195.48662134112396,195.90968255069856,46939700
2017-01-10,195.5211639404297,196.3759022481929,195.13263215601918,195.53842206594092,63771900
2017-01-11,196.07371520996094,196.07371520996094,194.77000223421376,195.4348089025154,74650000
2017-01-12,195.58157348632812,195.77151824042647,194.22607302205208,195.5556731266002,72113200
2017-01-13,196.03054809570312,196.33272337074413,195.71973058408247,195.75426000797762,62717900
2017-01-17,195.3398895263672,195.79748025784545,194.9513708339613,195.39169026213537,61240800
2017-01-18,195.77157592773438,195.8147475980489,195.03769705481952,195.59026018207095,54793300
2017-01-19,195.0463104248047,195.98739209731042,194.61462013384144,195.84924804240805,66608800
2017-01-20,195.76292419433594,196.25504429133156,195.09811743607892,195.72838159242662,129168600
2017-01-23,195.2535400390625,195.8233744628679,194.49377398146592,195.7629446644216,75061600
2017-01-24,196.5054168701172,196.91983584202634,195.35711916695035,195.46934967913188,95555300
2017-01-25,198.20631408691406,198.20631408691406,197.29111947648914,197.45516391773648,84437700
2017-01-26,197.9991455078125,198.32723446906888,197.72285729324986,198.0595753209061,59970700
2017-01-27,197.68826293945312,198.22355471171284,197.50694721141585,198.07678158622687,59711100
2017-01-30,196.46224975585938,197.02344185218226,195.47799644095304,196.99754148922224,79737300
2017-01-31,196.4449920654297,196.50543503261844,195.4003088892889,195.97013008802804,75880800
2017-02-01,196.52268981933594,197.36017006320674,195.9355973293586,196.4449887263935,79117700
2017-02-02,196.65219116210938,196.93710832392662,195.8319822761067,196.52267617538791,69657600
2017-02-03,198.00772094726562,198.18903668573455,197.24795491128205,197.55877248141195,80563200
2017-02-06,197.65371704101562,197.99907719005563,197.3169991295408,197.6019163121953,57790100
2017-02-07,197.66232299804688,198.28395797807633,197.47237824447453,198.04221250519157,57931200
2017-02-08,197.92135620117188,198.05085801020482,197.11840546274374,197.6623394089647,51566200
2017-02-09,199.09559631347656,199.39777165645472,197.9213980249341,197.9213980249341,65955200
2017-02-10,199.8812255859375,200.1057129594876,199.1128174264858,199.44090624989494,66015900
2017-02-13,200.96908569335938,201.22810248207932,200.3474506700879,200.37335103154578,55182100
2017-02-14,201.77203369140625,201.78067592843365,200.44243342922505,200.7877803826342,71109000
2017-02-15,202.82534790039062,203.01529266658943,201.50437677355242,201.55617749630827,86785800
2017-02-16,202.6527557373047,203.03264542211375,201.90161860770715,202.85132964558346,84722400
2017-02-17,202.97213745117188,202.97213745117188,201.97061281627794,201.9878841166429,77204100
2017-02-21,204.18087768554688,204.3535511663621,203.33475523351058,203.3433974707437,88946100
2017-02-22,203.9995574951172,204.22403169784153,203.61103887826502,203.77508329239282,62115200
2017-02-23,204.13771057128906,204.53485826860089,203.37793142979874,204.5176001420342,74615900
2017-02-24,204.396728515625,204.4398870064227,203.24843073375635,203.29160239869657,82381600
2017-02-27,204.71621704101562,204.8888905619911,204.06005239165071,204.3104270209434,56515400
2017-02-28,204.16360473632812,204.57802372176616,203.77508611409613,204.33627821574882,96961900
2017-03-01,207.02137756347656,207.48761041623703,205.80400788299661,205.82127918195025,149158200
2017-03-02,205.71768188476562,206.84007920484513,205.66588116100127,206.8314369681235,70246000
2017-03-03,205.84718322753906,206.0112276351819,205.25144855731665,205.63133809624927,81974300
2017-03-06,205.23416137695312,205.58813732980815,204.62978455559102,205.0528456957166,55391500
2017-03-07,204.62118530273438,205.28599199859568,204.41396923315463,204.9320028200333,65103700
2017-03-08,204.2413330078125,205.1737857297519,204.10318893623398,204.91476888907812,78168800
2017-03-09,204.50033569335938,204.82842454711275,203.5333536075299,204.3621916313429,90683900
2017-03-10,205.21693420410156,205.50185137922537,204.2672102870221,205.45867971496864,81991700
2017-03-13,205.32052612304688,205.36369778529854,204.82840606097443,205.1564817109755,57256800
2017-03-14,204.5348663330078,204.8284257600669,203.9218734621619,204.77661185589673,59880800
2017-03-15,206.30479431152344,206.72785555349793,204.87157933583111,205.1046957895022,96081800
2017-03-16,205.89901733398438,206.52065246681713,205.57094163964848,206.4429513687489,78344000
2017-03-17,205.53741455078125,206.35252518012385,205.53741455078125,206.1617540442583,89002100
2017-03-20,205.31201171875,205.82361932466796,204.92180275205763,205.53746255403775,52537000
2017-03-21,202.67584228515625,206.04033666785944,202.54577708230124,205.91893806804308,131809300
2017-03-22,203.15286254882812,203.43901935681185,202.08628770558772,202.7106274263775,97569200
2017-03-23,202.93600463867188,204.07195161988832,202.56314220179587,203.15278881772713,100410300
2017-03-24,202.78860473632812,203.81181976966536,202.00818693908641,203.23951955970136,112504900
2017-03-27,202.5804901123047,202.84063379234286,200.8375499495262,201.1150268384983,87454500
2017-03-28,204.05462646484375,204.47951500442747,202.16426146852515,202.27699348014863,93483900
2017-03-29,204.245361328125,204.47949192913052,203.54298275656367,203.76844675436723,61950400
2017-03-30,204.89573669433594,205.09518767334725,204.01126673659485,204.18469144018388,56737900
2017-03-31,204.4188232421875,205.0865090164155,204.36678392250064,204.55755506698202,73733100
2017-04-03,204.06324768066406,204.67024062467212,202.83191535668945,204.47080292123815,85546500
2017-04-04,204.19337463378906,204.2800936083573,203.39561034730073,203.7771526650686,56466200
2017-04-05,203.58636474609375,205.84959218884566,203.37824716313773,204.86972342901407,108800600
2017-04-06,204.15866088867188,204.67893495482306,203.28284437874893,203.72509255115142,69135800
2017-04-07,203.95057678222656,204.64428888235662,203.46498228157287,203.90721729507013,74412300
2017-04-10,204.0719451904297,204.869709356444,203.5429912809418,204.08929162901535,67615300
2017-04-11,203.82916259765625,203.93321477372265,202.33768632723948,203.69041754192986,88045300
2017-04-12,202.93600463867188,203.7424486651146,202.7105538557787,203.55167752902952,81864400
2017-04-13,201.61793518066406,203.33487525261768,201.61793518066406,202.59780381684874,92880400
2017-04-17,203.4042510986328,203.4042510986328,201.9387880376458,202.13822576308058,68405400
2017-04-18,202.79722595214844,203.33485962442262,202.11219388179552,202.6671607588707,83225800
2017-04-19,202.42442321777344,203.73379506455018,202.1989591743911,203.3609325796608,68699900
2017-04-20,204.0719451904297,204.51419336990097,202.71921407277694,203.0400504136045,92572200
2017-04-21,203.42161560058594,204.04595514547796,203.02274008835104,203.99392905531317,110389800
2017-04-24,205.6588592529297,205.86697687454975,203.39563138971576,205.66752585869997,119209900
2017-04-25,206.85548400878906,207.2023334323872,206.2137980205294,206.3005169921576,76698300
2017-04-26,206.7253875732422,207.70525629530476,206.68204132265512,206.82077314115497,84702500
2017-04-27,206.8988494873047,207.2023394338791,206.36121566426073,207.04626115817643,57410300
2017-04-28,206.44789123535156,207.1849494347533,206.31781280148894,207.15893639427176,63532800
2017-05-01,206.96820068359375,207.3931024699073,206.55197873322894,206.96820068359375,66882500
2017-05-02,207.04623413085938,207.22832542874272,206.6386788222267,207.10692681966847,57375700
2017-05-03,206.79481506347656,207.14167778056154,206.11844930448552,207.04629218729562,73137700
2017-05-04,207.0375518798828,207.1762969261933,206.1877616262789,207.0982577994396,61462700
2017-05-05,207.85269165039062,207.8700380914772,206.9682083953838,207.41045663861607,62001300
2017-05-08,207.8180389404297,208.04348977795078,207.3931370832013,207.89607808824937,48385700
2017-05-09,207.62722778320312,208.27758035273882,207.2803651405766,208.07814260288913,51363200
2017-05-10,208.00009155273438,208.00009155273438,207.3757520235191,207.58386961040986,54293800
2017-05-11,207.57521057128906,207.73996867965013,206.49128957571077,207.54919752591178,62358300
2017-05-12,207.2283172607422,207.61852611513942,206.9595070106342,207.323702823502,53912700
2017-05-15,208.37294006347656,208.4943386654643,207.6358686169011,207.6532150547437,61918900
2017-05-16,208.1821746826172,208.6937821457131,207.79196582485682,208.66776910395944,51241800
2017-05-17,204.48825073242188,208.1822495356487,204.42754479219914,208.1822495356487,172174100
2017-05-18,205.31201171875,206.16180219332924,204.15003819306568,204.41018191468035,107047700
2017-05-19,206.64736938476562,207.31506842781548,205.74555293157917,205.79757902272064,115011400
2017-05-22,207.69659423828125,207.8613523347789,207.08960117075563,207.15896046579584,61010600
2017-05-23,208.1561737060547,208.32093180101464,207.68791246443632,208.06945474087902,48341700
2017-05-24,208.64173889160156,208.745791050053,208.05207912031636,208.3902750981925,46927700
2017-05-25,209.6389617919922,209.9164518843952,208.94526302389642,209.1533673617428,64071700
2017-05-26,209.59559631347656,209.76034115533866,209.37013232622007,209.44817144575288,46629900
2017-05-30,209.41351318359375,209.66497700491354,209.11868988095512,209.2747681359558,35201900
2017-05-31,209.36146545410156,209.7430076799328,208.6677535190861,209.70831480588197,91796000
2017-06-01,211.02633666992188,211.04368310452324,209.53486084907024,209.82101747845545,68962000
2017-06-02,211.7288055419922,211.88489705716796,210.78362954003703,211.0784528969198,88666100
2017-06-05,211.5726776123047,211.84148785882437,211.373226654634,211.55533117436477,44698800
2017-06-06,210.89633178710938,211.5640175484556,210.81827942481334,211.00905056561416,50375400
2017-06-07,211.28652954101562,211.5119803176038,210.56680449890564,211.23450345653035,54144300
2017-06-08,211.3905487060547,211.86747645846782,210.86159487727897,211.3818821038122,65950700
2017-06-09,211.06976318359375,212.4571740689785,209.80373768461638,211.65940983280444,132256400
2017-06-12,211.02633666992188,211.0783627422732,210.17654661479338,210.82689898209077,86108100
2017-06-13,212.0583038330078,212.11032992317647,211.21718009139528,211.5640295134911,60067000
2017-06-14,211.78948974609375,212.33577691451995,210.9656992283469,212.32711031013312,78602300
2017-06-15,211.38194274902344,211.50334137251647,210.15927667790672,210.43675357526607,66464900
2017-06-16,211.4281005859375,211.59366213965603,210.54802631656844,211.5413823428988,84553100
2017-06-19,213.1883087158203,213.24929739328755,212.16009040438058,212.25594115124375,65123800
2017-06-20,211.75050354003906,212.83971030275762,211.73308580494188,212.83100143520903,56906400
2017-06-21,211.69822692871094,212.25590026777624,211.22769545036692,212.14263180401596,55977600
2017-06-22,211.60235595703125,212.2036001689382,211.42808554824168,211.70692883908893,44148100
2017-06-23,211.85513305664062,212.18624295974135,211.28002854117184,211.66343155148436,66986800
2017-06-26,211.99440002441406,212.94419804666975,211.78528091901703,212.52593324392433,56700500
2017-06-27,210.28662109375,212.0729228867936,210.26919006225233,211.7766485352585,82247700
2017-06-28,212.1687469482422,212.3691572493409,211.07081813357178,211.30609049328396,70042600
2017-06-29,210.3040313720703,212.36916298537918,209.09283407414108,212.31688319202655,106949700
2017-06-30,210.6961669921875,211.48911273716445,210.50446553085283,211.11441868238066,86820700
2017-07-03,211.05345153808594,212.07294761588778,211.05345153808594,211.6372648495118,39153800
2017-07-05,211.54135131835938,211.75047047471907,210.60898409299267,211.41936071182323,54427600
2017-07-06,209.60696411132812,210.89658126955553,209.42397151445326,210.7745906369662,65400800
2017-07-07,210.96624755859375,211.11437806003448,209.61562872124975,210.18202412838315,57972300
2017-07-10,211.19284057617188,211.56753463484975,210.66130711803464,210.96629034495894,36663300
2017-07-11,211.03598022460938,211.34967228836572,209.86835382461976,211.1928196084974,50354600
2017-07-12,212.62188720703125,212.78744877653742,212.00322515843493,212.00322515843493,59610400
2017-07-13,212.9791259765625,213.09240773141693,212.4040216309671,212.63058514067592,39471600
2017-07-14,213.9724578857422,214.32972084467653,212.88325127629287,212.97910198976356,60262700
2017-07-17,213.94638061523438,214.27750377614365,213.77211016590743,213.8941008100346,33531900
2017-07-18,214.05960083007812,214.111880620243,213.19694440442012,213.536776336471,42742500
2017-07-19,215.218505859375,215.2272147252408,214.364558349304,214.3732805111482,51034300
2017-07-20,215.31439208984375,215.5932220993125,214.76542764222825,215.47123147717355,47135200
2017-07-21,215.1226806640625,215.14882056073847,214.51271428567716,214.739277784842,82340800
2017-07-24,215.07044982910156,215.2098582111147,214.59990498986028,215.0442966304921,46622300
2017-07-25,215.5932159423828,215.92433903415252,215.36666573516052,215.8197661496051,54915600
2017-07-26,215.60194396972656,215.91563605928576,215.3405449750784,215.88078729199316,47575400
2017-07-27,215.4015655517578,216.09866066471164,214.07708616674392,216.06381189225647,70766600
2017-07-28,215.1488037109375,215.27950318408122,214.46913985863216,214.9222402295164,50088400
2017-07-31,215.02685546875,215.6455174914915,214.81772297453762,215.54966676030853,65838700
2017-08-01,215.50607299804688,215.662912370428,214.98324849815106,215.62806360855865,55050400
2017-08-02,215.61062622070312,215.75004785602735,214.67825899244878,215.63676611532904,47211200
2017-08-03,215.1924285888672,215.523538435843,214.91358524827461,215.49739853466022,40856000
2017-08-04,215.5845184326172,215.91562824584997,215.2011155263657,215.68036915918003,60191800
2017-08-07,215.9853057861328,215.9853057861328,215.54962314999122,215.65419602393084,31995000
2017-08-08,215.45376586914062,216.8915265021588,215.0790851955525,215.67160718056957,61719400
2017-08-09,215.44508361816406,215.4973634120088,214.4081567203093,214.76541970622196,62632600
2017-08-10,212.40403747558594,214.73930379736694,212.3517576759011,214.60859100217328,120479500
2017-08-11,212.7177276611328,213.31026307620152,212.3953267019813,212.6305990944337,74869900
2017-08-14,214.82643127441406,215.04427263598282,213.96378799202998,213.9986367596491,73291900
2017-08-15,214.80027770996094,215.22725153802665,214.49530780075457,215.20982050733522,55242700
2017-08-16,215.17495727539062,215.72392168942733,214.74798347603098,215.32308778635706,56715500
2017-08-17,211.82025146484375,214.8787530996264,211.82025146484375,214.56506096518672,128490400
2017-08-18,211.4890899658203,212.77870696105012,211.04468512785718,211.65463821371043,136748000
2017-08-21,211.6545867919922,211.91599899269895,210.72223300784287,211.42803664256732,65469700
2017-08-22,213.86793518066406,214.02477457739676,212.22105503506384,212.2384860666946,63140100
2017-08-23,213.10113525390625,213.52810911682874,212.75259438750788,212.90072492052627,50203800
2017-08-24,212.6044158935547,213.64132939076856,212.39528344330432,213.48449002506484,50741700
2017-08-25,213.10113525390625,214.01607164817918,212.95300472088786,213.39739631994303,64445900
2017-08-28,213.10983276367188,213.65878389994307,212.691567817204,213.63264400278635,40565600
2017-08-29,213.35385131835938,213.6152503356472,211.68081783182186,211.79409960330165,51135700
2017-08-30,214.36460876464844,214.6347432217607,213.15341132552646,213.33640391957263,62030800
2017-08-31,215.6542205810547,215.8982018213985,214.3994523187264,214.98326552211907,103803900
2017-09-01,215.9591522216797,216.38612596462394,215.81102173028552,216.02886303456722,62007000
2017-09-05,214.40818786621094,215.68038731715265,213.44097165164035,215.45382378294025,91398800
2017-09-06,215.1400909423828,215.47121401677666,214.55627777688488,215.0878111508426,57916900
2017-09-07,215.11398315429688,215.4625373098888,214.7044403314648,215.44510627811383,58034700
2017-09-08,214.861328125,215.32315082261835,214.61734682421988,214.82646605575502,63832800
2017-09-11,217.1530303955078,217.2314501096884,216.11610318806177,216.13352092722363,71364800
2017-09-12,217.88490295410156,217.91975171699505,217.33593854267625,217.51893111181127,56896000
2017-09-13,217.989501953125,218.02436401830158,217.48410837592183,217.5973901437725,59228000
2017-09-14,217.9197998046875,218.12022344748598,217.4928392091226,217.66710965400515,95446300
2017-09-15,218.21310424804688,218.3006651951571,217.67018094528746,217.77525942660515,95432400
2017-09-18,218.67723083496094,219.02750136678264,218.2919252327785,218.58090443441534,46235200
2017-09-19,218.89613342285156,218.98370772885372,218.57213254217723,218.9224030422596,47108100
2017-09-20,218.97494506835938,219.08878899521864,217.97665943225823,218.983710516249,59574100
2017-09-21,218.3883056640625,218.90495950301064,218.21317035482198,218.81739852937417,48211400
2017-09-22,218.4320068359375,218.59838999090016,218.06421882273906,218.09048844068448,51214000
2017-09-25,217.9854736328125,218.52841044011214,217.24114525807704,218.17812647379512,57064400
2017-09-26,218.11680603027344,218.65972940317045,217.88036605480062,218.414537340445,54082000
2017-09-27,218.96621704101562,219.35152265552344,217.9328962237479,218.8173513921312,81001400
2017-09-28,219.22894287109375,219.30775174481863,218.59844515736341,218.6860061186247,44778800
2017-09-29,219.9995574951172,220.07837973679105,219.0363066763297,219.22019406231306,85578000
2017-10-02,220.95407104492188,220.95407104492188,220.0520981995578,220.22724686046223,59023000
2017-10-03,221.42691040039062,221.45318002389556,220.87522158285677,220.95404381533672,66810200
2017-10-04,221.6896514892578,221.93484358477772,221.1642322205911,221.27807617992787,55953600
2017-10-05,223.00318908691406,223.0206932639793,221.72467597689038,222.02240733060574,63522800
2017-10-06,222.7492218017578,223.0382010543097,222.29387270255486,222.55656896672323,80646000
2017-10-09,222.3813934326172,223.038160698137,222.1186838540164,222.9768693682432,35803100
2017-10-10,222.96812438964844,223.3446779380046,222.4076834727646,222.95062021490847,43057400
2017-10-11,223.3184051513672,223.3184051513672,222.70542499501343,222.87179482447962,47674300
2017-10-12,222.9856719970703,223.3534601456891,222.74923198654133,223.00318953613802,47065100
2017-10-13,223.25709533691406,223.53732246594643,222.98563365689205,223.42347852453142,54800400
2017-10-16,223.5548553466797,223.74750818213673,223.14329341125787,223.4848119173923,38221700
2017-10-17,223.71250915527344,223.75629632449372,223.28341627606332,223.5023387601968,31561000
2017-10-18,223.93136596679688,224.1327708517824,223.7387131683015,224.0889836954036,40888300
2017-10-19,223.99269104003906,224.0277261152057,222.73170893532952,223.15203630356604,61903800
2017-10-20,225.1486053466797,225.17490169725397,223.9751975121371,224.78959602390063,89176400
2017-10-23,224.27293395996094,225.49892123463263,224.1941250735496,225.47265160582884,63915300
2017-10-24,224.66693115234375,224.90335773374272,224.3078951942681,224.70196622052663,66935900
2017-10-25,223.5548553466797,224.44806273271078,222.42522132237863,224.3342187766771,103715300
2017-10-26,223.84381103515625,224.43927365517973,223.72121500385936,224.16782533084222,69798000
2017-10-27,225.67404174804688,225.83168624380127,223.85261847340186,224.58819479915863,85562500
2017-10-30,224.83331298828125,225.57765452017483,224.53558172030918,224.58812096030857,54285700
2017-10-31,225.18360900878906,225.43756651350975,224.88587770708503,225.209878631765,60304800
2017-11-01,225.4813232421875,226.30447366503012,225.11354854836372,225.96296859219376,54202700
2017-11-02,225.5689239501953,225.7090375198339,224.34296362077094,225.41130620582592,56449500
2017-11-03,226.32203674316406,226.36581054305816,225.31497210628373,225.72654737622838,59589700
2017-11-06,226.6723175048828,226.80366563440188,226.12062863696988,226.1906720647358,49652600
2017-11-07,226.51470947265625,227.11017216799166,226.00679438480307,226.77740574297073,57502200
2017-11-08,226.8999786376953,226.99631841527642,226.05932388502706,226.33955104389406,50469600
2017-11-09,226.0768280029297,226.2694808113367,224.49180501507703,225.69152238611562,95085500
2017-11-10,226.0067901611328,226.18193882069187,225.3762924002271,225.69155464264665,59984700
2017-11-13,226.21688842773438,226.44457628124673,225.28865956577454,225.32369463337486,50228600
2017-11-14,225.6915283203125,225.79660681421927,224.63192448424843,225.4113011872742,61315200
2017-11-15,224.56190490722656,225.2449419140767,223.8525982741104,224.7195226648228,80811500
2017-11-16,226.4709014892578,226.83870297952345,225.46386352096016,225.50763732326016,67777000
2017-11-17,225.80532836914062,226.44459145703757,225.72651950470316,226.12059055081866,75756800
2017-11-20,226.19064331054688,226.38329611732837,225.80533769698386,226.0505564728234,48075500
2017-11-21,227.6706085205078,227.85452264071768,226.15568209701803,226.96130183951243,69176800
2017-11-22,227.46920776367188,227.8107129143955,227.3028245514952,227.6793647795018,45033400
2017-11-24,227.99462890625,228.09973415128476,227.8195069457331,227.95962054850895,27856500
2017-11-27,227.88076782226562,228.33611690074267,227.67934954628222,228.03838557359245,52274900
2017-11-28,230.19256591796875,230.21883554215188,228.24853355662276,228.34487332791497,98971700
2017-11-29,230.05245971679688,230.85810609077183,229.60587609137826,230.3239214166953,77512100
2017-11-30,232.06655883789062,232.97725697448604,230.893137731025,230.97194660492661,127894400
2017-12-01,231.58485412597656,232.32919559859695,228.34481878034154,231.84757702897915,164390900
2017-12-04,231.30471801757812,233.63402938279867,231.2521520432385,233.20494992982626,94040600
2017-12-05,230.4727783203125,232.18912267969407,230.34143020779618,230.4727783203125,77994500
2017-12-06,230.51658630371094,230.9456925001427,230.05247175470237,230.5691255565094,75898600
2017-12-07,231.243408203125,231.55864369859842,230.25387446911444,231.243408203125,77218600
2017-12-08,232.5043487548828,232.51308747840685,231.20831855688746,232.19785205733845,76563900
2017-12-11,233.2049560546875,233.2662607564171,232.4781452556727,233.2049560546875,83077500
2017-12-12,233.61648559570312,234.08936549312253,233.23994545698378,233.9930257344225,85195800
2017-12-13,233.59030151367188,234.2996082575791,233.50272717112858,233.86176326879996,102905400
2017-12-14,232.63575744628906,234.001831407951,232.58321819575838,233.88798745715712,100666700
2017-12-15,234.57298278808594,235.03946956148346,233.58720144509695,233.64000924129087,144610300
2017-12-18,236.0604705810547,236.41253151743066,235.86683303696876,235.9724486318288,83653600
2017-12-19,235.15390014648438,236.35091269837585,235.08347184312157,236.3069151541698,82382900
2017-12-20,235.0306854248047,236.1748902835174,234.73143225961104,236.12208248145558,76751500
2017-12-21,235.5147247314453,236.22768365572136,235.26827941138984,235.65555446583778,67032300
2017-12-22,235.45315551757812,235.56758136623222,234.91624042632304,235.53236721421683,78720900
2017-12-26,235.1715545654297,235.39159606437855,234.90751551090486,235.04831843296174,45244400
2017-12-27,235.28594970703125,235.64682094143072,235.0131004328199,235.3387575110379,57751000
2017-12-28,235.7699737548828,235.8139981547031,235.40031921533006,235.78759425902078,45116100
2017-12-29,234.88101196289062,236.3684941837051,234.6874012899225,236.35090053903332,96007400
2018-01-02,236.56214904785156,236.59736320030115,235.35632621660366,235.74360131196434,86655700
2018-01-03,238.0584716796875,238.20811170109027,236.72941257737043,236.72941257737043,90070400
2018-01-04,239.0618133544922,239.54592064726094,238.12005638885017,238.700969023856,80636400
2018-01-05,240.65492248535156,240.77813171842422,239.36107780519546,239.85396845853816,83524000
2018-01-08,241.0950164794922,241.25343986955644,240.26765851734245,240.5581013991269,57319200
2018-01-09,241.6407928466797,242.2657032159506,241.235897127514,241.51755670766337,57254000
2018-01-10,241.27101135253906,241.53507717225054,240.2148286552677,240.88373630538212,69574300
2018-01-11,243.03140258789062,243.03140258789062,241.65834594076944,241.82557960963317,62361500
2018-01-12,244.6156768798828,244.78288366057578,242.99614826380247,243.29542825584758,90816100
2018-01-16,243.77957153320312,246.52568508160715,243.08423289096814,245.87437085450807,106555100
2018-01-17,246.10316467285156,246.4904398023778,243.77954075622463,244.71251442448408,113258800
2018-01-18,245.6895294189453,246.41124506409105,245.19661178881137,245.9887826104511,100728000
2018-01-19,246.80723571777344,246.80723571777344,245.689435090967,246.2703207417015,140920100
2018-01-22,248.81410217285156,248.81410217285156,246.54325909295474,246.59609375901607,91322400
2018-01-23,249.3422088623047,249.63265179478304,248.53244440420556,248.85810149413138,97084700
2018-01-24,249.245361328125,250.58323062359455,248.06594230116605,249.98469742589643,134816100
2018-01-25,249.35101318359375,250.20477526475702,248.55886916800196,250.10796989931694,84587300
2018-01-26,252.23793029785156,252.28195470890776,249.93189995130047,250.1871555817258,107743100
2018-01-29,250.5655517578125,252.10584165122822,250.4071283867298,251.66575882453802,90118300
2018-01-30,247.99551391601562,250.61839069835986,247.52021688316722,248.7348499334868,131796400
2018-01-31,248.11878967285156,249.3510166989814,247.04498607996672,248.8493424937056,108364800
2018-02-01,247.8370819091797,249.13973700377733,247.0449380364705,247.38821560227782,90102500
2018-02-02,242.44174194335938,246.64893446172036,242.40652778146568,246.51688806975287,173174800
2018-02-05,232.3022003173828,242.7937906023756,231.75650170826106,240.68139762555128,294681800
2018-02-06,236.8790740966797,237.38077515096407,227.6989493872479,228.79034660524135,355026800
2018-02-07,235.5940399169922,239.7219936555616,235.51480134144427,236.32456586247582,167376100
2018-02-08,226.75718688964844,236.03414470567023,226.72197272621216,235.8933149124617,246449500
2018-02-09,230.16334533691406,232.02048219017414,222.61152153411334,229.54721856312062,283565300
2018-02-12,233.54315185546875,235.01304031908876,230.3041486890838,232.21409312002078,143736000
2018-02-13,234.12408447265625,234.66978292825414,231.75643650715458,232.33734911294388,81223600
2018-02-14,237.28392028808594,237.6447915281146,232.62783518497517,232.63664543929073,120735700
2018-02-15,240.31167602539062,240.3204862790797,236.56216098587512,239.0266414316785,111200300
2018-02-16,240.382080078125,242.32726592741432,239.6427439945313,239.68676840292403,160420100
2018-02-20,238.87696838378906,240.87496173674327,238.08482461668896,239.43147707891686,86369700
2018-02-21,237.688720703125,241.7991060668732,237.59191537562756,239.3170325117325,98883700
2018-02-22,237.996826171875,240.32926016216408,237.3279184312155,238.61295297407747,110511300
2018-02-23,241.79029846191406,241.79029846191406,238.74493283044296,239.22022980292311,92766400
2018-02-26,244.5980987548828,244.69493097156393,242.274474741448,242.86417085379668,86491400
2018-02-27,241.54391479492188,245.4958778415357,241.4822967371023,244.7829187706097,99099200
2018-02-28,239.0969696044922,243.09292877790918,238.78012289514385,242.64403574581104,121907800
2018-03-01,235.62042236328125,240.43493091456583,234.12412958786794,238.88583033395267,176855100
2018-03-02,236.83497619628906,237.3982951408114,233.0854885563493,233.94803375692632,139083200
2018-03-05,239.5723876953125,240.18851464468656,235.54121233965114,235.646854823385,97307400
2018-03-06,240.17965698242188,240.6285501529497,238.68336432101546,240.54931159065572,79213200
2018-03-07,240.09164428710938,240.4437052620397,237.82082816735752,238.0144657326488,87063500
2018-03-08,241.25352478027344,241.37673406240083,239.7748522315242,240.76941732621154,66901200
2018-03-09,245.45176696777344,245.45176696777344,242.3447835957961,242.66165716686592,113625300
2018-03-12,245.143798828125,246.3672423323109,244.75652368007562,245.7423320590852,71924800
2018-03-13,243.55947875976562,246.80729267739554,242.9521622151338,246.30559172999912,91968900
2018-03-14,242.30966186523438,244.70371419100942,241.75517991030418,244.51888687269934,105895100
2018-03-15,242.0457000732422,243.46275473333895,241.54399890292436,242.820250611163,83433000
2018-03-16,242.30799865722656,243.35959273869088,242.2549793731275,242.57309507772186,100343700
2018-03-19,239.02960205078125,242.48483756083203,237.37710397382494,241.55697267350652,109208400
2018-03-20,239.43605041503906,240.07230891591502,238.75559119009515,239.4272048766045,59757300
2018-03-21,238.97654724121094,241.4862264091591,238.76447003403774,239.39188308399758,78709600
2018-03-22,233.0028076171875,237.5979844347918,232.72883860854253,236.74964866306775,148785900
2018-03-23,228.03639221191406,233.7715636425099,227.8419791639599,233.44460237279208,183534800
2018-03-26,234.27529907226562,234.55808665375656,229.23827674648547,231.64191725294216,141956100
2018-03-27,230.28981018066406,235.74216689562675,228.7345058623637,235.2119740308434,129941400
2018-03-28,229.60940551757812,232.09260187443158,228.50479184044528,230.42241304991515,146452300
2018-03-29,232.54324340820312,234.40784513814182,229.61822883172016,230.7493520488969,111601600
2018-04-02,227.52391052246094,232.52560454766385,225.04957315969895,232.0130486932908,186286300
2018-04-03,230.4401092529297,230.91730997897946,226.9672098407095,228.76110162347888,119956900
2018-04-04,232.9055633544922,233.6125052626878,226.75508245525387,226.88763069202741,123715300
2018-04-05,234.74371337890625,235.62740446622072,233.57723467130435,234.66415744910958,82652600
2018-04-06,229.51220703125,234.2752870709953,227.99225756873417,232.78187422548618,179521200
2018-04-09,230.64334106445312,234.03671112210202,229.70663080225304,230.970302405471,105442900
2018-04-10,234.31069946289062,235.09719751911547,232.3931047987183,233.5330469478276,103529000
2018-04-11,233.08236694335938,234.7437104819056,232.75540555998597,232.82608898012964,91140200
2018-04-12,234.9999237060547,235.94547947818188,234.2311169080454,234.4078658821633,68890500
2018-04-13,234.31069946289062,236.42273422394206,233.30330559064134,236.3078500612923,85079200
2018-04-16,236.23709106445312,237.00592484828672,235.12365879979507,235.94548491535662,63405300
2018-04-17,238.76451110839844,239.36541461083434,237.4919937102322,238.00452270510672,64682000
2018-04-18,238.9412384033203,239.74537353512525,238.48170179301928,239.20633493379327,57303900
2018-04-19,237.6156463623047,238.49049167681346,236.58171619852686,238.28723307214477,77655900
2018-04-20,235.60086059570312,237.76591448025806,234.71716953557635,237.5449917152264,99953100
2018-04-23,235.56549072265625,236.7319691881383,234.4873867411846,236.17523960378978,65558000
2018-04-24,232.39303588867188,236.81149026125064,230.89075061475296,236.5905675426217,112885500
2018-04-25,232.9674530029297,233.40929848464276,230.51079320332934,232.33119443053855,103840900
2018-04-26,235.3357696533203,236.16644142701392,233.5507233779955,233.9925689185512,67731900
2018-04-27,235.55662536621094,236.2459031345323,234.619915244341,235.9454514886593,57053600
2018-04-30,233.74510192871094,236.73198165607022,233.67439155053606,236.17525204240047,82182300
2018-05-01,234.1604461669922,234.2664847699566,231.62423039491986,233.17953515335418,74203400
2018-05-02,232.58743286132812,234.77896881885337,232.19860674600523,233.965988372708,86368900
2018-05-03,232.0748748779297,232.72879744379082,228.92009223195615,231.75675913284152,136311500
2018-05-04,235.0794677734375,235.75992709625967,230.77589696113725,231.1028583129879,91222100
2018-05-07,235.87484741210938,236.84688607701938,235.15903278879605,235.84833775703208,55304900
2018-05-08,235.87484741210938,236.23713704212827,234.31069685820916,235.50368527291405,67499200
2018-05-09,238.1547088623047,238.4816701959383,236.02501045597168,236.54638487556414,59666100
2018-05-10,240.3816375732422,240.70862592564802,238.79100441847086,238.89704303304075,72063900
2018-05-11,241.1150360107422,241.38013245892407,239.99273145453296,240.50528721182133,59871500
2018-05-14,241.22991943359375,242.20195771953226,240.6820084954234,241.54803517049672,54790600
2018-05-15,239.56857299804688,240.01923695216922,238.6230174023651,240.00157284529652,87036100
2018-05-16,240.57598876953125,241.0355252718733,239.57741379249362,239.6039504074176,53942600
2018-05-17,240.3727569580078,241.45086087471745,239.59510469440028,240.31089212610618,56536400
2018-05-18,239.7718963623047,240.39049092487784,239.4184253128825,240.02817433458355,64368000
2018-05-21,241.5746612548828,242.1137269152695,240.8677190756154,241.25654536464714,58025900
2018-05-22,240.9029998779297,242.35226611864655,240.57603851018774,242.09598816766902,52966400
2018-05-23,241.56570434570312,241.59224095910426,239.47136146284487,239.63044630273646,64694200
2018-05-24,241.0709228515625,241.44208498193186,239.28587652654045,241.16814289660945,76043800
2018-05-25,240.4964599609375,241.12387291474323,239.9927497029885,240.4964599609375,56374800
2018-05-29,237.7305450439453,239.63050228387698,236.61711271320866,238.87051399428245,115908600
2018-05-30,240.9029998779297,241.34484539501017,238.9677413237785,239.03842474054292,69678400
2018-05-31,239.42715454101562,240.7968643051693,238.826251352103,240.496412710713,93519900
2018-06-01,241.77781677246094,242.07826841884986,240.65551215742434,240.72622252604762,71258400
2018-06-04,242.92666625976562,243.18294421745537,242.36111800650752,242.5997048834602,45385200
2018-06-05,243.1033935546875,243.4833742030585,242.290385988581,243.05919282490183,51135000
2018-06-06,245.1358184814453,245.24185706079913,243.09449492457702,243.71308926161092,62732200
2018-06-07,245.109375,245.91353706797386,244.1991743240489,245.62193089603647,72969400
2018-06-08,245.83395385742188,245.88697314970935,244.48190796788347,244.64981138282843,72139700
2018-06-11,246.16099548339844,246.87678313097916,245.94007270406829,246.054956864218,58892500
2018-06-12,246.47915649414062,246.84144614703243,245.83405222238054,246.57634957952266,72329000
2018-06-13,245.69259643554688,246.97395911429703,245.48933780630622,246.71768118492542,79070600
2018-06-14,246.3112335205078,246.84142661357126,245.7191486091035,246.55866595330826,77097600
2018-06-15,245.99696350097656,246.33427828335442,244.4169314328949,245.52650527534564,120041600
2018-06-18,245.4910125732422,245.61529785717133,244.06189434330213,244.54121078049525,52917600
2018-06-19,244.5501251220703,244.77203993615566,242.8014353035092,243.21863623755814,97531500
2018-06-20,244.96722412109375,245.63296828632238,244.62990940977267,245.23351095150542,53785500
2018-06-21,243.431640625,244.97618599202502,242.9345536599736,244.95841547164042,71061400
2018-06-22,243.87551879882812,244.8075773608687,243.653603963468,244.6921773122073,54898500
2018-06-25,240.55557250976562,242.8812345960676,238.86902594322004,242.72146248842876,137854200
2018-06-26,241.08816528320312,241.94031025150673,240.36916373350945,241.12367922456582,68547400
2018-06-27,239.0909423828125,243.10315106426856,238.94002844283239,241.67403316486272,105110700
2018-06-28,240.4579620361328,241.2213357813261,238.3275587424145,239.03770220338833,76650500
2018-06-29,240.80404663085938,242.91667863233883,240.6886466677073,241.54967667446508,97592500
2018-07-02,241.31898498535156,241.47878420787828,238.99332252521182,239.23300781439923,63554800
2018-07-03,240.46685791015625,242.31320410898738,240.04079885597014,242.2155475162648,42187100
2018-07-05,242.42857360839844,242.49071624932256,240.52011188401102,241.59419894270374,56925900
2018-07-06,244.47911071777344,244.8519124147663,242.07353476250805,242.45524880932732,66493700
2018-07-09,246.68045043945312,246.7337078165824,245.43773315776116,245.4821052756339,50550400
2018-07-10,247.568115234375,247.6657718208399,246.840228277839,247.13317094802807,51966800
2018-07-11,245.75723266601562,246.80469076695235,245.45543188750847,246.0146613347306,77054700
2018-07-12,247.9853057861328,248.03856316228035,246.41415901137128,247.01776066717977,60124700
2018-07-13,248.18057250976562,248.48237331413685,247.35505615464416,247.80777090580222,48216000
2018-07-16,247.9586639404297,248.36697949896225,247.5148344366151,248.22497789624032,48201000
2018-07-17,248.9617156982422,249.35228781735347,247.1331403629495,247.186397734719,52315500
2018-07-18,249.48541259765625,249.59192733323326,248.5977536822475,249.04158313995188,44593500
2018-07-19,248.54454040527344,249.20139945065603,248.06519692094298,248.81971255072858,61412100
2018-07-20,248.26052856445312,248.97067220661148,248.10075640342126,248.34041464496903,82337700
2018-07-23,248.7220458984375,248.9261901176102,247.71010170371684,248.0563016932374,47047600
2018-07-24,249.97366333007812,250.8169503012536,249.1037747589767,250.1334625540731,68026900
2018-07-25,252.10411071777344,252.4236550429963,249.6807912279922,249.72516335453636,78882900
2018-07-26,251.5093231201172,252.19281086678743,251.28740834778463,251.38506493399785,57919500
2018-07-27,249.80499267578125,251.9353687298182,248.8818197863248,251.83771215930585,76768700
2018-07-30,248.50010681152344,250.04462454768782,247.97636424959342,249.88485245550498,63742500
2018-07-31,249.72506713867188,250.33755394857604,248.8818074347574,249.26349426145134,68570500
2018-08-01,249.3079833984375,250.43532807096616,248.66000943248963,249.92935575758932,53853300
2018-08-02,250.66607666015625,250.8347069740888,247.7989278959903,248.0030992495822,63426400
2018-08-03,251.7401580810547,251.79341546666754,250.61281354409368,250.79035622227616,53935400
2018-08-06,252.66336059570312,252.97401968479372,251.38512901409962,251.77570128010137,39400900
2018-08-07,253.4976806640625,253.8793946751064,253.19587981266517,253.32905035260498,43196600
2018-08-08,253.3911895751953,253.79064705391855,252.92961653979822,253.32907401852145,42114600
2018-08-09,253.04498291015625,253.84387067212316,252.91183946469604,253.45329850596946,35717000
2018-08-10,251.34951782226562,252.14840547941606,250.63937439097478,251.6069465091837,77076000
2018-08-13,250.40867614746094,252.23725200833908,250.11573342932613,251.62476496774096,65732900
2018-08-14,252.0064697265625,252.24615507453876,250.74600869114946,251.13658095009174,43842000
2018-08-15,250.1245574951172,250.79918701865486,248.68655421743193,250.6571583247941,102925400
2018-08-16,252.14842224121094,253.01833784391988,251.52705008367542,251.5625640299013,69967900
2018-08-17,253.03607177734375,253.4799012762992,251.5359259037381,251.94424145780033,65618500
2018-08-20,253.57757568359375,253.8438625660107,253.03608957040626,253.48880435971984,39807500
2018-08-21,254.17227172851562,255.03330203164734,253.6130422310215,254.09238567018824,67272000
2018-08-22,254.0213623046875,254.54507781111178,253.49761970906303,253.76393363569923,44993300
2018-08-23,253.68406677246094,254.7048691787767,253.36449545416602,253.84383888700728,49204900
2018-08-24,255.21087646484375,255.35290517152356,254.20781734774647,254.26107472660067,57487400
2018-08-27,257.225830078125,257.33234482639574,256.24939973697053,256.40917185937667,57072400
2018-08-28,257.35009765625,257.7939271363428,256.8884976598644,257.6873853061911,46943500
2018-08-29,258.73486328125,258.965636207914,257.3234886771743,257.56314686266506,61485500
2018-08-30,257.68743896484375,258.62835549143284,257.0927225076336,258.2555538204787,61229500
2018-08-31,257.69622802734375,258.1400574341752,256.7908257895186,257.2790273013543,66140800
2018-09-04,257.2524108886719,257.60746901323,256.24935204712614,257.27903957078377,57594400
2018-09-05,256.5601501464844,257.10163637158024,255.54823269496327,256.89746499339486,72452400
2018-09-06,255.78782653808594,256.9684011158249,254.75813882384264,256.66660029963003,65909900
2018-09-07,255.290771484375,256.26720194628166,254.50074185499375,254.74042715744764,73524800
2018-09-10,255.7346649169922,256.5690668756225,255.5393787758401,256.3027528162986,50210900
2018-09-11,256.57781982421875,257.0216493185275,254.7403863055744,255.08655922474992,50530500
2018-09-12,256.6400451660156,257.2436469713986,255.8500424979255,256.58678777667075,59810800
2018-09-13,258.15789794921875,258.3443258744238,257.42115277604205,257.70521020465293,51034200
2018-09-14,258.2021789550781,258.5483517777387,257.42103492860974,258.3619510270753,55079900
2018-09-17,256.8352355957031,258.18446743841525,256.56006349021055,258.1489805848816,68244000
2018-09-18,258.2288513183594,258.82356760557764,257.0216211398096,257.0482498229806,61930400
2018-09-19,258.5040283203125,258.9212290907196,258.1578283433109,258.2821135932705,49080600
2018-09-20,260.59881591796875,260.91838712002897,258.52169791675044,259.7644417046385,100360600
2018-09-21,260.36083984375,261.45761269257395,260.200344464458,261.34169029247494,105479700
2018-09-24,259.49603271484375,259.92404780423277,258.9164476561053,259.7813761077698,53409600
2018-09-25,259.255126953125,260.05763093211067,259.0143839229773,259.9506340298228,44370000
2018-09-26,258.47943115234375,260.58377660882445,258.0603417149148,259.3978577222201,79739700
2018-09-27,259.2017517089844,260.2895994190448,258.6756652147852,258.9520830810282,59249500
2018-09-28,259.2284851074219,259.7278223328228,258.541903225455,258.57755073309943,70091400
2018-10-01,260.1290283203125,261.1990247523705,259.4602703458394,260.46784283610697,62078900
2018-10-02,259.97747802734375,260.69080911051776,259.6029887328202,259.97747802734375,47258200
2018-10-03,260.1201171875,261.44870772895086,259.763451690474,261.02961828669123,64694600
2018-10-04,258.08709716796875,259.69210553069195,256.4999125561794,259.63860706605675,111545900
2018-10-05,256.64251708984375,258.8271097227561,255.21582824502414,258.30994896257005,105951700
2018-10-08,256.64251708984375,256.99918249809207,254.57381962544665,255.95590828684374,87742200
2018-10-09,256.2679748535156,257.56981570752436,255.70621396661616,256.25907658719046,74339000
2018-10-10,248.15382385253906,255.8311808596394,247.7793345615603,255.75983142489545,214731000
2018-10-11,242.68789672851562,248.68886937210402,241.07393528840882,247.066009660329,274840500
2018-10-12,246.05831909179688,247.07481688712994,242.86609967349887,246.7894736698401,183186500
2018-10-15,244.6762237548828,247.03026467764224,244.58705059050632,245.70164711563956,102263700
2018-10-16,250.02621459960938,250.40073089669676,246.16526532893863,246.63785303013142,118255800
2018-10-17,250.07098388671875,250.69514185485963,247.49402266323952,250.06205840328366,110626000
2018-10-18,246.45960998535156,249.73207777845568,245.18451792696698,249.13464199071754,134557500
2018-10-19,246.32583618164062,249.04544086380105,245.63032902677742,247.11051650237442,139901600
2018-10-22,245.2201385498047,247.3155580556742,244.68512682437614,246.9945673475131,82415800
2018-10-23,243.97174072265625,245.09526249563575,239.51335554330734,241.5999037536474,146352700
2018-10-24,236.57980346679688,244.10556128274322,236.02696795147386,243.72211940213597,177806700
2018-10-25,240.82420349121094,242.36681508232206,237.39126750912948,238.4166910055369,138061500
2018-10-26,236.58868408203125,241.64450544969924,233.87800516322892,237.11479754214855,201574600
2018-10-29,235.27796936035156,240.9758006122715,231.70236173875418,239.68285758734302,160749100
2018-10-30,238.76441955566406,239.07651205137157,234.6181255750687,235.10856441456093,157116000
2018-10-31,241.31468200683594,243.63304890912153,240.85991778191018,241.33250576026617,128296300
2018-11-01,243.8826446533203,244.07881472979398,241.09169060651138,242.17953790116917,99495000
2018-11-02,242.4381103515625,245.41630873000005,240.38723660504414,244.9882939070804,122634100
2018-11-05,243.7756805419922,244.32851613775983,241.956651152827,242.92857618600445,65622500
2018-11-06,245.3182830810547,245.47877848296474,243.65085068915243,243.71327463828462,60085900
2018-11-07,250.5702667236328,250.6505144215999,247.06595397473305,247.49396890905808,102752100
2018-11-08,250.11550903320312,250.7575178453981,248.97416305728257,249.76774178784,65584900
2018-11-09,247.6723175048828,248.99198261026126,246.26345200740127,248.80473797998025,98812600
2018-11-12,243.04449462890625,247.40478259123662,242.52730654258272,247.1640395101199,99673600
2018-11-13,242.58975219726562,245.5055275101857,241.86749567744292,243.50817883431395,98176600
2018-11-14,240.9312286376953,244.86350176859753,239.37079328955437,244.46226329188963,125335900
2018-11-15,243.44569396972656,243.9093835190534,238.08673262015606,239.6649914330321,135101400
2018-11-16,244.078857421875,244.98835854724607,241.83181302344755,242.34900113908057,126668000
2018-11-19,239.9503631591797,243.7667408556487,239.03193664286542,243.4724721125767,103061700
2018-11-20,235.509765625,238.07780018311473,234.64483769691037,236.6154365884777,136021300
2018-11-21,236.31231689453125,238.21159396690376,236.30341862525125,237.06132258851162,75563700
2018-11-23,234.7340850830078,236.13402518870242,234.5735896753301,234.6716611316323,42807900
2018-11-26,238.5237274169922,238.74664678840992,236.59770078252234,236.99004105316456,79981400
2018-11-27,239.326171875,239.326171875,236.8829848828991,237.48931889071778,75502400
2018-11-28,244.83676147460938,244.83676147460938,239.26377788494935,240.396225565942,127629600
2018-11-29,244.30174255371094,245.70165515408803,242.91962649023046,244.06097228083433,82346400
2018-11-30,245.79086303710938,246.3526241373916,243.82918913872507,244.15017993212408,98204200
2018-12-03,249.04551696777344,250.02636766842159,247.44943382182208,249.91937072141235,103176300
2018-12-04,240.97576904296875,248.64419858808955,240.6636765731652,248.21618372563074,177986000
2018-12-06,240.61019897460938,240.7261213773136,234.01179240772498,237.1148392029293,204185400
2018-12-07,235.01939392089844,241.84071986500985,234.18121507685527,240.27135909968106,161018900
2018-12-10,235.4652557373047,236.43718083040707,230.60560305995818,234.84107067737293,151445900
2018-12-11,235.51873779296875,238.85360230315126,234.0474756391725,238.66635768295276,121504400
2018-12-12,236.70472717285156,239.86127348411404,236.62447945457887,238.497007849797,97976700
2018-12-13,236.62445068359375,238.51480260463467,235.5098538233727,237.64987435262964,96662700
2018-12-14,232.2552032470703,235.42957247444892,231.70236763728906,234.47547116758975,116961100
2018-12-17,227.69873046875,232.41569770152586,226.06695927243624,231.3011010050752,165492300
2018-12-18,227.4490509033203,230.00817404669752,225.8440290168278,229.33941606115198,134515100
2018-12-19,224.04286193847656,231.30111553755748,222.3397684197925,227.52932388944615,214992800
2018-12-20,220.39588928222656,224.3638507742223,218.1488585473539,222.79450353410618,252053400
2018-12-21,215.88009643554688,223.96103454003133,215.2343385006495,221.2972864799225,255345600
2018-12-24,210.17587280273438,216.00562100861876,210.11309801537055,214.39122646068466,147311600
2018-12-26,220.7949676513672,220.7949676513672,209.65566642653576,211.63778672637773,218485400
2018-12-27,222.4901123046875,222.68741427560954,214.31949514400904,217.55724826813972,186267300
2018-12-28,222.20309448242188,225.47671683818686,221.03714210729703,223.84439446130722,153100200
2018-12-31,224.14932250976562,224.3914851025564,221.95195871285873,223.82644361450068,144299400
2019-01-02,224.3825225830078,225.3063260642124,220.58870557266602,220.61561100863256,126925200
2019-01-03,219.0281982421875,222.93861571799158,218.5438728854129,222.63366454746293,144140700
2019-01-04,226.36463928222656,227.01039710544208,221.68290190659857,222.0595916892461,142628800
2019-01-07,228.14947509765625,229.55757659447116,225.73685369173648,226.6337381587478,103139100
2019-01-08,230.29299926757812,230.77732451103,227.80863931434865,230.33785991035955,102512600
2019-01-09,231.36923217773438,232.2123055664393,229.77277929990194,231.00150634898134,95006600
2019-01-10,232.1854248046875,232.43655132774697,229.15395132370935,229.83559218804427,96823900
2019-01-11,232.27517700195312,232.30208244436346,230.5262411330452,231.10921063243282,73858100
2019-01-14,230.85801696777344,231.66520737629008,229.97011025547886,230.3736917743686,70908200
2019-01-15,233.50389099121094,233.8178060483478,231.2257966394314,231.23477424329755,85208300
2019-01-16,234.0689239501953,234.95683083626523,233.7281034648272,233.9343693801608,77636700
2019-01-17,235.8447265625,236.7057553387113,233.15407322100728,233.1989338658102,96118400
2019-01-18,238.98377990722656,239.4501772546297,235.8805679320784,237.65640867719944,127900300
2019-01-22,235.75498962402344,237.72814599602768,234.14060886200994,237.5129025266222,115531200
2019-01-23,236.24830627441406,237.4860110376435,233.78187434995297,236.78644235026223,86030300
2019-01-24,236.37387084960938,236.95686760170713,235.05544969694287,236.06893344044875,59204100
2019-01-25,238.3739776611328,239.19912350084215,236.472586770068,238.22149524254982,96883400
2019-01-28,236.56222534179688,236.62498644464915,234.7953620742769,236.2303825110158,85613700
2019-01-29,236.24830627441406,237.27074018486155,235.4142104107552,236.70572604449566,66136300
2019-01-30,239.98826599121094,240.83133934221308,237.00165360106413,237.7640106572768,92473700
2019-01-31,242.09600830078125,242.5803335581487,239.71029242579274,239.92556330170092,104012100
2019-02-01,242.2126007080078,243.23506206970345,241.42333805071436,242.2933170201301,85782500
2019-02-04,243.91664123535156,243.9794297039566,241.5847366321493,242.25739984245362,60744800
2019-02-05,244.93919372558594,245.24413121006558,243.84499340092543,244.3472465954503,79552800
2019-02-06,244.61627197265625,245.1544081516475,243.88084747780272,244.66113262050564,58347800
2019-02-07,242.2843475341797,243.54893036100768,240.625106039328,243.00184405429718,95482000
2019-02-08,242.58030700683594,242.67895114566048,240.2125192261943,241.03766485692213,75788900
2019-02-11,242.7148895263672,243.4951746958544,242.1857309329304,243.23509788652132,68021400
2019-02-12,245.8359832763672,246.2126593412285,244.25745820641504,244.32922427545054,72270200
2019-02-13,246.63426208496094,247.47733571210168,246.24860831551695,246.67014512908733,65277200
2019-02-14,246.0871124267578,247.2171953749836,244.73280840916888,245.54897638613906,83234400
2019-02-15,248.7687530517578,248.80463608167037,247.65662546105898,247.86289129890864,97088700
2019-02-19,249.1993408203125,249.85404892766604,247.96163594512325,247.9706135479331,59120800
2019-02-20,249.7016143798828,250.15903422884998,248.66122508601669,249.16347821122895,76610800
2019-02-21,248.81370544433594,249.42358032410993,247.8540324780566,249.06483200487477,64214700
2019-02-22,250.3562774658203,250.5535657208033,248.79568029124144,249.43246043166582,78114600
2019-02-25,250.6971893310547,252.30262052999672,250.61647299645952,251.7824394723564,69030700
2019-02-26,250.51776123046875,251.3966904394168,250.14105773324803,250.34735100205228,56844100
2019-02-27,250.41004943847656,250.75982000158209,248.86740770538404,249.8001474541523,56921600
2019-02-28,249.9436798095703,250.6342981539944,249.62081463872272,250.19480628825178,69268300
2019-03-01,251.5043487548828,251.9169079368331,250.0693281650552,251.52227659036197,78880500
2019-03-04,250.58950805664062,252.80481372706458,248.29348607078518,252.56266478077004,106494600
2019-03-05,250.24867248535156,250.91238554563273,249.70158614575405,250.7150698851285,59114600
2019-03-06,248.7328643798828,250.37417766968233,248.4099992301901,250.36520006972478,75039800
2019-03-07,246.65211486816406,248.42792793922666,245.80904159111614,248.28442319305557,94885100
2019-03-08,246.1588134765625,246.32922365287365,244.32918953732477,244.79555943680523,85795800
2019-03-11,249.7285614013672,249.88999406762028,246.8495693701987,246.87647481457424,65098900
2019-03-12,250.67019653320312,251.19040478031002,250.09620478585603,250.28454283427982,79667500
2019-03-13,252.3294677734375,253.26223526485666,251.39670028201837,251.5581602847145,80639200
2019-03-14,252.16796875,252.77784344619863,251.72850424402364,252.35630677102787,67518400
2019-03-15,253.41384887695312,254.22459474184677,252.53102082909683,252.72021594090037,81309000
2019-03-18,254.3327178955078,254.630008822451,253.40485900191993,253.6300677381432,62199800
2019-03-19,254.39581298828125,256.1614419912601,253.50399508471358,255.3957541907001,90268100
2019-03-20,253.6300506591797,255.38668967995292,252.52204134600487,254.17957423403706,84609200
2019-03-21,256.4947509765625,256.90011021839473,252.76528100389675,252.81033924719029,79550400
2019-03-22,251.5581817626953,255.65697014672995,251.49511671277395,255.13449792626113,122659300
2019-03-25,251.36900329589844,252.40495803609156,250.10783980821537,251.21584925143233,85575200
2019-03-26,253.24270629882812,254.19758910713398,251.83740603410251,253.125593361551,68125900
2019-03-27,251.91845703125,253.81923283552956,250.36902000972879,253.23366819759903,72224700
2019-03-28,252.8733367919922,253.32375420585268,251.39598197000436,252.5490494498353,56238500
2019-03-29,254.46788024902344,254.7921676526275,253.26076465010416,254.3868083981224,82186800
2019-04-01,257.4856872558594,257.78297823712984,256.19749964716954,256.46776667480685,77617900
2019-04-02,257.61175537109375,257.84598124041696,256.81901626689137,257.67482041149606,40070400
2019-04-03,258.01715087890625,259.22426637741154,257.4135793840035,258.82789681177695,68243200
2019-04-04,258.7017517089844,258.95398437326423,257.64779030482515,258.34142325877013,48997500
2019-04-05,259.953857421875,260.00790530071373,259.0800467255943,259.36832040692826,58621700
2019-04-08,260.152099609375,260.2601953909309,258.872902047936,259.53052137413107,53566300
2019-04-09,258.8188781738281,259.51251116404137,258.2693820694969,259.18822378928195,66142300
2019-04-10,259.7016906738281,259.7917796584995,258.81886261012613,259.2332389500564,52601500
2019-04-11,259.62957763671875,260.1971079322782,259.0620473411593,260.1880907874931,55093100
2019-04-12,261.38623046875,261.6654870591576,259.6746498365206,261.2420936009112,69727800
2019-04-15,261.2151184082031,261.5574400967974,260.4133620858321,261.4583339542193,49596700
2019-04-16,261.38623046875,262.15194555170166,260.791676198151,262.09789766267414,52153200
2019-04-17,260.74664306640625,262.5302783705718,260.3322392659286,262.50325442630555,58268300
2019-04-18,261.2601318359375,261.53039880489104,260.0350095488409,261.33221402417837,68708500
2019-04-22,261.4853820800781,261.6385361359312,260.4043965065369,260.4944855104914,40160100
2019-04-23,263.83648681640625,264.0707126493644,261.62044102193187,261.8546393635951,52246600
2019-04-24,263.2509765625,264.08874637015623,263.1068396883929,263.7554418762262,50392900
2019-04-25,263.0887756347656,263.7463948938671,261.89969466766917,263.1518406646715,57770900
2019-04-26,264.3140563964844,264.38611111550864,262.3592319380115,263.1339644968907,50916400
2019-04-29,264.7284240722656,265.25092386020106,264.3140475962291,264.40413661049115,57197700
2019-04-30,264.8634948730469,265.1517686688588,262.97176337987406,264.38605342617814,81111700
2019-05-01,262.87261962890625,265.7012542994581,262.86360248304516,265.4940523837412,71671900
2019-05-02,262.3051452636719,263.67443214456034,260.80975577029875,262.7555627921106,65030200
2019-05-03,264.87249755859375,265.1517541920076,262.4132082639191,263.7824949736138,56543700
2019-05-06,263.7824401855469,264.22384041933424,260.2511558413628,260.5664535046231,107198100
2019-05-07,259.3773498535156,261.97175840097896,257.46758453143724,261.377204151244,144729900
2019-05-08,259.01702880859375,260.7286094294374,258.4224745419498,259.01702880859375,91568300
2019-05-09,258.2332763671875,258.8368202163099,255.20645750355328,256.9450893542433,103471100
2019-05-10,259.5305480957031,260.2872461358025,254.30568902173113,257.2964675787668,112429300
2019-05-13,253.00843811035156,255.377637933495,252.17066837943403,254.41376563134563,127290500
2019-05-14,255.29664611816406,256.82807669036634,253.90036279568258,254.0264654064371,77003200
2019-05-15,256.7919616699219,257.4315466698513,253.45886196816204,253.66606386562466,73956400
2019-05-16,259.17022705078125,260.53046913612627,257.42260504214363,257.49465974223233,76749600
2019-05-17,257.49468994140625,259.98100350122996,256.846087599335,256.8641218949481,100353000
2019-05-20,255.79209899902344,257.6027585823994,255.0443905838486,255.89117764922898,62877600
2019-05-21,258.0981750488281,258.4765102516774,257.2333538882968,257.485586520628,46847100
2019-05-22,257.3055114746094,258.26039439766816,256.82807001308,257.1433677687246,49482500
2019-05-23,254.1615447998047,255.12541714671232,252.74722755959448,255.0803864030303,98733800
2019-05-24,254.73809814453125,256.01729582994847,254.11651984904475,255.6028919720907,55268100
2019-05-28,252.36891174316406,255.97225162881708,252.35090494060438,255.01736875842317,70029400
2019-05-29,250.6753387451172,251.65724556949357,249.2700383825875,251.2518863252841,104972900
2019-05-30,251.35995483398438,252.26980685770957,250.26093518349904,251.4320095280315,62523800
2019-05-31,247.972900390625,249.63945104103513,247.94587643375604,248.81069803618098,86862800
2019-06-03,247.34225463867188,249.1258902150911,246.00900903833892,248.00886369318812,96428000
2019-06-04,252.71124267578125,252.84636242817595,249.18897450974495,249.6393920119291,77231900
2019-06-05,254.90029907226562,254.92732302634215,252.52210863961244,254.33276854535228,71169700
2019-06-06,256.5577697753906,257.2333959536874,254.54892553301983,255.19752776383675,69430400
2019-06-07,259.1251525878906,260.2061654606606,257.4045546359031,257.5757154656133,74272200
2019-06-10,260.3142395019531,261.98078942020163,260.2241505215321,260.67456793234,60799100
2019-06-11,260.2512512207031,262.50333893893577,259.6026488581999,262.13399325418897,58641300
2019-06-12,259.7917785644531,260.57550049432666,259.2782960961573,260.01698727953396,47096300
2019-06-13,260.86383056640625,261.2241866193491,259.99903652021897,260.7016868373662,48945200
2019-06-14,260.5755310058594,261.1790750378197,259.8098157866652,260.5755310058594,52324700
2019-06-17,260.6745910644531,261.44030622903506,260.50343023385363,260.80971080142655,39205700
2019-06-18,263.40411376953125,264.4581026767264,262.1339332880597,262.4942892335855,85434800
2019-06-19,263.9986877441406,264.53017706467074,262.5663634753288,263.5392531233006,78674400
2019-06-20,266.52093505859375,266.92632166085167,264.0616739781933,266.68310619427257,116570000
2019-06-21,266.1335144042969,267.5094328330874,265.9162713958039,266.25119690889755,83309500
2019-06-24,265.8077392578125,266.6586172021475,265.65384032505415,266.34181358325094,47582700
2019-06-25,263.20074462890625,265.8892385984447,263.0921230745837,265.86208320986407,82028700
2019-06-26,262.9381408691406,264.6037352997455,262.82951934921067,264.09681645673555,51584900
2019-06-27,263.8703918457031,264.37731045708824,263.31822349669136,263.698398642734,40355200
2019-06-28,265.2283630371094,265.72622092796087,264.33220778357355,264.8481600545442,59350900
2019-07-01,267.63623046875,268.7768117440282,266.4322774281771,268.5595410665901,78705600
2019-07-02,268.333251953125,268.38756271925695,266.74912348259073,267.59096798264414,61504500
2019-07-03,270.47869873046875,270.4968207417904,268.8674143488254,269.0122523143123,40898900
2019-07-05,270.1708984375,270.33385839622804,267.9531346730237,269.24758758810736,51677300
2019-07-08,268.6863098144531,269.9898235013948,268.1431745073926,268.8583031221058,45841800
2019-07-09,269.021240234375,269.31994946484144,267.47332806284766,267.52763883202334,41101300
2019-07-10,270.30670166015625,271.25719561591774,269.5553840760935,270.08945852741846,58448500
2019-07-11,270.94024658203125,271.18464500017757,269.9354699046471,270.9493075836309,50826100
2019-07-12,272.15325927734375,272.2256920471457,271.12132712023003,271.4290973293695,40326000
2019-07-15,272.2438049316406,272.587791549062,271.7368860086016,272.587791549062,33900000
2019-07-16,271.3658142089844,272.3615579314838,271.05804389930574,272.1533481815468,36650100
2019-07-17,269.51904296875,271.5014685127369,269.51904296875,271.33853623857465,36036300
2019-07-18,270.5058288574219,270.8860319344416,268.57774095793843,269.0212881936159,51392600
2019-07-19,269.003173828125,271.62829590298804,268.83118049951213,271.60114051557616,58678600
2019-07-22,269.66387939453125,270.2070145971142,268.8854067833321,269.4013589820321,43638100
2019-07-23,271.592041015625,271.592041015625,269.95360174897894,270.78641288658775,44564500
2019-07-24,272.8684387207031,272.8684387207031,270.7411746175419,270.8317017841682,47213200
2019-07-25,271.5649108886719,272.4701272583008,270.7592550596967,272.41581648612396,55394100
2019-07-26,273.3843688964844,273.58351757677167,272.12610504716736,272.2528485823537,45084100
2019-07-29,272.886474609375,273.384360106589,272.3343059738363,273.2666775777019,38126500
2019-07-30,272.21661376953125,272.62397210504514,271.10318791079754,271.4833908656109,45849000
2019-07-31,269.23846435546875,272.6511473201297,267.21984978486825,272.46103201638994,104245200
2019-08-01,266.8940124511719,272.35246649157233,266.09741756218915,269.3924186711607,142646600
2019-08-02,264.8843994140625,266.24222391598,263.32742621353003,265.9978254506385,116749700
2019-08-05,256.91851806640625,260.8924035858546,255.01755815476298,260.7837820409055,178745400
2019-08-06,260.52130126953125,260.7385720175603,257.33494909026734,258.81045642576964,120711700
2019-08-07,260.6751708984375,261.4446103725473,255.3072442129039,257.44354168218393,140572300
2019-08-08,265.78961181640625,265.78961181640625,261.61657783559,262.1687465315291,87713900
2019-08-09,263.9792175292969,265.4456637627405,262.19594001239,264.8482175889276,93730000
2019-08-12,260.7656555175781,263.9701011986558,259.8151618664045,262.4764998896778,65527600
2019-08-13,264.8209533691406,266.26930462331774,260.1228797001237,260.46686623080353,94299800
2019-08-14,256.9908447265625,261.3720873263827,256.8641288378296,260.7656080106551,135622100
2019-08-15,257.6697692871094,258.5659520526638,255.62399959125736,257.8779789447643,99556600
2019-08-16,261.4716796875,261.9061657416089,257.7240717207898,259.32632192032685,83018300
2019-08-19,264.6218566894531,265.3007688833208,263.8162285844009,264.4951407782686,53571800
2019-08-20,262.5941467285156,264.64897742124305,262.46743083392226,264.114903213662,51596400
2019-08-21,264.73046875,265.1015830539715,264.06965102889666,264.7576241289492,49524700
2019-08-22,264.6490173339844,266.07021351807236,262.87480116707053,265.4365786995359,51666400
2019-08-23,257.8509216308594,265.01118735203045,256.60171845984394,263.34559233234813,149161500
2019-08-26,260.7022399902344,260.7022399902344,258.51160484642605,260.0414222841468,72423800
2019-08-27,259.67938232421875,262.4674638561055,258.91900398597903,262.0963218770228,66668900
2019-08-28,261.5079345703125,261.67086686459277,258.21293417482644,259.0185898937804,59696700
2019-08-29,264.84808349609375,265.3731242428646,263.06480688206153,264.06961100088165,57899400
2019-08-30,264.73046875,266.3507857356442,263.79809723940434,266.3326913580127,62901200
2019-09-03,263.18255615234375,263.94293446557975,261.85188719792905,263.02868486425206,69101400
2019-09-04,266.16986083984375,266.1879552243926,264.60382638840616,265.35517153491077,46887300
2019-09-05,269.59149169921875,270.505741263956,266.1335592315825,268.65912013072057,83258100
2019-09-06,269.7996826171875,270.4424060217157,269.22941960508075,269.9083317683097,49584300
2019-09-09,269.9355773925781,270.87698268364073,268.9941444764997,270.7864831316271,51260300
2019-09-10,269.8721923828125,269.9355641661296,267.9169214798469,269.1751580163531,57947100
2019-09-11,271.7911682128906,271.87263435713766,269.52812767822877,270.17988445721164,68821100
2019-09-12,272.73260498046875,273.7916924968806,271.9360102800866,272.6963885963586,72908700
2019-09-13,272.55157470703125,273.52922378912524,272.1804327059594,273.1761761691998,62104800
2019-09-16,271.7096862792969,272.59680806233507,271.0669905398025,271.42001047769196,58191200
2019-09-17,272.3976745605469,272.4881740817053,271.33855943792975,271.51055272814114,41475500
2019-09-18,272.5606384277344,272.6692599657147,269.97170539749584,272.0084421096551,73375800
2019-09-19,272.54254150390625,273.94564349864027,272.2076158559735,272.9498999338318,76560500
2019-09-20,271.2547912597656,273.4282622508574,270.46362073249094,273.1463237989638,89565000
2019-09-23,271.1911315917969,271.9095626216198,270.33629663291384,270.59092655135265,43476800
2019-09-24,269.0631103515625,272.67341519548154,268.09915238087564,272.28238140130355,94869400
2019-09-25,270.6546325683594,271.10022805596975,267.66270975241423,269.14503076538426,71854000
2019-09-26,270.0907897949219,270.87285754850967,268.6812361680686,270.6637140924757,56179700
2019-09-27,268.6357116699219,270.95468931981696,267.0806514770453,270.8455384312587,84746600
2019-09-30,269.88165283203125,270.59098115887195,269.1086878271732,269.1541465618406,51662400
2019-10-01,266.67138671875,271.4184369525393,266.45314046745057,270.76367044606576,88242400
2019-10-02,261.9607849121094,265.09821431351884,260.6694572690525,265.0891114666045,122539500
2019-10-03,264.10711669921875,264.1343975019812,259.01448741364936,261.73357584849686,85278800
2019-10-04,267.6809387207031,267.93556870041675,264.70719358868433,264.7617829260246,65091200
2019-10-07,266.52593994140625,268.5084455962607,266.2440292191831,266.88061793215365,59610500
2019-10-08,262.3882141113281,265.4074176476115,262.35183047463295,264.67080858188825,95708100
2019-10-09,264.8799743652344,265.8166518828195,263.77961209760576,264.40709805869136,62359400
2019-10-10,266.67138671875,267.55350232118553,264.63434769975464,264.7980323882292,55296300
2019-10-11,269.43603515625,271.67314311799345,269.30873405810314,269.4269323090313,98720400
2019-10-14,269.135986328125,269.7907531154155,268.7904111136401,269.11778063099183,40394800
2019-10-15,271.8003845214844,272.5460961863396,270.0634341691103,270.18166013458415,46754500
2019-10-16,271.3639831542969,272.0551335613163,270.9274904783572,271.33670236205063,48928200
2019-10-17,272.1641845703125,273.03719744331266,271.4730343465405,272.5279376213477,45736600
2019-10-18,270.9728698730469,272.2733001769917,270.1180349628478,271.62763644782535,64304000
2019-10-21,272.80987548828125,273.00994384916356,271.8550201651412,272.29154052140666,39048600
2019-10-22,271.9186096191406,273.6373542774494,271.82766443425294,273.3463407868384,48594700
2019-10-23,272.7099304199219,272.76449201043494,271.45495833294325,271.66412959830274,34352200
2019-10-24,273.1554870605469,273.79207586258536,272.32793271893104,273.64656905775985,35453100
2019-10-25,274.2740173339844,274.8196608389771,272.527963668524,272.58252524376513,45205400
2019-10-28,275.8199462890625,276.32013101368767,275.4652960867663,275.4925768715583,42147000
2019-10-29,275.7380676269531,276.6656696928972,275.4197733445718,275.5471021585543,44284900
2019-10-30,276.58392333984375,276.9567515614426,274.62869824917215,275.93823170639735,49643900
2019-10-31,275.84722900390625,276.57476285774817,274.39221680138,276.57476285774817,69053800
2019-11-01,278.40264892578125,278.4481076482956,277.1294716644442,277.2931841211673,71141500
2019-11-04,279.5211486816406,280.09407281644974,279.1482928518034,279.9576689159175,60606900
2019-11-05,279.2120056152344,280.0213818195309,278.92099207531345,279.72126543380665,42933200
2019-11-06,279.275634765625,279.5484425794908,278.32985475659814,279.2119703581979,46487100
2019-11-07,280.2577209472656,281.59453450328834,279.7848449028995,280.6123987949679,54272300
2019-11-08,280.9490051269531,281.0035667061069,279.2120541836701,279.9122796178653,49032100
2019-11-11,280.4124755859375,280.5852631776595,279.4303116169297,279.56674332282523,35797300
2019-11-12,281.00360107421875,281.9038949929491,280.23060827155547,280.77625188241115,46484600
2019-11-13,281.09454345703125,281.4946802507706,279.78500990526373,280.0123590947708,53917700
2019-11-14,281.5037536621094,281.5856237921182,280.17604217405733,280.81263100190245,51219900
2019-11-15,283.54071044921875,283.5861691680478,282.14933507162783,282.84045746173746,62023600
2019-11-18,283.75,283.98645206587344,282.84970598392783,283.30440441670606,49228000
2019-11-19,283.66802978515625,284.35917997236,283.02236607228707,284.3500771269776,67804700
2019-11-20,282.61309814453125,283.5952617594238,281.05803813228846,283.07689917115135,79406200
2019-11-21,282.1584167480469,282.8313889694195,281.35817121201325,282.72226583962293,54664700
2019-11-22,282.785888671875,283.0405185464772,281.77647201802966,282.9041146409001,44850200
2019-11-25,284.97760009765625,284.97760009765625,283.713553290501,283.713553290501,48647200
2019-11-26,285.6232604980469,285.80515091180786,284.69568599405943,285.01398034185087,37569000
2019-11-27,286.8965148925781,286.8965148925781,285.8870700046556,286.10531635768183,44444600
2019-11-29,285.83245849609375,286.57817040881315,285.6051093338683,286.3326155519564,36592700
2019-12-02,283.4043884277344,286.15075634985016,282.976970887455,286.08709192303365,75767800
2019-12-03,281.5037536621094,281.5856237921182,279.3030290622985,280.68530213529885,73941700
2019-12-04,283.2406005859375,283.8408055521402,282.2039031007338,282.54947817999374,49080000
2019-12-05,283.75,283.95917127001036,282.44046629339147,283.9409933236316,40709000
2019-12-06,286.3416442871094,286.74178092926775,285.65049413200387,285.6595969769635,48927000
2019-12-09,285.44140625,286.62361071654885,285.3686389813186,285.95066612044394,34838500
2019-12-10,285.1230773925781,286.0506518116673,284.4683108165804,285.3868101426187,52649800
2019-12-11,285.9324951171875,286.1871250585876,285.04127644599606,285.5778171170683,53429100
2019-12-12,288.39697265625,289.1790404773349,285.7051662626912,285.9415905269858,96389600
2019-12-13,288.5697021484375,289.79739296590316,287.3874700546423,288.16046262508945,81503900
2019-12-16,290.5522766113281,291.14337897879915,288.5061338182906,290.2976466182981,82749700
2019-12-17,290.61590576171875,291.2342888479106,290.5340633902449,290.93420015250655,61097700
2019-12-18,290.63409423828125,291.2342994034276,290.57953265532115,291.0069502235654,48133000
2019-12-19,291.8253479003906,291.8981151659742,290.57037621858717,290.825006142969,85310500
2019-12-20,293.10479736328125,294.237984386414,291.8802179923732,292.85803523538505,147142100
2019-12-23,293.55255126953125,293.9455076437393,293.40632910700657,293.8906778189208,52990000
2019-12-24,293.5616760253906,293.8266775283828,293.2600841233324,293.78099530759755,20270000
2019-12-26,295.12445068359375,295.1335982854988,293.93643377520567,293.9455534880805,30911200
2019-12-27,295.05133056640625,295.9103684888994,294.52129953864886,295.8555386546152,42528800
2019-12-30,293.4245910644531,295.2706214297429,292.9402423613774,295.13354687019796,49729100
2019-12-31,294.1374206542969,294.3841827622408,292.5747148231008,292.9219889831503,57077300
2020-01-02,296.8882141113281,296.90650931546975,294.7497669040605,295.6727822642302,59151200
2020-01-03,294.64007568359375,295.7641429457349,293.4429112798059,293.4977411082979,77709700
2020-01-06,295.7641906738281,295.84643542983815,292.76667749107014,292.88548476831755,55653900
2020-01-07,294.93243408203125,295.6726644399904,294.4846200944738,295.19743554617594,40496400
2020-01-08,296.5043640136719,297.7197956916485,294.87768074616207,295.12441496646585,68296000
2020-01-09,298.5147705078125,298.5878955151835,297.48209591859336,298.06698442148587,48473300
2020-01-10,297.6557922363281,299.25506045062673,297.18973874984056,299.09971858480566,53029300
2020-01-13,299.7028503417969,299.711970052035,297.8477004784038,298.27721930830376,47086800
2020-01-14,299.2459716796875,300.31518120708546,298.6884979136288,299.264238992548,62832800
2020-01-15,299.9222106933594,300.6807085322573,299.07232051640693,299.1545652539482,72056600
2020-01-16,302.41705322265625,302.41705322265625,301.07366684721774,301.3021337281493,54050300
2020-01-17,303.3582763671875,303.5684480075928,302.3530167097552,303.12980953090823,95846000
2020-01-21,302.7643737792969,303.5685818598415,302.3257351092037,302.39883225787577,77742400
2020-01-22,302.8008728027344,304.2722140708887,302.64553093599403,303.6233480257216,48914900
2020-01-23,303.148193359375,303.5594449783584,301.03716121185505,302.15208091700214,51963000
2020-01-24,300.4522705078125,303.8884219479204,299.16371371777205,303.80617720247466,87578400
2020-01-27,295.63623046875,297.1166918283268,294.86858487078547,295.20671149130214,84062500
2020-01-28,298.734130859375,299.6114357635141,295.72749927338367,297.0617378822441,63834000
2020-01-29,298.4874267578125,300.32430953188833,298.2863747731424,300.0958426351734,53888900
2020-01-30,299.4560852050781,299.6662847627549,295.6726883900491,296.4220385181129,75491800
2020-01-31,294.0186767578125,298.9901194730198,293.1048090217675,298.8347496867189,113845600
2020-02-03,296.20281982421875,298.067117900778,295.3803444015998,295.49915167501734,69083000
2020-02-04,300.7173156738281,301.5855011806518,299.4927362514343,299.81259553758144,62573200
2020-02-05,304.1899719238281,304.4001715229161,302.18862743263116,303.6507933581962,65951100
2020-02-06,305.2134704589844,305.4053748205114,304.1350856388759,305.1494930421346,50359700
2020-02-07,303.5868225097656,305.22262540475447,303.038496381652,304.15341594950706,64139400
2020-02-10,305.853271484375,305.9172489243438,302.6638817568983,302.7004442781708,42070000
2020-02-11,306.38330078125,307.9916890041701,305.85324188570775,307.20577615157714,54864500
2020-02-12,308.35723876953125,308.5674104828042,307.4524908196525,307.81803230663076,43992700
2020-02-13,308.0281982421875,308.99689562686603,306.6573968990736,306.9315460120865,54501900
2020-02-14,308.521728515625,308.6405357740244,307.24231936560784,308.4394837726626,64582200
2020-02-18,307.72662353515625,308.58566124480814,306.33752704004746,307.52557156291806,57226200
2020-02-19,309.1978759765625,309.8741288913484,308.41196344197544,308.6952600894678,48814700
2020-02-20,307.9276428222656,309.4720810157457,304.9392784662439,308.64957801451567,74163400
2020-02-21,304.75653076171875,306.8858296734732,303.93402773606726,306.5751180835918,113788200
2020-02-24,294.6492919921875,304.8297655988534,293.57090670598495,295.30727797655084,161088400
2020-02-25,285.7206726074219,296.6505202633772,284.84336760311373,296.0382446469935,218913200
2020-02-26,284.6697998046875,290.7104521537765,283.93871677139504,287.1189586441504,194773800
2020-02-27,271.88470458984375,284.7245306635666,271.88470458984375,279.14993383317045,284353500
2020-02-28,270.74237060546875,272.2319789613865,260.9457107535948,263.833535145683,384975800
2020-03-02,282.4674072265625,282.53138466870956,269.0975162694885,272.52452066836804,238703600
2020-03-03,274.37957763671875,286.80818159326185,271.9395669552168,282.8419998690826,300139100
2020-03-04,285.9126892089844,286.13203646293175,277.20352949945715,279.7532286727096,176613400
2020-03-05,276.4083557128906,281.90070830188273,274.1693970755827,278.71131965746457,186366800
2020-03-06,271.8390808105469,273.0453928793516,265.231835125878,267.9003132173233,228667200
2020-03-09,250.6099090576172,259.71202207505866,249.89709348195655,251.58772614350622,309417300
2020-03-10,263.5777282714844,263.6690927281698,249.94281022843532,260.1233095601224,276444100
2020-03-11,250.72869873046875,257.6558306839711,247.54845736466214,256.5226437962952,255316300
2020-03-12,226.73968505859375,243.69193139870373,226.34671474938688,233.95009968243195,392220700
2020-03-13,246.122802734375,248.09675988860485,227.1143558727971,240.429398147559,329566100
2020-03-16,219.19113159179688,234.77256174758443,216.91559643304075,220.40656312966803,297240000
2020-03-17,231.02574157714844,234.10548499816915,216.65060754197967,223.93411978479276,262070500
2020-03-18,219.32818603515625,226.97725206088896,208.38005798669764,215.90118312835693,327597100
2020-03-19,219.7942657470703,226.0725449069811,212.2183103648007,218.64279772577996,289322000
2020-03-20,210.3224334716797,224.72694441324552,210.04665824854578,222.94361386702494,347158800
2020-03-23,204.94488525390625,211.13137648969655,200.6336404665036,209.76171566084122,326025200
2020-03-24,223.5135040283203,224.38679443586042,214.91860676820664,215.48853185396266,235494500
2020-03-25,226.859619140625,235.6475802643827,220.38816470935495,225.0946770230059,299430300
2020-03-26,240.1058349609375,241.57659857512195,228.93704492773614,229.3690894539827,257632800
2020-03-27,232.95416259765625,239.7473562360883,230.77556488684385,232.8162819931154,224341200
2020-03-30,240.51950073242188,241.23650788451303,233.0552652380832,235.05001734341474,171369500
2020-03-31,236.9344482421875,242.0638024214254,235.52801015650786,239.5175140854748,194881100
2020-04-01,226.27127075195312,236.85174851191033,224.20297754937033,227.95348423990177,189554600
2020-04-02,231.4925994873047,232.27394638304975,224.83728566556516,225.38883620204277,177660400
2020-04-03,228.14651489257812,232.8622275477319,225.41636693712175,230.50895788891833,135561200
2020-04-06,243.4702911376953,245.43748142052502,228.12816222742413,237.01722588258153,188061200
2020-04-07,243.7185516357422,252.81903867688385,243.497942609033,252.065253764921,201427200
2020-04-08,251.89968872070312,253.71059517797096,243.82875134404637,246.31988737663727,153774500
2020-04-09,255.73292541503906,258.49064914825794,253.22338671872393,255.16297227897329,189999200
2020-04-13,253.39813232421875,255.09873482436922,249.49135568607434,254.75861993494436,114839100
2020-04-14,260.87152099609375,261.8918654699185,253.26020343605688,258.2884549436128,134143400
2020-04-15,255.32847595214844,261.0093805310118,253.21420410146158,255.15381785852156,121775000
2020-04-16,256.560302734375,257.4151905782351,253.49003955687044,256.6062535871755,131798300
2020-04-17,263.4913635253906,264.09803815159717,259.5937609848719,262.33311040568213,146684800
2020-04-20,258.8492126464844,263.6292797051415,258.6286036617239,259.786828884741,100109300
2020-04-21,250.98974609375,255.58595430937598,250.05210166382398,254.38175000112426,126385700
2020-04-22,256.560302734375,258.30685593614993,254.5471616484955,255.87087162422512,92951600
2020-04-23,256.5418701171875,261.0093977789953,256.23853280732754,257.8380038199027,104709700
2020-04-24,260.1177062988281,260.7887625327662,256.0086966523413,258.0586148072076,85063200
2020-04-27,263.8682556152344,264.98973134296574,261.6345055515394,262.09412629154366,77896600
2020-04-28,262.65484619140625,267.86692903854635,262.3514808302591,267.51761283020494,105270000
2020-04-29,269.53076171875,271.0659071925588,266.9568970325676,267.98644290704055,118745600
2020-04-30,267.0212097167969,269.631851513318,265.28383028027514,268.15185850594577,122901700
2020-05-01,259.9522399902344,267.18666411275467,258.78478565307967,262.268717832664,125180000
2020-05-04,260.66925048828125,260.97258776035505,256.58781705500485,258.0677820162113,80873200
2020-05-05,263.07769775390625,265.8905741855777,260.79796898937275,263.4913676039255,79569900
2020-05-06,261.2944030761719,265.1644020355753,260.86235843797067,264.7783363053678,73632600
2020-05-07,264.44732666015625,266.3777389730855,263.9417551736114,264.511680282958,75250400
2020-05-08,268.8229675292969,269.2917896381727,266.45130891700745,267.58198598128706,76452400
2020-05-11,268.8780822753906,270.25694423577727,266.4696745397316,266.8925176860717,79514200
2020-05-12,263.5189514160156,270.47758767684087,263.3810427599695,270.0639458677684,95870800
2020-05-13,258.8584289550781,263.9969859100772,256.43161777077114,262.95823845859854,144721100
2020-05-14,261.9563293457031,262.08500860643056,250.9438027988502,256.4225039677062,121977900
2020-05-15,263.1605224609375,263.20647332642034,258.6194660511916,259.56628391499515,111146300
2020-05-18,271.1763000488281,272.7849730152195,269.06205537135446,269.38376752220853,119703800
2020-05-19,268.3909606933594,272.28853594964113,268.3725859611599,270.5787601052246,95189300
2020-05-20,272.9502868652344,273.814375850398,271.70013227998567,271.9299425834225,85861700
2020-05-21,271.06591796875,273.63060941899073,269.97201842037936,272.82167247031106,78293900
2020-05-22,271.5806884765625,271.75534659131654,269.5399713937195,270.78095292638466,63958200
2020-05-26,274.9267272949219,277.7855828624157,271.59907765243577,277.5465711025609,88951400
2020-05-27,279.01739501953125,279.05417253749494,272.8952427443175,277.72126102832135,104817400
2020-05-28,278.5025939941406,282.0600540546706,277.8315376106127,280.0469129571108,90405200
2020-05-29,279.7436218261719,280.3319218865328,275.28529427417817,278.03381779303385,119090800
2020-06-01,280.8742980957031,281.4810010010921,278.5853951754415,279.10016829764464,55758300
2020-06-02,283.1998291015625,283.24580799540894,280.4605081581099,281.79339112536235,74267200
2020-06-03,286.9688415527344,287.9248606902296,284.90974930553955,285.1855105697075,92567600
2020-06-04,286.2149963378906,287.7225657388418,284.119127013096,285.98518598186917,75794400
2020-06-05,293.5505676269531,295.324696931107,291.5466279553278,291.6109815909454,150524700
2020-06-08,297.098876953125,297.2919098216804,293.81717792255563,294.3595270647997,73641200
2020-06-09,294.88348388671875,297.17238620785696,293.5689472426089,294.43303648292283,77479200
2020-06-10,293.238037109375,296.3542792450485,292.52102986489626,295.46261387215606,95000800
2020-06-11,276.33319091796875,286.941246338049,275.78166842632197,286.3069674196292,209243600
2020-06-12,279.64251708984375,284.119219798626,274.48558448206074,283.34706011659046,194678900
2020-06-15,282.2530822753906,283.38375938311225,272.7757049594633,273.9523329194972,135782700
2020-06-16,287.685791015625,290.14937937635153,282.82302403325144,290.0022973807095,137627500
2020-06-17,286.49078369140625,289.0003228615567,285.75537372521586,288.7061588750805,83398900
2020-06-18,286.6011047363281,287.0791002022098,284.5144366960276,284.97405743157583,80828700
2020-06-19,284.9631652832031,290.26282089573067,283.01501607269654,290.0689386157883,135549600
2020-06-22,286.79132080078125,287.18832733403883,283.21820564851276,284.36307218217655,74649400
2020-06-23,288.1115417480469,290.37360494908,287.70529343295135,289.44107656536517,68471200
2020-06-24,280.7621765136719,286.6896879902903,278.92484547295174,286.07107366384247,132813500
2020-06-25,283.772216796875,284.03997787072643,278.16785889819096,280.18985933823365,89468000
2020-06-26,277.0321960449219,282.885859215094,276.4505490229153,282.6734931052813,127961000
2020-06-29,281.1037902832031,281.2422776181715,275.99801723994534,278.2877778251343,79773300
2020-06-30,284.7046203613281,286.40349236880866,280.51291980961736,280.66986274061657,113394800
2020-07-01,286.6988830566406,287.9638090940719,285.3601346812486,285.82177788168684,72396500
2020-07-02,288.27777099609375,291.4815764666122,287.61300354993097,290.13355781025984,69344200
2020-07-06,292.72802734375,293.3097024538688,291.3523392224344,292.10019917073765,61713800
2020-07-07,289.7088623046875,293.1619451017001,289.3303114252415,291.1861264698139,82910000
2020-07-08,291.92474365234375,292.03553353353783,288.71172439183437,290.4751769616239,54638600
2020-07-09,290.2629089355469,292.77425016071106,286.8467365020925,292.5341865760372,83354200
2020-07-10,293.2265319824219,293.49429293476067,288.7670709526723,290.19815363911744,57550400
2020-07-13,290.68756103515625,297.95382235069326,290.03203541314804,295.57175522796825,102997500
2020-07-14,294.45452880859375,295.23008605009807,288.06537413839186,289.2656352600485,93657000
2020-07-15,297.1597900390625,298.25850331831754,294.77769489481517,297.6768282673625,87196500
2020-07-16,296.1811218261719,296.6335232521369,294.61152330631586,295.2578352089557,54622500
2020-07-17,297.039794921875,297.82459424337384,295.21167713283364,297.1875241733961,62774900
2020-07-20,299.4403991699219,300.1882592673395,296.0242265404626,296.77208663788025,56308800
2020-07-21,300.0774230957031,301.8501178028075,299.08949955212785,301.40695821426857,57292200
2020-07-22,301.7854919433594,302.099434231955,299.6065487498866,299.71733865104954,57792900
2020-07-23,298.18475341796875,302.12720683233476,296.81830672855267,301.4254997151866,75738000
2020-07-24,296.2641906738281,297.28902521270993,294.7592290992445,296.32882749424476,73766600
2020-07-27,298.42474365234375,298.6001703884858,296.16267985039116,296.95672110500396,48293000
2020-07-28,296.531982421875,298.81250154862204,296.2365239348657,297.69530442770673,57495000
2020-07-29,300.1789855957031,300.7422051686178,297.37218596811334,297.4091253277657,48454200
2020-07-30,299.1079406738281,299.5234309444589,295.1193636875488,297.2059723944225,61861700
2020-07-31,301.4715270996094,301.5731032762325,296.6796674453573,300.8990939222795,84986800
2020-08-03,303.56744384765625,304.33375941571626,302.5887621937607,303.13349796893095,53077900
2020-08-04,304.7400207519531,304.7400207519531,302.7087786426871,302.7087786426871,41917900
2020-08-05,306.6326599121094,306.89120717639355,305.77401024648213,306.04177121558547,42697700
2020-08-06,308.6824035644531,308.8024353334043,305.7279032834886,306.0510592360944,43679400
2020-08-07,308.90399169921875,309.19020827921787,306.8081131712944,307.71294414525704,57308300
2020-08-10,309.82733154296875,310.0119719811735,307.41753855083357,309.3564462990686,44282100
2020-08-11,307.269775390625,311.64617312266336,306.5403992490115,311.00910310173,69601100
2020-08-12,311.55389404296875,312.3294515588477,309.6796230021421,309.7073204785493,53774400
2020-08-13,310.9906311035156,312.3017105491452,310.0673444500074,310.78750691268493,41816100
2020-08-14,310.9998779296875,311.5353999760587,309.87346706744495,310.6028714247222,47260400
2020-08-17,311.9878234863281,312.3848300193641,311.00914180297326,312.01552096127307,35481000
2020-08-18,312.66180419921875,313.0865081681524,310.7875052531915,312.38480129876183,38733900
2020-08-19,311.35992431640625,313.557322573065,310.79670488557355,313.04028437426666,68054200
2020-08-20,312.3293762207031,312.8094750881142,309.50412160274976,309.63336706931557,42207800
2020-08-21,313.4373474121094,313.658927181265,311.6553828469121,311.9970225596553,55106600
2020-08-24,316.613525390625,316.68737593780014,313.40971903177535,315.8748790364872,48588700
2020-08-25,317.7213134765625,317.8044058719142,316.01322799042714,317.17657787828045,38463400
2020-08-26,320.90679931640625,321.1745322009073,317.76762983680743,318.3123656667442,50790200
2020-08-27,321.6084289550781,323.0579957694621,319.94652424244754,321.77464196751936,58034100
2020-08-28,323.68585205078125,323.8151257187456,321.4422720409016,322.63331982174736,48588900
2020-08-31,322.5132141113281,324.350545281418,322.2823924798507,323.47343998768525,66099200
2020-09-01,325.5509338378906,325.6524818619685,322.44867551408413,323.34426484408283,54908700
2020-09-02,330.2596435546875,331.22908325949226,326.31719155514446,327.46208615275333,69540000
2020-09-03,318.8940124511719,329.0409244463154,316.3087927397801,328.5700392045548,148011100
2020-09-04,316.290283203125,321.14675134230083,309.18096542994215,319.5771810982591,139156300
2020-09-08,307.6483154296875,316.35492934972956,307.34364325395643,310.87981848066687,114465300
2020-09-09,313.7236022949219,316.18876205705584,310.78752911291656,311.65542088332745,91462300
2020-09-10,308.2762145996094,316.2533971603592,307.3159885272084,315.5978714825398,90569500
2020-09-11,308.43316650390625,311.11993430191217,305.6079113300187,310.05816018485217,84680200
2020-09-14,312.4955749511719,314.2682976219797,308.58084878107974,311.59998582152673,65605700
2020-09-15,314.07440185546875,315.7824594521563,312.50480343116857,314.9515071825437,52920900
2020-09-16,312.8280029296875,316.7427294770832,312.5510000169259,315.3116463788061,82096000
2020-09-17,310.07659912109375,311.79392701921023,307.4452264147787,307.97150659133644,91523300
2020-09-18,306.5068054199219,310.9933980198159,304.0224987247291,310.88216462887675,105877900
2020-09-21,303.0954284667969,303.2437490415965,298.2380498714508,301.91817103397455,99450800
2020-09-22,306.1822814941406,306.73847660305466,302.0664772931383,304.57862001536944,63612100
2020-09-23,299.0816345214844,307.01660211722344,298.58105607201094,306.7384904056228,93112200
2020-09-24,299.8789367675781,302.93796870174026,296.4490890808035,297.76541710832953,76681300
2020-09-25,304.7269592285156,305.5148717009548,298.1546568746652,299.0259943751535,71069400
2020-09-28,309.7883605957031,310.50212711319176,307.89730790676646,308.8891862166308,64584600
2020-09-29,308.1011657714844,310.3259180903288,307.40592890376666,309.58434341380087,51304000
2020-09-30,310.4371032714844,313.58883730414396,308.57385987247454,308.76851822648564,104081100
2020-10-01,312.4301452636719,314.00599831587897,310.54837218800964,313.0326781450821,88698700
2020-10-02,309.4638671875,312.4024144710618,307.0073689601297,307.4801391377748,89431100
2020-10-05,314.95159912109375,315.1369786568774,311.47541457094957,311.5217523825799,45713100
2020-10-06,310.4742736816406,317.1856469045774,309.9644445702148,315.0906571878008,90128900
2020-10-07,315.8785400390625,316.68501022213155,313.403484518265,313.43129285943087,56999600
2020-10-08,318.6781005859375,318.74299616214427,316.8982814154723,317.8160134938171,45242500
2020-10-09,321.52386474609375,321.9873559657683,319.706987085962,320.32804947834086,59528600
2020-10-12,326.696533203125,328.17043242336644,323.57260577192744,324.0639055120079,80388500
2020-10-13,324.5644226074219,326.7335584990035,323.60035278140873,326.55742954167613,73255500
2020-10-14,322.5250244140625,326.23295452878085,321.7927285846741,325.13912193436175,57727900
2020-10-15,322.1264343261719,322.6084550653457,318.07552513157503,318.6131625602973,60357700
2020-10-16,321.9317626953125,325.13911424772533,321.7556337558863,323.4798076396234,89501900
2020-10-19,317.037353515625,323.8228451922091,316.13817918991043,323.19250376305786,68425600
2020-10-20,318.3072204589844,321.55165885307974,317.6212625367953,318.381366603576,60051900
2020-10-21,317.70465087890625,320.4299810784474,317.39873088079713,318.26081762227835,63575000
2020-10-22,319.4474182128906,320.0314217004003,315.77657552045014,317.91790278181213,55399300
2020-10-23,320.5319519042969,320.726610274408,318.07545436489823,320.6709935972334,49143900
2020-10-26,314.6086730957031,317.9365376041865,311.1139302008655,317.1485966489191,91473000
2020-10-27,313.5240783691406,315.28533977636755,313.3108621718636,314.9516395955158,65994100
2020-10-28,302.8080139160156,313.5517343991659,302.31671447336083,307.85079943157695,127094300
2020-10-29,305.8857421875,309.05600697903935,301.3527834922928,303.0398986890324,90597700
2020-10-30,302.6968994140625,305.6168888814722,299.0445857878949,304.3098400497384,120287300
2020-11-02,306.0896911621094,308.0919488492275,303.3458020708051,306.0896911621094,86068300
2020-11-03,311.4938659667969,313.5517678362725,306.1729965348642,309.3247307458774,93294200
2020-11-04,318.45562744140625,322.5343454427772,314.79403465889675,315.9712924400372,126959700
2020-11-05,324.6663513183594,326.4739785623512,323.3871109043666,323.7393687910326,82039700
2020-11-06,324.5922546386719,325.843686899162,322.2655190878707,324.3790384407535,74973000
2020-11-09,328.6709289550781,337.77390433814645,328.2074376824893,337.3938380999121,172304200
2020-11-10,328.18890380859375,329.24564918548936,324.9166565996286,327.6790464420353,85552000
2020-11-11,330.6267395019531,331.45173891406137,329.1342835137285,330.3764362135969,58649000
2020-11-12,327.41943359375,330.6731507511697,325.6118349534943,329.61637727502233,67546200
2020-11-13,331.95245361328125,332.6940283304285,328.80996922022456,329.3290771800801,62892200
2020-11-16,336.0960693359375,336.2907277500925,333.33365115779196,334.62217047881086,74541100
2020-11-17,334.28839111328125,335.49348521603423,332.17487235671945,333.6858582065338,66111000
2020-11-18,330.2653503417969,335.1042005097741,330.22826311784223,334.55728418581134,70591300
2020-11-19,331.65576171875,332.02654902065063,328.2908110827179,329.6349468775226,59940900
2020-11-20,329.38470458984375,331.6002065139429,329.31055843142065,331.39626921670055,70417300
2020-11-23,331.3592224121094,332.61993357318823,328.958340654461,331.1923723183577,63230600
2020-11-24,336.69866943359375,337.245585851387,333.0556340820926,333.90844235451766,62415900
2020-11-25,336.17950439453125,336.64299568251425,335.0856717443146,336.61518733680583,45330900
2020-11-27,337.11578369140625,337.5885255934708,336.1053477355722,337.27335489567287,28514100
2020-11-30,335.623291015625,336.6058902297958,332.9443262265779,336.3370573763305,83872700
2020-12-01,339.29412841796875,340.83292278060395,338.28372087591083,338.87700326166663,74231400
2020-12-02,340.0079650878906,340.16553629221875,337.6070834828416,338.1818081843012,45927000
2020-12-03,339.91522216796875,341.30569594652076,338.81211070717654,339.90594329021474,62882000
2020-12-04,342.8445129394531,342.8445129394531,340.4065442272832,340.4992481431544,50749900
2020-12-07,342.1400146484375,342.6313143095269,340.8700529748252,342.07511907507774,48944300
2020-12-08,343.14111328125,343.7065590089636,340.8236571068303,340.8699949146147,42458900
2020-12-09,340.0635070800781,343.95681627791015,339.2292285583469,343.79924510819586,74098300
2020-12-10,339.9523620605469,340.99982870636666,337.82028496287495,338.6916509289143,57735400
2020-12-11,339.5536804199219,339.9615549854479,336.7356739717107,338.255910570185,57698600
2020-12-14,338.03350830078125,342.7981845770824,337.85737932801413,341.7229095602371,69216200
2020-12-15,342.6034851074219,342.6034851074219,339.2014749129828,340.5733910132798,63865300
2020-12-16,343.14111328125,344.058816873757,341.9360190969958,342.81666375897925,58420500
2020-12-17,345.05999755859375,345.2639348642844,343.956885989985,344.78191409140845,64119500
2020-12-18,343.68218994140625,345.5161309651634,341.67136919379556,345.3485696719916,136542300
2020-12-21,342.4533996582031,352.3213066638467,337.0260664305187,339.7630149194955,96386700
2020-12-22,341.87615966796875,342.8908742196503,340.7497375927771,342.7791666961401,47949000
2020-12-23,342.1833190917969,344.09172188070283,341.8574866032453,342.8442740875377,46201400
2020-12-24,343.5146179199219,343.542544801245,342.0716817018129,342.6581462095984,26457900
2020-12-28,346.4656677246094,346.8566440369137,345.4416347950201,346.06534457269254,39000400
2020-12-29,345.8046875,348.16926748527214,345.2181946161471,347.9923877771309,53680500
2020-12-30,346.29803466796875,347.33138589790764,345.90705840463,346.6238671606465,49455300
2020-12-31,348.0575866699219,348.78371400805713,345.59061740637577,346.1026197103733,78520700
2021-01-04,343.3191223144531,349.5191455225328,339.6233135802176,349.38880113928235,110210800
2021-01-05,345.68365478515625,346.7728598923991,342.6301928867929,342.6767566253038,66426200
2021-01-06,347.7503662109375,350.9434912559952,343.62633562425066,344.17558324644114,107997700
2021-01-07,352.9169921875,353.66172782753097,349.9473112363885,350.1241909226185,68766800
2021-01-08,354.9278869628906,355.14198358914405,351.05519832067495,354.30414871589034,71677200
2021-01-11,352.535400390625,354.2948508857765,351.6323932699845,351.7534192361298,51034700
2021-01-12,352.60980224609375,353.6245167279708,350.3662482704432,352.72153817176564,52547700
2021-01-13,353.5594177246094,354.5554954734266,351.7534035637951,352.53538468344925,45303600
2021-01-14,352.3212890625,354.80689545132014,351.9861664446019,354.3041831146207,49989100
2021-01-15,349.7518005371094,351.5019320192505,347.8899331473134,350.70134267836227,107160000
2021-01-19,352.4981384277344,353.0380960342888,350.72936958492306,352.2095511727949,51233300
2021-01-20,357.376220703125,358.21405551285824,354.397220924243,354.78819724418975,61836100
2021-01-21,357.70208740234375,358.36307102761856,356.780471791413,357.93482091297085,47840100
2021-01-22,356.43597412109375,357.5996414893799,355.4677949159223,355.8494812219019,52860500
2021-01-25,357.8417053222656,358.1954363497445,352.3212455515999,357.1714317593944,70402000
2021-01-26,357.283203125,359.2009250817401,357.050469601999,358.79131180846997,42665300
2021-01-27,348.55096435546875,354.05278710492604,346.31672868098127,353.95968803310404,123351100
2021-01-28,351.5485534667969,355.5515576481308,349.928737662884,350.3662492978682,94198100
2021-01-29,344.5107421875,350.65491209093165,342.83504399028214,349.6867328043069,126765100
2021-02-01,350.24530029296875,351.27862337041176,344.7993308471236,347.9086469202224,75817600
2021-02-02,355.19781494140625,356.7524870405597,350.32904887111556,353.4290462295083,64450700
2021-02-03,355.47711181640625,357.19934519602856,354.20173693182824,356.02635940269215,52427100
2021-02-04,359.51739501953125,359.563930354463,355.5888524983493,356.5104680448607,47142600
2021-02-05,360.93243408203125,361.6399530541466,359.47088920889945,361.3886110871411,48669800
2021-02-08,363.5390319824219,363.5855673167599,361.52821120762786,362.38465454642807,38365200
2021-02-09,363.2969055175781,363.89271677001443,362.29150954139715,362.7010942651418,35551100
2021-02-10,363.138671875,365.18673775500156,360.7368749883138,365.0377849264699,59154400
2021-02-11,363.7251892089844,364.637514691375,361.29546527923713,364.2185830573535,42913300
2021-02-12,365.52197265625,365.76399619957346,362.85016796886265,362.9246586051573,50593300
2021-02-16,365.2054138183594,366.94628434358594,364.4886048325737,366.7507677394015,50972400
2021-02-17,365.2891845703125,365.54052650809217,362.44050055956217,363.4552435609881,52290600
2021-02-18,363.7345275878906,364.479263411607,360.9603340863235,362.68256763974955,59712800
2021-02-19,363.0921630859375,365.27986352452217,362.645304567679,364.9912762762247,83241000
2021-02-22,360.29937744140625,362.7104930424211,360.0293986322245,360.3273043244353,67414200
2021-02-23,360.7369079589844,362.0867735591579,353.941101443955,358.0930589330605,107284100
2021-02-24,364.7119445800781,365.1401946066292,358.6608745485557,359.64766215783163,72433900
2021-02-25,355.9239807128906,364.81441738369665,354.4810443890207,363.4459432788632,146670500
2021-02-26,354.0899353027344,358.9494104465526,352.10707034788055,357.8043801558379,152701600
2021-03-01,362.6732177734375,363.92069420530373,354.28552261817083,358.95880058810565,105348800
2021-03-02,359.84320068359375,363.1293962418053,359.34048841861335,362.89666276485025,79595300
2021-03-03,355.07684326171875,360.11317098093735,354.97442575307235,359.1450201183431,119940200
2021-03-04,350.68280029296875,357.47860618196836,346.19569221992555,354.89061115902405,183433000
2021-03-05,357.1341552734375,358.18611506318695,346.90320141461257,354.1830824863514,152039600
2021-03-08,355.3560791015625,360.9044370293171,355.07681030362994,358.09302696069,123149200
2021-03-09,360.4297180175781,362.9804680067196,358.69816605856334,359.2008783576128,113633600
2021-03-10,362.6732177734375,364.3675242968636,361.36062596963234,362.7756352759854,109899400
2021-03-11,366.3504638671875,368.32403944461987,364.6840840161151,365.14026100475496,86245000
2021-03-12,366.8438720703125,366.98350649683164,364.1814143051709,364.9913223888349,64653600
2021-03-15,369.0315246582031,369.29218502366257,364.95402947649114,367.09516616349055,73427200
2021-03-16,368.5660095214844,370.3533865339371,367.793318546746,369.6458961543537,73722500
2021-03-17,369.82281494140625,370.6234044689322,366.13629619510306,367.28135513431295,97959300
2021-03-18,364.4419860839844,369.3200702632121,363.76239416037566,367.23478757465904,115349100
2021-03-19,363.7677307128906,365.7197518785145,361.5915342319768,364.14131823450606,113624500
2021-03-22,366.67242431640625,368.05472957490497,364.22539313813485,364.28142984428587,73778600
2021-03-23,363.7864074707031,367.4849724644324,363.00186510857276,366.0373101003052,90686600
2021-03-24,361.9371032714844,366.821844910974,361.8904155198871,365.18737456445785,97588600
2021-03-25,363.97320556640625,364.7670683556702,358.5560867809132,360.4987874842971,116128600
2021-03-26,369.83856201171875,370.2401678212908,364.52419698725413,365.1219312266108,114409100
2021-03-29,369.6517639160156,370.55772850073316,366.87783346614003,368.362862908593,108107600
2021-03-30,368.671142578125,369.3436115196959,367.0740110275809,368.3816101105084,76262200
2021-03-31,370.16546630859375,371.7252304449524,369.2128139187483,369.2408322683644,112734200
2021-04-01,374.1628723144531,374.2189375105821,371.893300729822,372.0987781059756,99682900
2021-04-05,379.5332946777344,380.0750207457854,376.7500437520767,376.82474984617124,91684800
2021-04-06,379.3091125488281,380.35516878606614,378.6366437530473,378.97289240238507,62021000
2021-04-07,379.7481689453125,380.0937381170486,378.6834430784203,379.1410856568923,55836300
2021-04-08,381.55072021484375,381.60675691392385,380.06569068342264,380.99967367195654,57863100
2021-04-09,384.3246154785156,384.49275406318844,381.30786894490393,381.429291282708,61104600
2021-04-12,384.4647216796875,384.73555618947427,383.11978406878455,383.72686723274467,56704900
2021-04-13,385.6041564941406,386.22993756231864,383.97903541086856,384.36197181036624,56551000
2021-04-14,384.287353515625,386.6316316879288,383.74562736217496,385.57622623649513,61659900
2021-04-15,388.4154968261719,388.68635987083064,386.3794207731198,386.42610852089956,60229800
2021-04-16,389.7137451171875,390.3208283501207,388.28475230611167,389.7043961665137,82037300
2021-04-19,387.7990417480469,389.228034481116,386.4728019580856,388.77974091961784,78498500
2021-04-20,384.9598388671875,387.6870536425675,383.4841295615655,386.5849603909126,81851800
2021-04-21,388.6023254394531,388.80780284580254,384.2032448539139,384.34336511048394,66793000
2021-04-22,385.0531311035156,389.26540322576255,383.98840538810305,388.43417324213044,97582800
2021-04-23,389.2280578613281,390.63838128168265,385.53884219304297,385.6135482901479,73209200
2021-04-26,390.0406188964844,390.61036333622997,389.293443913069,389.88185775138544,52182400
2021-04-27,389.9565734863281,390.5356668911207,388.8171130815738,390.3395099382348,51303100
2021-04-28,389.8445129394531,391.3482404466595,389.3775214221555,390.2274494039852,51238900
2021-04-29,392.32879638671875,392.9452284294535,388.9477833516609,392.57164102555447,78544300
2021-04-30,389.7510681152344,390.90922633880604,388.8544524767412,390.05929844599274,85527000
2021-05-03,390.5917663574219,392.12348390828936,390.096756425977,391.74054739484654,68128300
2021-05-04,388.18194580078125,389.0972592506833,384.4927306617044,388.602249482538,101591200
2021-05-05,388.30340576171875,390.05929824240366,387.7430102993665,389.82580250833166,60162200
2021-05-06,391.40423583984375,391.5349786293804,386.3700541332892,388.3781117451592,74321400
2021-05-07,394.2528076171875,394.9066069661422,391.4882265615958,392.17004425391184,67733800
2021-05-10,390.348876953125,394.8319841776763,390.2274545965479,394.60783736731895,81852400
2021-05-11,386.86517333984375,387.85519325173584,382.9891487599373,385.8284656691079,116888000
2021-05-12,378.6460266113281,385.3520172707222,377.32910724736956,384.08181415543856,134811000
2021-05-13,383.1945495605469,385.12790123879364,380.14975581622974,380.19647206863493,106394000
2021-05-14,389.0786437988281,389.9285717889335,385.90310715086446,385.93112550205916,82201600
2021-05-17,388.0885925292969,388.9011816537385,386.0711858984487,387.9671986859142,65129200
2021-05-18,384.7449035644531,388.5929084065509,384.5861139361804,388.35006374080274,59810200
2021-05-19,383.7362365722656,383.9136956201269,378.57131179137997,380.0563698240923,106467100
2021-05-20,387.86444091796875,389.1253236094422,384.49277612741383,384.61416996928796,78022200
2021-05-21,387.546875,390.59166843930177,387.089232490251,389.34945519441624,76578700
2021-05-24,391.4976806640625,392.5717554519268,389.54563104164197,389.7884757512618,51376700
2021-05-25,390.6290588378906,392.9359980945385,390.0499939116139,392.5810799776849,57451400
2021-05-26,391.40423583984375,391.90856610321015,390.1807204738854,391.21742785148024,43088600
2021-05-27,391.6097412109375,392.9453300641983,391.3295292083679,392.43165081383626,56707700
2021-05-28,392.3101806640625,393.4402919789062,392.0766849418198,393.1787779101102,58520200
2021-06-01,391.96466064453125,394.81329741149153,391.525687491623,394.67320566118025,54216600
2021-06-02,392.5810852050781,393.4216927574089,391.6097633493774,392.6184525081131,49097100
2021-06-03,391.1241149902344,392.26357557779556,388.79850605859133,390.2648664505085,58138800
2021-06-04,394.70123291015625,395.0001143194918,391.18944760771376,392.973358609629,55938800
2021-06-07,394.3183288574219,394.869375468293,393.38434575366006,394.6919163983461,51555000
2021-06-08,394.40234375,395.2709411073429,392.57174503386995,395.17753710589864,47134300
2021-06-09,393.81390380859375,395.3176311744139,393.5897570222941,395.242896577049,48436300
2021-06-10,395.64453125,396.5972121670287,393.7205285195885,395.0374479909109,51020100
2021-06-11,396.29833984375,396.41041324763955,394.90671424062083,396.1956153911513,45570800
2021-06-14,397.1855773925781,397.2883018302443,395.1681709071251,396.4103556235315,42358500
2021-06-15,396.45709228515625,397.3723773329353,395.5791460332352,397.33503853707737,51508500
2021-06-16,394.2434997558594,396.82130162532735,392.19810347152844,396.5971548550764,80386100
2021-06-17,394.1128234863281,395.0934942745737,391.6377741374557,393.8326399762295,90949700
2021-06-18,388.79608154296875,391.5228387958726,388.5899319002041,390.8294393593685,118676300
2021-06-21,394.3620910644531,394.5495102417298,389.742497165714,390.5577162541795,72822000
2021-06-22,396.4703674316406,397.3043454678535,393.6311417670724,394.352679752593,57700300
2021-06-23,395.9925537109375,397.35124264550416,395.90822366088724,396.5454031031455,49445400
2021-06-24,398.3350524902344,398.756702636822,397.88526373773,398.13828242182683,45110300
2021-06-25,399.7499694824219,400.1997582443463,398.75671098813206,399.0846801731096,58129500
2021-06-28,400.5558776855469,400.72453776466034,399.07536933086004,400.274777553691,53159600
2021-06-29,400.7713928222656,401.57723223614346,400.237273994288,400.9400528954754,35970500
2021-06-30,401.1087951660156,401.7834641932581,400.28419651092446,400.31230652888655,64827900
2021-07-01,403.3294982910156,403.48880742764095,401.8021208712644,401.8677204331776,53441000
2021-07-02,406.412353515625,406.7684327334074,403.41381877275404,404.49143596219454,57697700
2021-07-06,405.672119140625,406.68413685470637,402.9359824093808,406.4686076794865,68710400
2021-07-07,407.10577392578125,407.38690265779184,404.3415272693066,406.35615449938257,63549500
2021-07-08,403.7886657714844,404.5476647115918,400.60271181491555,401.7833895422592,97595200
2021-07-09,408.09893798828125,408.3987971278305,403.59178574520314,405.2972024307304,76238600
2021-07-12,409.5607604980469,409.8137791856225,407.5836230591932,408.01465274701275,52889600
2021-07-13,408.16461181640625,410.27294851905754,407.9022421705888,408.7736811446095,52911300
2021-07-14,408.77374267578125,410.3479893837978,407.5274938195921,409.86071097096965,64130400
2021-07-15,407.37750244140625,408.10839135369446,405.4753153622365,407.4337224657248,55126400
2021-07-16,404.1821594238281,408.60498202795424,403.7886192907794,408.5581415441631,75874700
2021-07-19,398.2132263183594,404.24775614946304,395.40211100310523,399.35641435707515,147987000
2021-07-20,403.91986083984375,405.19424821912867,398.0821000063619,398.87858854389634,99608200
2021-07-21,407.1900939941406,407.33067265477706,403.8729980876093,405.1192467876088,64724400
2021-07-22,408.04278564453125,408.2864248103382,406.3842377598322,407.3681167667281,47878500
2021-07-23,412.2407531738281,412.5780733348413,409.28908738037114,409.9731072389194,63766600
2021-07-26,413.2526550292969,413.2620345638391,411.60348692995865,411.65032741038584,43719200
2021-07-27,411.36932373046875,412.2407627628377,408.5394488652319,412.21265274876606,67397100
2021-07-28,411.2005920410156,412.57803977875034,409.7763038167769,411.9970804846023,52472400
2021-07-29,412.9060363769531,413.9836250033735,412.11892741688575,412.12830695326727,47435300
2021-07-30,410.9007873535156,412.3531856804309,410.207359374989,410.33855849930256,68951200
2021-08-02,410.0386657714844,413.1683708687938,409.6825865730587,412.6155215961337,58783300
2021-08-03,413.3745422363281,413.49636182074306,408.6425090931806,410.83517582420905,58053900
2021-08-04,411.34124755859375,413.3464954516936,411.1069878900075,412.09086705960937,46732200
2021-08-05,413.9461975097656,414.0305275555735,412.1845602964902,412.5031500015922,38969700
2021-08-06,414.63018798828125,415.0518667835452,413.983629086822,414.2647578157139,46930000
2021-08-09,414.2928161621094,414.9206159123269,413.5244377669037,414.602026269566,41222600
2021-08-10,414.80828857421875,415.52044714337615,414.0586690459545,414.74268900155386,43339300
2021-08-11,415.8389892578125,415.9326988371535,414.75202104898426,415.87647880877864,44034300
2021-08-12,417.085205078125,417.2257837341095,414.7894778443805,415.68902682349017,38909400
2021-08-13,417.8442687988281,417.86299927638066,417.0477802625369,417.53503004424323,39470300
2021-08-16,418.828125,418.95929552799396,414.98626119675987,416.5417486330433,73740000
2021-08-17,416.0826416015625,416.94470112800127,413.0934860818038,416.2700321700211,92673900
2021-08-18,411.5286560058594,416.63552844125934,411.28504538533383,415.07066120484444,89351900
2021-08-19,412.1657409667969,413.36517769933806,408.6612261268582,408.80177618265736,92812200
2021-08-20,415.4454040527344,415.7733732693985,412.0252190130029,412.51249736786883,72008700
2021-08-23,419.09991455078125,420.00884318252696,415.52042005494565,417.1321276721808,54973000
2021-08-24,419.7652282714844,420.299347194437,419.2498684240996,419.7652282714844,38744700
2021-08-25,420.64599609375,421.16135587884156,419.57775837696613,419.9525966891945,40529700
2021-08-26,418.162841796875,420.5991192042751,418.0691322205563,420.3648595615522,57829600
2021-08-27,421.9016418457031,422.2764515773078,418.9124863376052,418.9687063675384,77235100
2021-08-30,423.7569274902344,424.5440363918998,422.3326106810009,422.5762498396636,48357400
2021-08-31,423.12908935546875,424.0005282697617,422.5293996044798,423.66320814660753,59300200
2021-09-01,423.3539733886719,424.5814915085135,423.1197137689136,424.06613178350335,48721400
2021-09-02,424.65655517578125,425.462394702092,423.45714682758916,424.7783747777005,42501000
2021-09-03,424.55340576171875,425.068794112329,423.1197379507082,423.5226862527916,47170500
2021-09-07,423.0353698730469,424.30037749751193,422.36070104640845,424.20666793345083,51671500
2021-09-08,422.5200500488281,423.2322084875442,420.599103890751,422.5013195727054,56181900
2021-09-09,420.7115783691406,424.0755433312676,420.46793919543404,422.32328581858627,57970400
2021-09-10,417.39447021484375,423.06354222411983,417.27265062322766,422.64189201792766,89948200
2021-09-13,418.4626770019531,420.6553724465294,416.1481905625877,420.3930027876443,83738600
2021-09-14,416.2044982910156,420.1119337155956,415.31430007401667,419.9057840546144,78197100
2021-09-15,419.6808166503906,420.1774459218341,415.5203633365021,416.6260619263352,78792200
2021-09-16,419.0155029296875,420.1305523944603,416.0638088883506,419.15605298019295,77786700
2021-09-17,414.933837890625,418.66579952568367,414.5766179390553,418.2427985470541,118425000
2021-09-20,408.0152282714844,410.3841202455259,403.145796182089,408.8048589294982,166445500
2021-09-21,407.6297912597656,411.6531636956014,407.10337084294684,410.3559031370975,92526100
2021-09-22,411.6061096191406,413.64601007748894,407.74255702757415,409.9046386502538,102350100
2021-09-23,416.6072082519531,418.21469841814167,413.24187534861926,413.47688551104596,76396000
2021-09-24,417.29339599609375,418.0078359804858,414.7552750846295,414.97149473457984,62094800
2021-09-27,416.09954833984375,417.4249802239827,415.40389884937827,416.25933916263614,61371100
2021-09-28,407.7143859863281,413.65544911085703,406.98115550934745,413.32642918282806,130436300
2021-09-29,408.4006042480469,410.83530568589765,407.8365742138815,409.09622503378733,82329200
2021-09-30,403.4090270996094,410.58151260645667,403.0705975741562,409.8764821735044,140506000
2021-10-01,408.2031555175781,409.8858359543711,401.61349147576334,405.1386431605833,129240100
2021-10-04,402.9389953613281,407.9399892875987,400.79567536580527,407.037558391636,128570000
2021-10-05,407.1315612792969,409.3782432393912,403.64401892844825,404.4430304326626,90682500
2021-10-06,408.8236389160156,409.0304489893108,401.90495407806975,403.5312059070278,113032200
2021-10-07,412.3581848144531,415.1970969045478,411.92577420062315,412.1043841974191,72437500
2021-10-08,411.6061096191406,413.5144193283019,410.9762985644965,413.1289992900791,74557400
2021-10-11,408.62628173828125,413.8623151629453,408.560472006221,410.9481833441066,65233300
2021-10-12,407.6203918457031,409.951702812476,406.8307612007708,409.5474922480039,71181200
2021-10-13,409.0867919921875,409.9046225853422,405.6650597065649,408.6449718376633,72974000
2021-10-14,415.96795654296875,416.11836647826146,412.2829848477017,412.7530051375808,70236800
2021-10-15,419.1358947753906,419.5025243769304,417.4626236667043,418.0830539008593,66260200
2021-10-18,420.37677001953125,420.7151708749127,416.6917981413863,417.34983805497893,62213200
2021-10-19,423.61981201171875,423.6855930358415,421.3918922060494,422.00294140527114,46996800
2021-10-20,425.2837219238281,425.58454176597354,423.9676709741409,424.08047124300566,49571600
2021-10-21,426.3929443359375,426.6185448638883,424.24965325713134,424.682063831623,41305400
2021-10-22,425.9512023925781,427.40828257050583,424.0053114184127,425.9606119788899,58845100
2021-10-25,428.2354431152344,428.56446303148596,425.26494034706053,427.0416019944035,45214500
2021-10-26,428.6208801269531,430.99918156529145,428.2448696453988,429.78654991386077,56075100
2021-10-27,426.7220153808594,429.74894714064544,426.64679607068757,429.08152637361746,72438000
2021-10-28,430.83941650390625,430.9146071296096,428.14150456050857,428.1508854588699,51437900
2021-10-29,431.7136535644531,432.005063860842,428.2449013910372,428.53631168742606,70162400
2021-11-01,432.4562072753906,433.0766374014713,430.72653632741896,432.70059827941714,48433600
2021-11-02,434.2047424316406,434.51497189123603,432.4938616741639,432.6254811267831,48908400
2021-11-03,436.8556213378906,437.25983186693117,433.19885003088245,433.6406702124122,52509800
2021-11-04,438.9143371582031,438.9989373652711,437.10944667746986,437.4572570913363,52847100
2021-11-05,440.4371337890625,442.4300148756388,438.92368249345276,441.1421640991866,66390600
2021-11-08,440.8132019042969,442.0352718144265,440.1269906728055,441.53705147758245,50405200
2021-11-09,439.3561706542969,441.4148618185051,437.9461097849906,441.17985167362065,51149100
2021-11-10,435.82159423828125,439.35615587855733,434.3363427951768,437.6640656796384,69429700
2021-11-11,435.962646484375,437.3915266474943,435.9438559987734,437.31630732955944,34848500
2021-11-12,439.2527770996094,439.80739763161506,436.2822452510813,437.2316954723227,53466700
2021-11-15,439.4031677246094,440.7004283336517,438.27513622509247,440.54063749790726,46980500
2021-11-16,441.14227294921875,442.27971409763927,439.06479115534836,439.1399817843683,48857500
2021-11-17,440.070556640625,441.0575876528418,439.4501264917785,440.87897766963937,47858300
2021-11-18,441.5652160644531,441.8284262460176,438.37846513160173,441.10457673089655,50625600
2021-11-19,440.7756042480469,442.70267579983584,440.4089746825623,441.4524058684626,57315600
2021-11-22,439.5347595214844,445.1468026589416,439.3279494564215,442.6557009805207,72762000
2021-11-23,440.11761474609375,440.9730551422776,436.60187205072765,439.20577420842636,73206500
2021-11-24,441.2925720214844,441.4147818647302,437.2974002820981,438.11523084811967,61858800
2021-11-26,431.450439453125,436.08483277035555,430.32237924723853,434.61837171536075,112669600
2021-11-29,436.7428894042969,438.5853610359219,434.0449773431906,436.2446690099577,86268800
2021-11-30,428.2449035644531,436.20704878218436,428.00048382259115,434.29876746658414,148559600
2021-12-01,423.4882507324219,436.8086374124799,423.290850257439,433.9603158081163,131939200
2021-12-02,429.9745178222656,431.54439807571686,423.3096341374703,423.7044637690375,127637800
2021-12-03,426.2331848144531,432.7006394884692,422.0030024782896,431.638417799551,137331600
2021-12-06,431.2812194824219,433.16130061518345,426.3647969926562,428.78070813331755,98977500
2021-12-07,440.2021789550781,440.7662090115453,431.1495840464495,436.5642266881175,95484700
2021-12-08,441.3678894042969,441.8191192579429,438.8391776820334,440.59707784999495,72238800
2021-12-09,438.3879089355469,441.4712407407317,438.19050845590453,440.07997042228766,61272600
2021-12-10,442.5146484375,442.665058357532,438.53829554873346,441.0952068137605,77159800
2021-12-13,438.5947265625,442.3454791791736,438.3126971846737,441.99766876550603,87724700
2021-12-14,435.5771179199219,437.8144187233226,432.65360596586527,435.3233173325535,97264100
2021-12-15,442.3830261230469,442.6274171238725,433.11421269074907,435.6335428118317,116899300
2021-12-16,438.48193359375,444.5169779638093,436.930843709259,444.23497726904446,116568600
2021-12-17,433.81512451171875,438.4092001430193,432.10767604892624,435.3999337829501,135511600
2021-12-20,429.2022399902344,429.5984279577143,425.5798060591172,428.73056845563246,107134800
2021-12-21,436.824462890625,436.9659586009306,430.4568968299471,432.62657449075914,69806300
2021-12-22,441.1921081542969,441.3053047127946,436.3716102556049,436.56973302152085,58890200
2021-12-23,443.93731689453125,445.4372291320165,442.0883722782573,442.1921262120378,56439700
2021-12-27,450.219970703125,450.26712634622396,445.26741905868244,445.3145747017814,56808600
2021-12-28,449.8520202636719,451.6821081838997,449.0879146544429,450.65386765775884,47274600
2021-12-29,450.4274597167969,451.4462575660911,448.9558468297353,449.9557881814939,54503000
2021-12-30,449.18218994140625,451.8612805090057,448.7199611006096,450.85189662659343,55329000
2021-12-31,448.0501708984375,449.84251679144165,447.7766221637112,448.69166600009044,65237400
2022-01-03,450.6444396972656,450.7765215542985,447.0031490248722,449.31432242601716,72668200
2022-01-04,450.49346923828125,452.7858147658463,448.63508224842974,452.0688648240115,71178700
2022-01-05,441.843017578125,450.8991165177179,441.7486775164381,450.1255683158479,104538900
2022-01-06,441.427978515625,444.1448112867114,439.0601780901141,441.3808228754029,86858900
2022-01-07,439.6827392578125,442.61655098349416,438.32432302285764,441.4373722231892,85111600
2022-01-10,439.1356506347656,439.35260112059655,430.73046025596256,436.48485885738484,119362000
2022-01-11,443.1353759765625,443.22971603463884,435.8716233328437,438.87147596382505,74303100
2022-01-12,444.33343505859375,446.38994479619777,442.3712941726711,444.8711475087788,67605400
2022-01-13,438.2112121582031,446.0881335750446,437.1829715327748,445.43722446899045,91173100
2022-01-14,438.39044189453125,438.73947426347723,433.8435208770397,435.06044163485194,95890900
2022-01-18,430.62664794921875,433.90004939507276,429.5135100897984,433.6925127781855,109709100
2022-01-19,426.1552734375,433.5699368723863,425.88169585972383,432.1738074172843,109357600
2022-01-20,421.4384765625,432.7491496870087,419.3159548562535,428.041877426378,122379700
2022-01-21,413.1654052734375,422.6742906855869,413.1371061330772,420.3159330270776,202271200
2022-01-24,414.9200134277344,415.4294267475225,396.9210402768621,407.5525063368311,251783900
2022-01-25,409.85430908203125,414.80686073493035,402.9490301538802,408.52419175491247,167997300
2022-01-26,408.8260498046875,418.8820910132849,404.56212043743244,415.7501849161173,186391100
2022-01-27,406.80731201171875,416.57091988117384,405.1187484129023,413.42959969479165,149878300
2022-01-28,416.9105224609375,416.95767810367454,403.5810789597359,408.1657129140467,164457400
2022-01-31,424.41943359375,424.76846588196537,414.8916639623664,416.2406374827554,152251400
2022-02-01,427.28729248046875,427.9287589149775,421.61779092107525,425.1458850994215,123155400
2022-02-02,431.4379577636719,432.16432156191325,427.3815652994968,429.6927673307446,117361000
2022-02-03,421.29705810546875,427.3061493870198,420.45746888036115,425.4006065808514,118024400
2022-02-04,423.278076171875,427.12690349554987,418.68397092224063,421.0612140470099,118454400
2022-02-07,421.91961669921875,425.4382678088837,420.58949956003295,424.04213853628335,84472900
2022-02-08,425.39111328125,426.3155998254575,419.995189934305,421.4196471387826,81012000
2022-02-09,431.6171875,431.9379206826289,429.2305307331496,429.42862471301396,92589900
2022-02-10,423.8628845214844,431.77751733735505,421.8630019636303,425.76842702143995,140103700
2022-02-11,415.5049133300781,426.0231836326423,414.0710421144383,423.947845988049,153214600
2022-02-14,414.1464538574219,416.5802950386649,410.67495835599806,414.99548562999905,123006300
2022-02-15,420.8253479003906,420.9951427431811,418.0707734780917,418.5896294380124,88482700
2022-02-16,421.29705810546875,422.6743310487677,416.90107555558865,418.7783192186944,84863600
2022-02-17,412.29742431640625,421.26862404526133,411.6936998615702,418.10841973546616,102259100
2022-02-18,409.6278991699219,413.806902341528,407.3544387638589,412.55223985255054,132642900
2022-02-22,405.23187255859375,410.82588982072514,401.7320491873631,407.42043529880675,124391800
2022-02-23,398.043701171875,408.7129111688608,397.4776894566013,408.146899453587,132578000
2022-02-24,404.03387451171875,404.4678331044579,387.3744592030102,387.7329054308326,213942900
2022-02-25,412.9485168457031,413.0334142854598,403.6188380777887,405.2696888019006,121804500
2022-02-28,411.89190673828125,413.37296233027865,406.29788900505855,407.5525226744369,145615000
2022-03-01,405.61865234375,412.40129113186845,402.9112336256211,410.3919658423738,137785900
2022-03-02,413.0805358886719,414.8068411449072,407.1186004140651,407.8732634005898,117726500
2022-03-03,411.0240478515625,416.1180952528959,409.22225892771945,415.51437058927706,105501700
2022-03-04,407.68463134765625,408.81662588103086,403.63768107861074,407.2884145484183,113978200
2022-03-07,395.66644287109375,407.80726559886233,395.6004019359383,407.09975817846976,137896600
2022-03-08,392.66656494140625,403.0055972451965,391.60058263341585,395.84562657872834,164772700
2022-03-09,403.1943054199219,405.1753318232111,398.8643637492097,401.05292680024445,116990800
2022-03-10,401.3736572265625,402.26981595352635,396.6191996494863,398.5813407511495,93972700
2022-03-11,396.2701721191406,404.4772404206204,395.7607587468195,403.86407311815816,95636300
2022-03-14,393.37408447265625,400.4963135753872,392.2326473482891,397.04370305998077,95729200
2022-03-15,402.0245666503906,402.6565904451957,394.71365716973366,395.98714740326733,106219100
2022-03-16,410.9390869140625,410.995685192888,400.7321084005492,405.5337497664183,144954800
2022-03-17,416.0803527832031,416.0803527832031,408.6468044640496,409.02413595065417,102676900
2022-03-18,420.6376037597656,420.95933337461315,413.72981682419214,414.467909206015,106345500
2022-03-21,420.5146179199219,422.47338269242965,417.00392141262006,420.46728690424806,88349800
2022-03-22,425.4352722167969,426.3720741213854,421.905660231953,421.905660231953,74650400
2022-03-23,419.9563293457031,424.3943560786695,419.8711681632906,422.8992560796724,79426100
2022-03-24,426.2867431640625,426.29621514008994,420.86461444784766,421.98121025601324,64736900
2022-03-25,428.3686218261719,428.6430492710812,424.33748682777303,426.9208242937579,77101300
2022-03-28,431.4156188964844,431.4156188964844,425.87991232408183,427.7724596050413,68529800
2022-03-29,436.7525634765625,437.2446442247765,432.61735251287416,435.3047660404294,86581500
2022-03-30,434.0557556152344,436.4214398536475,431.9455548784965,435.60762945908306,79666900
2022-03-31,427.37506103515625,434.1125250531456,426.9208392701977,433.2892715675178,121699900
2022-04-01,428.58636474609375,429.09733183282185,425.00945074906633,428.95539653095295,89048800
2022-04-04,432.2578125,432.36191762304253,427.96175071510544,428.78500420961205,59601000
2022-04-05,426.7978210449219,433.23247058270414,425.65283796639494,430.76271011439627,74214500
2022-04-06,422.53009033203125,424.8106132427769,419.6439673154081,422.8802358321869,106898000
2022-04-07,424.6593017578125,426.47616024110664,419.7008360657591,421.65015787040545,78097200
2022-04-08,423.5237121582031,426.4193072695884,421.9812814601947,423.90221584948597,79272700
2022-04-11,416.2847595214844,421.0918174503352,415.7832355906516,420.24961995400275,89770500
2022-04-12,414.7423400878906,421.8015343492119,413.1904372386116,419.2749706687826,84363600
2022-04-13,419.49267578125,420.2496833419027,414.316556448872,414.49635079817483,74070400
2022-04-14,414.2691650390625,420.8363067294956,414.16505991706254,419.71968183285964,97869500
2022-04-18,414.43951416015625,416.1238802748247,412.2062931005156,413.341833148195,66002500
2022-04-19,421.129638671875,421.848787018053,414.1650495021856,414.33537183065033,77821000
2022-04-20,420.8173828125,423.5237406996165,419.65348460531936,422.9086685500845,65224400
2022-04-21,414.52471923828125,425.83270326471836,413.61630443070874,424.441679554067,85417300
2022-04-22,403.15045166015625,414.54356611501663,402.5826816695929,413.43644206750025,132471800
2022-04-25,405.4878234863281,405.6581458514601,396.33734249747044,400.9078614410856,119647700
2022-04-26,393.7445373535156,403.15050131692556,393.71615029439,402.95176302506155,103996300
2022-04-27,394.8516845703125,400.198155000715,392.71312527613804,394.823297509531,122030000
2022-04-28,404.82537841796875,406.55707558525125,395.1639313315665,399.6019576141651,105449100
2022-04-29,389.86480712890625,402.9896201658994,389.1172427381389,400.83211704855785,145491100
2022-05-02,392.2115173339844,393.5741537158079,383.25974771045304,389.93099434604335,158312500
2022-05-03,394.00946044921875,396.4224469103301,391.15169530175734,392.7130700591638,100028200
2022-05-04,406.00823974609375,406.57600980928174,391.4829309462933,394.67186907445193,144247900
2022-05-05,391.5774841308594,402.16628824210756,387.44227303458774,401.740453562189,172929100
2022-05-06,389.24029541015625,392.5143949581733,383.9317127901109,389.01319891928415,151770800
2022-05-09,376.7778625488281,384.5751496453727,375.1975725508125,383.33553324176137,155586100
2022-05-10,377.64837646484375,384.26282054447404,373.60779806565324,382.7582487909865,132497200
2022-05-11,371.64898681640625,382.3324247205916,370.9014225253903,376.68316971112745,142361000
2022-05-12,371.2609558105469,374.53505416069913,364.4572467735061,368.45052225228403,125090800
2022-05-13,380.1370849609375,381.5186365245012,374.35533743902573,375.39624432033366,104174400
2022-05-16,378.5946960449219,382.26624315358947,376.2384834313431,378.4906197842672,78622400
2022-05-17,386.3824768066406,386.61904522716617,380.9508462343475,384.6886388298432,83029700
2022-05-18,370.80682373046875,382.1053347959958,369.56720740842707,381.82146421765935,117674500
2022-05-19,368.5357666015625,372.96434969897865,366.3120175133911,367.7409001168937,98510700
2022-05-20,368.6966247558594,375.6990443299585,360.09500032544264,372.12213091455766,131432200
2022-05-23,375.594970703125,376.3614500919125,369.4063326029317,371.72468584727085,76414900
2022-05-24,372.72772216796875,373.9200072669515,366.1700241726604,371.4691621082922,91448800
2022-05-25,376.020751953125,377.98901729728556,370.83519088442847,371.2326096418207,91472900
2022-05-26,383.5341796875,385.1712435361306,377.0427561590206,377.2509375219795,82168300
2022-05-27,392.9495849609375,393.06313317262965,385.7957588445441,385.9944682150054,84768700
2022-05-31,390.7447814941406,394.0851264101224,388.0005936135915,391.3314665518741,95937000
2022-06-01,387.5842590332031,393.87697365023195,385.06716741079504,392.8644826922193,86585800
2022-06-02,394.9652099609375,395.01251209671574,385.1712709822698,387.42340710258367,79609600
2022-06-03,388.48321533203125,391.795173302903,387.50855457000824,390.24327056369185,71874300
2022-06-06,389.6660461425781,394.22706332553315,388.4926471442496,392.4953952002465,57508900
2022-06-07,393.4037780761719,393.85799980122914,385.710569071012,386.1742627730429,59272400
2022-06-08,389.1266174316406,393.47948161604893,388.331751100606,391.6910107127379,64350000
2022-06-09,379.87213134765625,389.61873928900354,379.87213134765625,387.34768809546443,86289800
2022-06-10,368.85748291015625,374.5162101273659,368.8101807755536,373.6645695586442,132893900
2022-06-13,354.8526916503906,361.29681422052283,353.2440145637145,359.4421255713329,170004900
2022-06-14,353.78338623046875,357.63472758428236,350.6796092755737,356.6032925923492,104011800
2022-06-15,358.8269958496094,363.27446487884,352.1273619331276,357.08582684228884,125666800
2022-06-16,346.9512634277344,351.0107858866292,344.51933296816924,350.6038951062925,134473300
2022-06-17,347.6991882324219,351.0444787331084,344.19238154711957,347.3665849634016,111113900
2022-06-21,356.4520568847656,357.8395764065463,353.3538694431423,353.4299145965904,76811900
2022-06-22,355.8058776855469,359.9209304712316,351.80483464367245,352.22299604948705,90059400
2022-06-23,359.2936096191406,360.0253774175742,354.380257681737,357.944112743824,79292100
2022-06-24,370.7169494628906,370.7264623574381,362.4393100729595,362.46781975387455,98050300
2022-06-27,369.30096435546875,371.93345521638525,368.20805445306024,371.6388454775464,66009600
2022-06-28,361.7550354003906,373.6440649503389,361.6409966809316,370.859513206885,86548900
2022-06-29,361.4604187011719,363.2946090766125,359.6357412197438,362.3062541919747,65676000
2022-06-30,358.5237731933594,361.7645084605366,354.0665767146873,357.56389907239446,112508300
2022-07-01,362.31573486328125,362.7529219458162,355.2450444294537,357.86805091376164,74839700
2022-07-05,363.0000305175781,363.0190563072348,354.38975859425415,357.221845993929,81438000
2022-07-06,364.2260437011719,366.7159861827103,360.75723003789744,363.1426176733525,70426200
2022-07-07,369.68109130859375,370.47939144659864,364.24502265222054,366.00319713599873,64525900
2022-07-08,369.3769836425781,371.2491967887842,366.516386504775,368.04645446042775,72397800
2022-07-11,365.1573486328125,367.6662874925925,364.4635744126361,366.696929365384,58366900
2022-07-12,361.9261169433594,366.99155941529256,360.17745545859367,364.60614303529803,62219200
2022-07-13,360.0254211425781,362.9620635927919,356.0624300737601,356.48059143871535,84224600
2022-07-14,359.15106201171875,360.234458871572,352.6220841639683,355.064490796516,89704800
2022-07-15,366.0127258300781,366.1267645686113,361.6505700647993,363.5607769406915,79060400
2022-07-18,362.99053955078125,369.7761047012278,361.7645652536722,369.1013562443131,63203600
2022-07-19,372.7982177734375,373.3684403556091,366.2597563730755,366.9154789894388,78506000
2022-07-20,375.1741638183594,376.5902220427515,371.6198214217243,372.98834417392436,71843800
2022-07-21,378.99462890625,379.04213537491796,372.1900378364041,374.5944510061109,64903900
2022-07-22,375.478271484375,380.31560739398503,373.2544293512537,379.1181717855212,72197300
2022-07-25,375.9344177246094,376.78973707432243,373.6915500269605,376.1054757940071,53631500
2022-07-26,371.48675537109375,374.4993845551237,370.59341339787153,374.29030390175836,52946400
2022-07-27,381.1329345703125,382.8815960228277,374.4898888264092,374.78449853291994,82342100
2022-07-28,385.9131774902344,386.6069226009788,378.3863040631557,381.94067465500603,73966600
2022-07-29,391.53936767578125,392.52775161157655,386.5784802133014,387.3482705951752,87003700
2022-08-01,390.3799133300781,392.8888811641739,388.1275616169894,388.84033261494034,69997500
2022-08-02,387.804443359375,392.49923066625485,386.6260045869153,388.81182405248916,63435400
2022-08-03,393.8772277832031,395.04615354744396,389.64810866127794,389.93320543237974,67820600
2022-08-04,393.61114501953125,394.48546115765066,391.96700956030446,393.8011998743411,45656600
2022-08-05,392.9459228515625,393.5921616324373,389.2680289335886,389.32504829644654,56814900
2022-08-08,392.48968505859375,396.88986230561017,391.3872625234864,394.637510773779,53886100
2022-08-09,390.93109130859375,392.2615912080888,389.85717849598336,391.7579009246113,44931800
2022-08-10,399.14227294921875,399.28485036063125,396.03460162898654,397.9923437821938,68665700
2022-08-11,399.14227294921875,403.85608634972215,398.40099222133176,401.993357133819,59489700
2022-08-12,405.89935302734375,406.0038788583054,400.130652464098,401.0810138483799,61694500
2022-08-15,407.5719909667969,408.09470715752286,403.62799681331194,403.685016179176,54048300
2022-08-16,408.3702697753906,410.29950209001703,405.69024389909407,406.4980568196023,59289000
2022-08-17,405.4717102050781,408.18024616058966,403.4664614502562,404.76845200711864,63563400
2022-08-18,406.6501770019531,407.3344094071018,404.3787992026303,405.67127686044,49023200
2022-08-19,401.185546875,404.1506695923492,400.3112016877868,403.8845695793236,68016900
2022-08-22,392.83184814453125,396.5192546194772,391.92899331076484,396.34816754384633,77695600
2022-08-23,391.8815002441406,394.7991164880296,391.3302744311885,392.4041873745743,49105200
2022-08-24,393.135986328125,394.50447996842576,390.9691636437866,391.6533959625738,49177800
2022-08-25,398.6860656738281,398.73357213624024,393.53509482903235,394.62800448902925,50942300
2022-08-26,385.19091796875,399.1137045548559,385.1338986136642,398.57202068154095,103087000
2022-08-29,382.6439514160156,385.6946028813485,381.284941800932,382.2353030427063,65370800
2022-08-30,378.443359375,384.0410012678557,376.34306905482566,383.8034109464827,85652400
2022-08-31,375.5638427734375,381.32303102305707,375.4308072476335,380.07805980425115,76029700
2022-09-01,376.74224853515625,377.08436469022797,370.678938652205,373.3874742240931,78740100
2022-09-02,372.76971435546875,381.62708880615634,370.95452075647603,380.4106274783638,99632100
2022-09-06,371.3631896972656,374.55638973388335,369.1393477426086,373.6155413307237,76637400
2022-09-07,378.03472900390625,378.80451936163286,370.8310028776724,371.04956742201074,70964200
2022-09-08,380.505615234375,380.9617700406463,374.55634494566635,375.76332221027627,80821700
2022-09-09,386.41693115234375,387.28176346215974,382.4824212375365,382.74852125573165,76706900
2022-09-12,390.5699768066406,391.29226066106133,388.1845607104956,388.4886832810648,69256300
2022-09-13,373.5870666503906,383.09068051072757,372.4656471755256,381.883702988719,122947100
2022-09-14,375.0125427246094,376.5331264751755,371.70527524233233,374.8889911257345,85023700
2022-09-15,370.7550048828125,376.305112280204,369.48152401791003,373.45402792521134,87633800
2022-09-16,367.92657470703125,368.585020179626,364.6343473440576,366.5715341126114,103084800
2022-09-19,370.77972412109375,370.77972412109375,364.7010595826664,364.77741710532587,73278500
2022-09-20,366.5238037109375,368.4609613594327,363.76599177517704,367.44944233835855,77274900
2022-09-21,360.1301574707031,371.50498233585387,360.1206054997159,368.45132204995605,106746600
2022-09-22,357.1051940917969,360.99858405499543,356.36086825522057,359.3572464253826,89472600
2022-09-23,351.1219177246094,353.66978968711527,346.67503807204696,353.63161092219536,122346900
2022-09-26,347.6484069824219,353.2785667174396,346.4269485005134,349.652370039799,92581200
2022-09-27,346.7609558105469,353.4598882434016,344.3657404059386,351.18873199675016,108294100
2022-09-28,353.58392333984375,355.27296245080464,346.01660643811806,347.71519752115427,110802200
2022-09-29,346.19793701171875,350.32034122123895,343.2492605532847,350.034073262893,112952300
2022-09-30,340.8445129394531,349.1752604718102,340.7109309251175,345.2532144843065,153711200
2022-10-03,349.8431701660156,351.6944470852205,342.78161312339256,344.5660844856892,89756500
2022-10-04,360.6837158203125,360.7123426191376,349.80509543871267,355.3684502374429,103602800
2022-10-05,359.8439636230469,362.10556813395476,353.9847887637613,356.3131988470105,88065700
2022-10-06,356.13177490234375,361.39930818363916,355.6355383734306,358.4410803172353,82333500
2022-10-07,346.19793701171875,356.21772325997466,344.43254027693825,352.09528992858685,107789500
2022-10-10,343.5545959472656,347.5529700367685,341.31209570408595,347.3144037026543,76042800
2022-10-11,341.37884521484375,346.4269166005978,339.44168789952687,341.8559778454328,92482800
2022-10-12,340.2528381347656,343.36375237835983,340.0047198340521,341.7892204341487,76991800
2022-10-13,349.2324523925781,350.7020290219594,332.18925999717504,333.23895758959026,147254500
2022-10-14,341.2738952636719,353.32627035722425,340.6345247152281,351.6944557677686,123737000
2022-10-17,350.0436096191406,351.15056087847387,340.9399103655982,347.362126415413,93168200
2022-10-18,354.1564636230469,358.27889645424324,350.71155095897484,357.97352458781444,97162900
2022-10-19,351.6468200683594,354.8436151660822,348.83172532815485,352.114400822179,79746900
2022-10-20,348.6980895996094,355.62606505287266,347.9346598802896,351.19826004641624,88283100
2022-10-21,357.17193603515625,357.65859149270045,346.9135849578602,348.4213111862988,131038400
2022-10-24,361.5424499511719,362.67802786353946,356.0458731062238,358.6987583066402,85436900
2022-10-25,367.31585693359375,367.6307517074169,361.3516980804559,361.46620527093705,78846300
2022-10-26,364.5483703613281,369.8540823855379,363.9090290046154,364.1666701170704,104087300
2022-10-27,362.6017761230469,367.392177933265,361.9814803173528,365.55045270586106,81971800
2022-10-28,371.228271484375,371.70540412790007,362.31543719795053,362.49674993223925,100302000
2022-10-31,368.5467224121094,370.63656534655524,367.6401880247405,368.7662138727281,96631300
2022-11-01,366.93414306640625,372.5357057617437,365.7604151922146,372.29713939747774,85407600
2022-11-02,357.72540283203125,370.85610174230845,357.62044763501416,366.34241671143474,126990400
2022-11-03,354.0419921875,357.08610094389695,351.9235219733596,354.4809460886305,87100100
2022-11-04,359.13775634765625,361.5424944523819,353.07816578614245,359.75802297669105,103505200
2022-11-07,362.5730895996094,363.16472938893213,358.3552244250396,360.435515659066,68286900
2022-11-08,364.5293273925781,367.5066303285375,360.4450732662479,363.68001733717375,84641100
2022-11-09,357.019287109375,363.7086962893126,356.52305050737357,362.55401428993724,78495500
2022-11-10,376.6389465332031,376.9729451885855,368.00285783726986,370.3026114178393,141455800
2022-11-11,380.2842102050781,381.0857894279382,375.6082877222695,377.49774318306464,93839900
2022-11-14,377.04931640625,381.8778966959395,376.7725713035823,378.51889318368023,71903500
2022-11-15,380.26513671875,383.9104368342091,376.4480758536066,382.80348568869397,93194500
2022-11-16,377.36419677734375,379.5876219491824,376.7343782310451,378.6333567193718,68508500
2022-11-17,376.2095031738281,376.88705243365007,372.2970391508522,372.6023818822728,74496300
2022-11-18,377.91766357421875,379.61625454437336,375.0644198124641,379.54944898801807,92922500
2022-11-21,376.5434875488281,377.71724418435815,374.7017627716494,376.5912182801427,51243200
2022-11-22,381.6106872558594,381.77292517031464,377.077927085489,378.4902502119182,60429000
2022-11-23,384.01544189453125,384.5020973782574,381.0476617682043,381.2766761134872,68261600
2022-11-25,383.9294738769531,384.4829639561803,383.1756253980057,383.4523413157589,30545400
2022-11-28,377.80316162109375,382.47905555883773,377.03973194191514,380.83771815093434,67881600
2022-11-29,377.1542663574219,379.1295732981502,375.312512286855,377.9367417321205,52310000
2022-11-30,389.03485107421875,389.03485107421875,375.48430196447526,377.4023553187591,144566700
2022-12-01,388.7485656738281,391.2487358630156,386.2388435135502,390.07497917155587,76398200
2022-12-02,388.300048828125,389.20658327820155,383.7482143923798,383.8531695839399,85342700
2022-12-05,381.31488037109375,386.41065374736974,379.9598399084257,385.47549236036787,77289800
2022-12-06,375.8182678222656,381.6965452135378,373.72845373229296,381.15263615766594,77972200
2022-12-07,375.17889404296875,377.5454821251701,374.0433161720851,374.96895454275847,65927900
2022-12-08,378.1180114746094,379.1867837767733,375.2838428310427,377.06834311332335,60737900
2022-12-09,375.2934265136719,379.4349340954439,375.1693673749268,376.87751028175563,81447700
2022-12-12,380.70416259765625,380.70416259765625,375.41752454941917,376.08549280299235,75405800
2022-12-13,383.5859375,391.7162655428249,380.8185745770229,391.4586244536652,123782500
2022-12-14,381.133544921875,386.95456892239247,378.18486871743545,383.24246302501166,108111300
2022-12-15,371.8103332519531,377.17329870946276,370.1499212179962,376.2667351726121,117705900
2022-12-16,367.42071533203125,370.59383534034583,365.2829507209457,369.2517350620785,119858000
2022-12-19,364.30511474609375,367.9479918227815,362.63707790509415,367.6124594366193,79878100
2022-12-20,364.8036193847656,366.4237355185501,362.22485603598886,363.5477938735729,74427200
2022-12-21,370.2583312988281,371.38952801231983,366.86471190276114,367.40155201274337,78167400
2022-12-22,364.9761962890625,370.23916053307846,359.2722332289845,367.209831595386,100120900
2022-12-23,367.07562255859375,367.21941379519086,362.39741929068407,363.950423157118,59857300
2022-12-27,365.6280212402344,367.3056537714611,363.95038870900765,366.96055483629175,51638200
2022-12-28,361.08404541015625,367.53575137567236,360.85397945187947,365.5609112966341,70911500
2022-12-29,367.58367919921875,368.45605164881476,363.4039622569558,363.93123576240765,66970900
2022-12-30,366.6154479980469,366.7592392294088,362.78085913190785,364.8994905444754,84022200
2023-01-03,365.0720520019531,370.45004902050835,362.20567683665195,368.4752380300906,74850700
2023-01-04,367.8905029296875,369.92283055639075,364.28597966385496,367.3344711039099,85934100
2023-01-05,363.6916198730469,366.0498840558089,363.09726322382664,365.9348510599075,76970500
2023-01-06,372.0318298339844,373.153460042991,363.72037415912655,366.78802795358683,104189600
2023-01-09,371.8209228515625,377.4194487549502,371.6388067821009,374.2271369047477,73978100
2023-01-10,374.4284362792969,374.4955486092587,370.29666890331214,371.2361537559992,65358100
2023-01-11,379.1641845703125,379.24089274048094,375.1953998041472,376.01025589251583,68881100
2023-01-12,380.5445861816406,382.0113152345906,376.19234893637963,380.2665995563064,90157700
2023-01-13,382.0209045410156,382.59609870511895,377.07428153867187,377.3427015811747,63903900
2023-01-17,381.3210754394531,383.6793685488554,380.6404441382468,382.00173599624947,62677300
2023-01-18,375.3007507324219,383.5738800387548,375.0994430292772,382.50979578083036,99632300
2023-01-19,372.5687255859375,374.9077982389386,371.24578754272824,373.25892360264237,86958900
2023-01-20,379.50927734375,379.66266441415144,372.31942298138915,373.96829741871426,91806400
2023-01-23,384.0628662109375,385.99932319331543,379.35590453409674,380.314551818449,84178800
2023-01-24,383.6506042480469,384.5613014945895,381.1964698645628,382.38518297842836,59524900
2023-01-25,383.7944030761719,384.12993543916394,377.2851805542504,379.57636134944494,84800300
2023-01-26,388.0124816894531,388.1754645974599,383.4876654146606,386.4594777963223,72287400
2023-01-27,388.90399169921875,391.28144730327597,386.7566313185161,386.96753487416305,68346200
2023-01-30,384.0245056152344,388.3767724039486,383.7273273025726,386.1431078861568,74202000
2023-01-31,389.6708984375,389.71881909207235,384.19700222601404,384.5421304079371,86811800
2023-02-01,393.8122253417969,396.5635671519253,385.7116747281049,388.4533914496531,101459200
2023-02-02,399.5450744628906,401.0118038596773,395.80635533927733,397.7044585259437,101654500
2023-02-03,395.2981872558594,399.72713273402843,394.09028239614366,394.56960600643197,94736800
2023-02-06,392.88238525390625,394.2820312874674,391.2239442533102,392.8440604283562,60295300
2023-02-07,398.020751953125,399.26698166926644,390.7158646278332,391.9620943439746,90990700
2023-02-08,393.6685485839844,397.3881051733377,392.9783212864178,396.04600466573515,76227500
2023-02-09,390.2556457519531,397.4263366162854,389.0285786300148,397.2729495690947,78694900
2023-02-10,391.16644287109375,391.54989593055205,388.26174279369724,389.0765695741987,70769700
2023-02-13,395.75836181640625,395.8925864844252,391.3581741107854,391.8183353582287,64913500
2023-02-14,395.57623291015625,397.88654714068605,391.6170149103328,394.23410329587506,88389300
2023-02-15,396.86083984375,396.9375187591641,392.5373309404456,393.3809452879777,61555700
2023-02-16,391.396484375,395.83502566820573,391.2622889776,391.88540381719497,76431500
2023-02-17,390.418701171875,390.6583629922171,387.34142233465536,389.26831273199565,89257800
2023-02-21,382.5865173339844,387.44686578378213,382.3276931153695,386.39234798566156,82655900
2023-02-22,382.05926513671875,384.54215788611697,380.6021026620575,382.9987206737072,83742300
2023-02-23,384.09161376953125,385.567938737912,379.86397585252666,384.95439045031753,96242400
2023-02-24,379.9885559082031,380.82257423444287,377.3618721210869,379.0682628505167,108194400
2023-02-27,381.28277587890625,384.69555770016393,380.3432910551879,383.3342657519672,80444700
2023-02-28,379.87353515625,382.7686390639976,379.7680687551402,380.80342407699254,96438600
2023-03-01,378.41644287109375,380.2858168924637,377.1126965271028,379.05874946346245,99706800
2023-03-02,381.3594665527344,382.20308082772186,376.1060690029621,376.4416013971857,85127800
2023-03-03,387.47564697265625,387.7249046275864,382.5290234904316,383.1808966203792,90120000
2023-03-06,387.7441101074219,390.60088985503444,387.30314050060804,388.3001127198744,72795900
2023-03-07,381.8004455566406,387.9358116155142,381.1869265041094,387.69614979307676,108310600
2023-03-08,382.4235534667969,383.1808636899206,380.1898891101756,381.91547162159134,74746600
2023-03-09,375.367919921875,384.8777136423342,374.3805144113086,383.2096475110798,111945300
2023-03-10,369.9515380859375,376.9017301661393,368.42729257488133,374.82145290553643,189253000
2023-03-13,369.4242858886719,374.24630958503957,364.90906558564376,366.0210998932848,157790000
2023-03-14,375.5308837890625,377.17975816787913,371.0443925918974,374.35173718346283,149752400
2023-03-15,373.1822204589844,373.38352820078774,367.84254796683757,369.9324213189262,172996900
2023-03-16,379.72967529296875,380.0748034496542,370.31578333853963,370.8238651133261,143254200
2023-03-17,375.2896423339844,379.53341458067706,373.90391958538095,378.39790074611807,140553400
2023-03-20,378.8983459472656,379.31215983644114,375.3666994576997,376.06916402579844,93055800
2023-03-21,383.8734436035156,384.3545965453815,380.6689485650316,382.26637985609574,91524200
2023-03-22,377.32977294921875,387.31851343521214,377.29130185553555,383.70026302343734,111746600
2023-03-23,378.3498229980469,384.239130397535,375.6361133164018,380.1974338773298,119351300
2023-03-24,380.8325500488281,380.9191540535127,374.7219018688471,377.0699305533351,107682400
2023-03-27,381.5447082519531,383.8831342228275,380.64977069262744,383.1132717788515,74010400
2023-03-28,380.6882019042969,381.5446388438139,378.85019419817775,380.85177745390115,62871700
2023-03-29,386.22149658203125,386.46207306808367,383.6521267894026,384.8550092196648,77497900
2023-03-30,388.48291015625,389.10840312839423,386.6160343292529,388.85819419263817,69840000
2023-03-31,393.9584045410156,394.25671700401034,389.30081840141827,389.40668731548556,112062600
2023-04-03,395.4596252441406,395.86377728046097,393.04422801384897,393.4387769608017,67391100
2023-04-04,393.2655944824219,396.3930888912914,391.88947462341105,396.10437947935486,66601500
2023-04-05,392.23590087890625,393.29444326978927,390.58073351331996,392.53421336625786,65200200
2023-04-06,393.7659912109375,394.0450681714436,390.38828778154027,391.43719778873736,63743300
2023-04-10,394.170166015625,394.24716694508413,390.66738727373564,391.2832478731585,63681000
2023-04-11,394.2760314941406,395.6809900883233,393.50619840980073,394.7956849780574,59297900
2023-04-12,392.6689147949219,396.63363981226826,392.0819222861502,396.3449304189456,86420400
2023-04-13,397.8846130371094,398.2406615136449,392.6111662470231,393.75631259262076,85814800
2023-04-14,396.9126892089844,399.44355846247794,394.6031608879993,397.2495021524552,78161500
2023-04-17,398.3369445800781,398.356180127704,395.59436663010166,396.82611712486937,66436400
2023-04-18,398.59674072265625,400.0498321097644,397.2206502574761,399.9150951800139,63560000
2023-04-19,398.5294494628906,399.4339901497687,396.6240728742949,396.6818088890477,55227300
2023-04-20,396.3545837402344,398.10598763661955,394.80525587274064,395.7098258250606,75840400
2023-04-21,396.66253662109375,397.1244246963598,394.7090566567866,396.65290416377644,73457400
2023-04-24,397.0763244628906,397.4997414469219,395.12284448225694,396.46043453439125,64332100
2023-04-25,390.7731628417969,395.661693208056,390.7154268377835,395.103539346267,97766700
2023-04-26,389.1180114746094,392.46684668077467,388.55988695720504,391.3890687387205,80447000
2023-04-27,396.8646545410156,397.13409906910863,391.4083661380691,391.65857511674506,92968400
2023-04-28,400.2519226074219,400.26155506482286,395.92154566069996,395.97928167060974,89433100
2023-05-01,399.8477478027344,401.8781992260224,399.61677440898023,399.8092473425676,62122300
2023-05-02,395.3537292480469,399.18371707766147,392.4475761726746,399.1355841651367,103998500
2023-05-03,392.6400451660156,398.2695405891648,392.39946868953274,395.8541433677578,91531800
2023-05-04,389.8590087890625,391.91832822239473,388.5213894409254,391.59114772802405,94901900
2023-05-05,397.0763244628906,398.125234465571,393.2367329689119,393.4965450134205,87891800
2023-05-08,397.1821594238281,397.6633124121759,395.7772009206819,397.4035003706773,50046800
2023-05-09,395.44036865234375,396.55664705489033,395.20942462672946,395.6328415851866,49220100
2023-05-10,397.2880554199219,398.91435498071894,393.4580667995226,398.2792294687583,96142900
2023-05-11,396.5951232910156,396.8838033054011,394.5165390857067,396.42191528238436,70157100
2023-05-12,396.07550048828125,398.0482452964263,393.65050007841785,397.8365368137777,70481500
2023-05-15,397.4419860839844,397.8461381335402,394.7667767427343,396.68175616777665,54289400
2023-05-16,394.7860107421875,397.2591440489676,394.7763782852964,396.3353092048242,57705500
2023-05-17,399.57830810546875,400.18453618231763,395.1613273420889,396.8068622851723,87287000
2023-05-18,403.4275207519531,403.8509377054382,399.0394081133319,399.2607196795313,97177200
2023-05-19,402.8405456542969,404.86139419112027,401.6184275681808,404.3321376214222,103793300
2023-05-22,403.0041198730469,404.54381527738377,401.6183969458684,402.85977985297563,60745400
2023-05-23,398.4812927246094,402.9367742560176,398.08674373587735,401.35857830108944,86383500
2023-05-24,395.5943298339844,397.2591296170941,394.4299479150844,396.8742131296412,89213700
2023-05-25,399.0201721191406,400.4732635587891,396.8646161031706,399.1067761340057,90961600
2023-05-26,404.1877746582031,404.90950419232723,399.5975853933837,399.6745569554337,93830000
2023-05-30,404.3417053222656,406.6512337191027,402.955982410714,406.1219771957275,72216000
2023-05-31,402.0995788574219,403.41793341434715,400.53101533620446,402.5133634004825,110811800
2023-06-01,405.9198913574219,406.9784337458306,401.0794937409788,402.3304796935779,88865000
2023-06-02,411.78997802734375,412.5790465929496,407.9696222034908,408.49887873292437,91426200
2023-06-05,411.0008850097656,413.4258854781173,410.29839108056865,412.1363990044285,65460200
2023-06-06,411.89581298828125,412.4250695118066,409.9327006351518,410.5870909976928,64022200
2023-06-07,410.4715881347656,413.4258744271593,410.0481711705742,412.2903604628489,85373300
2023-06-08,412.95440673828125,413.4066917639222,409.76917600968767,410.5390091154699,61952800
2023-06-09,413.69537353515625,415.7065896969759,412.7041994579485,413.75310954996445,85742800
2023-06-12,417.4483337402344,417.5253346663892,413.9551876062376,414.6769171108834,76104300
2023-06-13,420.20050048828125,420.8452289997208,418.2470206735575,418.9110140981565,95899700
2023-06-14,420.700927734375,422.5100677032549,417.2462527373111,420.53735216092747,100612100
2023-06-15,425.9165954589844,427.167581376933,419.78671159999425,419.8829186958016,110303100
2023-06-16,424.4659118652344,428.47431075878063,423.99263976838114,427.9044446994593,114165800
2023-06-20,422.2636413574219,423.41304154167295,420.1870041214196,422.52444796434224,76160400
2023-06-21,420.1001281738281,422.0801716964907,419.510925655376,421.27850373439446,76982300
2023-06-22,421.6165466308594,421.722779347334,418.80583057108225,419.14389467353715,70637200
2023-06-23,418.42913818359375,420.2160232388723,417.71439595201736,418.158692787078,92074500
2023-06-26,416.719482421875,419.78130707914215,416.47801229853,417.8592143297431,72823600
2023-06-27,421.2881164550781,421.9062646558956,417.1444807996532,417.59844581995696,72813700
2023-06-28,421.5006408691406,422.514803688603,419.58818670737986,420.2063349514927,75636000
2023-06-29,423.1618957519531,423.32610840810986,420.679605245235,421.0852585523664,67882300
2023-06-30,428.155517578125,429.1407051013052,426.0595438710738,426.3783009507995,104964000
2023-07-03,428.6481018066406,428.9281859198321,427.52767692487674,427.8077905144009,32793400
2023-07-05,428.0106506347656,428.7447292814146,426.8226069528998,426.8322751907773,58418400
2023-07-06,424.6590270996094,425.08401688065084,422.1477318870011,424.42722521043544,80658300
2023-07-07,423.5868835449219,427.5373607483118,423.3454134187473,423.66417049204466,86134200
2023-07-10,424.6590270996094,424.8328785164898,422.6596473764828,423.2295133382579,62443500
2023-07-11,427.3634948730469,427.8561033801802,424.4465462578362,425.4220950342892,64463800
2023-07-12,430.802001953125,432.21220867974904,429.72988876678727,431.15940249157063,91924500
2023-07-13,434.2212829589844,435.0133121303779,432.1832890285731,432.61791761555475,72425200
2023-07-14,433.9508361816406,435.9598548665001,433.18778225181745,435.1099046958951,69815800
2023-07-17,435.45758056640625,436.51038682135163,433.7576213779186,433.8059330908804,52680200
2023-07-18,438.69329833984375,439.3404218148386,434.69453863237396,435.12919667930265,80668200
2023-07-19,439.6688537597656,440.8568680135883,438.61601798371265,439.48533409064345,65891700
2023-07-20,436.7518310546875,439.57221504319733,436.037088927524,438.6739532656,70591600
2023-07-21,436.7518310546875,438.6739532656,436.7421922937348,438.4710971405942,71275600
2023-07-24,438.7030029296875,439.51433913835893,436.867806113997,437.9013054836041,54023400
2023-07-25,439.9006042480469,441.156237070321,438.3841648336445,438.4324765430136,55191200
2023-07-26,439.9682312011719,441.39771546076753,437.91090104233945,438.96370723872633,71052900
2023-07-27,437.0513000488281,443.7641819600167,436.1433699333953,443.35849914141073,92194400
2023-07-28,441.3301696777344,442.1608128318353,437.0512962860115,440.3256456163928,80011800
2023-07-31,442.17047119140625,442.52784228350436,440.48981896786944,441.80343186125066,62040400
2023-08-01,440.9051208496094,441.64883818871544,439.94887915495036,440.7022647310359,55291500
2023-08-02,434.77178955078125,438.0461090832154,434.01840394785836,437.78533196247287,93933400
2023-08-03,433.52581787109375,435.4092967139093,432.10597229878186,432.7531252299224,64276100
2023-08-04,431.5650939941406,437.44730311288595,431.0435102343316,435.34169055011716,100128900
2023-08-07,435.3319396972656,435.48648409589293,432.70474387326175,433.40017892891956,58357500
2023-08-08,433.43890380859375,435.32238270202885,430.07762882885913,432.7917508600607,71361300
2023-08-09,430.5412292480469,433.8735287355085,429.7781754061016,433.70931608230507,78789600
2023-08-10,430.6957702636719,436.2882265207825,429.52706313111736,432.89797658868093,93005500
2023-08-11,430.4446716308594,431.4588639187083,428.2231581026232,428.8219993419041,68690900
2023-08-14,432.8207092285156,432.8207092285156,429.2179937241371,429.5270825673996,47867400
2023-08-15,427.77886962890625,431.40092184966306,427.2089741403311,431.0435212704258,75707500
2023-08-16,424.63970947265625,429.0247856402229,424.53344729188865,427.3634700312785,80107200
2023-08-17,421.4040222167969,426.3686327842003,420.8824384802807,426.1078556541094,95711300
2023-08-18,421.60687255859375,422.6403718520157,418.23595877170976,418.5836616313642,98852000
2023-08-21,424.3499755859375,425.09369303000517,420.4671462190992,422.6210410735604,68719000
2023-08-22,423.2005615234375,426.12717844156236,422.64036376815267,426.12717844156236,64994200
2023-08-23,427.9140930175781,428.53227076752444,424.1181892276399,424.2630654264281,68441000
2023-08-24,421.9836120605469,430.02938491944155,421.9546073437118,429.51746935310535,88517300
2023-08-25,424.95849609375,426.2431043443279,420.15806824986475,423.712501844876,102325100
2023-08-28,427.6532897949219,428.27143803085545,424.95847475635645,427.15101303461915,61595400
2023-08-29,433.83489990234375,434.1150135078099,427.3634885979469,427.5470082557006,83081900
2023-08-30,435.62176513671875,436.2592497912926,433.4678410527647,434.17294441532357,69053900
2023-08-31,434.9842834472656,437.3796481914474,434.80076379653127,436.23991629050073,66084600
2023-09-01,435.795654296875,438.19104870854676,434.337165211912,437.7081084262502,58944100
2023-09-05,433.91217041015625,435.6700800917991,433.84458117342785,435.35135247874024,55166200
2023-09-06,430.9952087402344,433.20708339429626,428.6674331394679,433.1008212089274,70758500
2023-09-07,429.67193603515625,430.3480346831722,427.6435811384425,427.9912839614794,70355400
2023-09-08,430.31903076171875,431.8547770804205,429.36281858577814,429.72018962218704,61659700
2023-09-11,433.149169921875,433.4582293140434,431.2367157088773,432.94631377147886,60180100
2023-09-12,430.7730712890625,433.2264162204621,430.1935665209915,431.7003378706483,67565400
2023-09-13,431.27532958984375,432.4343685526933,429.8940980148542,430.99521597971284,60199300
2023-09-14,434.993896484375,435.68933157331315,432.44398747582267,433.7479319521232,83430800
2023-09-15,429.75299072265625,433.73677769771734,429.31682909931095,433.4072234999764,111848900
2023-09-18,430.0050354003906,431.3038771522312,428.96789063501143,429.4428320631367,55752200
2023-09-19,429.1133117675781,429.6755151492696,426.42839572285595,429.0842343223396,66514600
2023-09-20,425.1683349609375,430.79019131325117,424.9647632633325,430.3734047367829,82562600
2023-09-21,418.14093017578125,422.58025371246634,417.98584063306095,422.31855674804774,104095800
2023-09-22,417.2008056640625,420.7677771367577,416.78398949119213,419.1684584213661,100829700
2023-09-25,418.95513916015625,418.993889361631,415.55293063128704,415.9891218304828,70874500
2023-09-26,412.80023193359375,416.6192276670961,411.9666291671396,415.9116370288523,96168400
2023-09-27,412.9649353027344,414.5352059296986,409.32043434886083,413.97300260416256,104705800
2023-09-28,415.359130859375,417.03600913362396,411.82123687227,412.412517717301,92258300
2023-09-29,414.3511047363281,418.5868871307403,412.8293159917897,418.4124224490296,115111300
2023-10-02,414.1863098144531,415.4366991849406,411.42383405280907,413.51749895909785,83798600
2023-10-03,408.6419677734375,414.2444490832808,407.2752686675357,412.0053970277405,103760600
2023-10-04,411.6176452636719,412.3639860114544,407.64356048210016,409.1071941153402,87453000
2023-10-05,411.4625549316406,412.3058303467078,408.23484048426144,411.3268404794052,70142700
2023-10-06,416.3478088378906,417.8889725902115,407.6823752264937,409.01029452111743,113273300
2023-10-09,419.01336669921875,419.5852428633519,413.89552908801,414.44800056773454,80374400
2023-10-10,421.1942138671875,423.79189736248946,419.245936455557,419.64334789466267,78607300
2023-10-11,422.9195251464844,423.17151977952034,419.8759482263836,422.2604167519184,62451700
2023-10-12,420.3412780761719,423.9082494629408,417.98591622949925,423.53024266819244,81154200
2023-10-13,418.2475280761719,423.04551271009467,416.67728716479496,421.8435761764503,95143100
2023-10-16,422.6481018066406,423.71432390212686,420.2539606569009,420.4962825158612,75433200
2023-10-17,422.6287536621094,424.6836681484373,419.1684195342952,419.5173488593283,75324700
2023-10-18,416.9971923828125,421.81455273319096,415.91159504982164,420.85496751569167,93559800
2023-10-19,413.333251953125,419.5270131332278,412.65476846702256,417.714450283055,121323000
2023-10-20,408.2542419433594,413.4399364601398,408.1476049268172,412.89713777676974,123919900
2023-10-23,407.5466613769531,411.4141390664612,404.9683527773846,406.72276099004836,92035100
2023-10-24,410.6192932128906,411.7727477741345,407.8180379697815,409.6693807564813,78564200
2023-10-25,404.7259826660156,408.9617938766799,404.21226147565824,408.93271643497314,94223200
2023-10-26,399.8795471191406,404.5127401955018,398.95874174042217,403.65979204119725,115156800
2023-10-27,398.0669860839844,401.8666061249316,396.64213226616755,401.46919469761593,107367700
2023-10-30,402.826171875,403.882691656562,399.55967786827136,400.8585195147872,86562700
2023-10-31,405.3560485839844,405.67590044700427,401.48857130380884,403.39806888205027,79665200
2023-11-01,409.6790771484375,410.4932751362608,405.7922246289102,406.32535052662286,98068100
2023-11-02,417.5302734375,417.68536297988317,413.45925429578176,413.478629395965,94938900
2023-11-03,421.3396301269531,422.89049620638866,419.71123405468535,419.83724617580907,100167800
2023-11-06,422.30889892578125,422.75476292041225,420.36062146659094,422.0956544795997,67831700
2023-11-07,423.5108337402344,424.15056712063193,421.1651742590875,422.30892655420246,64256100
2023-11-08,423.8209533691406,424.635151307966,421.51404441898217,424.11172778289733,61746000
2023-11-09,420.5157470703125,425.0035535857789,420.08925814139275,424.96477379761035,83174400
2023-11-10,427.0777587890625,427.38793789386506,420.5059906051338,422.58998243152627,89462200
2023-11-13,426.6706848144531,427.7756572288507,424.9550565166978,425.7401770580696,52236100
2023-11-14,434.9483947753906,436.23753414765645,432.3894615518305,432.61240832792026,97176900
2023-11-15,435.86920166015625,437.51700226405256,435.01622391603615,436.28598819138983,77327600
2023-11-16,436.4023132324219,436.7221650858265,434.35710126569217,435.4233234108849,66665800
2023-11-17,436.9451599121094,437.55581582516845,435.4912285306581,436.41203399072475,83133200
2023-11-20,440.3086242675781,441.15189980346776,436.683468285051,436.69317062740305,69936200
2023-11-21,439.3489074707031,440.18251005122386,438.0791432901761,439.2616751507019,49244600
2023-11-22,441.0451965332031,442.3634429416601,439.94992648347943,441.0064463302394,59394900
2023-11-24,441.316650390625,441.51051975063126,440.76417891719865,441.0937331649602,29737400
2023-11-27,440.52178955078125,441.5007498020653,440.1340508901427,440.68655185927656,50506000
2023-11-28,440.9579772949219,442.25681906014256,439.57190319998205,440.13407696271906,62115000
2023-11-29,440.6477966308594,444.2438747206066,440.2504147680835,443.10979527762873,63146000
2023-11-30,442.3828430175781,442.73180192610516,439.41682540648986,441.4911150141487,79752700
2023-12-01,444.9999084472656,445.53300475365734,441.18091323402564,441.77216442546705,89183400
2023-12-04,442.66387939453125,445.0192407534645,440.38604801477265,441.6073596439847,72430900
2023-12-05,442.5766906738281,443.5362758597069,440.8998126034742,441.2778489374918,69793500
2023-12-06,440.793212890625,444.7478930540511,440.35702166378525,444.718815610949,69124700
2023-12-07,444.1566467285156,444.80605282503006,442.27622650644105,442.87718005735604,66995400
2023-12-08,446.06610107421875,446.5991973452758,443.1679114532356,443.4102333183171,83194400
2023-12-11,447.8011169433594,447.9756111721654,445.35852312344826,445.5717675539386,65002200
2023-12-12,449.8463439941406,449.94327866221204,446.4538376737931,447.45220263628306,68327600
2023-12-13,456.04974365234375,456.30176785417245,449.8656850098202,450.2243166322346,93278000
2023-12-14,457.5133972167969,459.1805728813377,454.83815428105993,457.9883386207796,119026000
2023-12-15,456.7601318359375,458.09346468799856,454.911024624647,456.9158501916579,141553700
2023-12-18,459.3294372558594,460.31239637628556,457.3051580447496,458.3659614924249,70375300
2023-12-19,462.12255859375,462.2004326198957,459.79658439176796,459.8744287176748,55761800
2023-12-20,455.71875,463.1541148518432,455.2905320048418,461.2660708823462,102921000
2023-12-21,460.0398864746094,460.31238616429494,456.28325178797456,458.7065536605437,86667500
2023-12-22,460.96441650390625,462.6480933014032,459.06666039020405,461.1687838422537,67160400
2023-12-26,462.910888671875,463.81597380070593,461.2953440901739,461.3732181207506,55387000
2023-12-27,463.7478332519531,463.8938099220547,462.1712258143802,462.7064835048319,68000300
2023-12-28,463.9229736328125,464.7599262845027,463.50449730696744,464.1078873024159,77158100
2023-12-29,462.5799560546875,464.25389115635505,460.62377959337147,463.7283454487912,122283100
2024-01-02,459.9911804199219,460.9838811377681,457.8890273530107,459.51431341639926,123623700
2024-01-03,456.234619140625,458.570335093064,455.6312290704376,457.83068032303305,103585900
2024-01-04,454.7650451660156,458.3464782249613,454.5411944622418,455.7577162648923,84232200
2024-01-05,455.38787841796875,457.8403754637055,453.93776436095277,454.9693723825891,86118900
2024-01-08,461.8890380859375,462.0350147729897,455.75774992757283,455.8842729564319,74879100
2024-01-09,461.1882629394531,462.21012932199153,458.72602412321226,459.2320864754785,65931400
2024-01-10,463.7964782714844,464.6626560070687,461.17852110920177,461.4607624691406,67310600
2024-01-11,463.59210205078125,465.3146861106975,459.6116465550996,464.7988820904805,77940700
2024-01-12,463.9132080078125,465.7817982619962,462.5020607655486,465.0421436217643,58026400
2024-01-16,462.2101135253906,463.84511156166917,460.3902018147457,462.531291886232,85014900
2024-01-17,459.6408386230469,460.1274473065962,457.28563952656407,459.1834252725011,68843900
2024-01-18,463.72833251953125,464.2830735453687,459.7673604180853,461.31477246365523,91856200
2024-01-19,469.5093078613281,469.79154925027024,463.7770722736198,464.85732943436926,110834500
2024-01-22,470.50201416015625,472.2245984500442,469.84994536440996,471.04701358634367,75844900
2024-01-23,471.87420654296875,472.1175109095896,469.9569966462272,471.04699545665005,49945300
2024-01-24,472.3900146484375,475.6794645582401,471.8936642634199,474.745184157241,81765000
2024-01-25,474.9593200683594,475.23181977158964,472.39004139507995,474.52136032734217,72525000
2024-01-26,474.3559265136719,476.0201200569098,473.509232074134,474.53109852869903,76641600
2024-01-29,478.1125183105469,478.2585246858996,474.12235058965683,474.66734997690736,61322800
2024-01-30,477.7427062988281,478.4531359964777,476.983568210537,477.421527922976,58618400
2024-01-31,469.9472351074219,475.98116532447904,469.9277517507619,475.5334936248827,126011100
2024-02-01,476.0979919433594,476.1271872790658,470.8425939142762,471.65038103588824,91891600
2024-02-02,481.1100769042969,482.76452883359946,476.1953107107944,476.5359427757288,99228200
2024-02-05,479.3582458496094,481.1392504253947,477.1004039249224,480.4774696836803,75757100
2024-02-06,480.74993896484375,481.0808293147646,478.871606822303,480.3022375794468,55918600
2024-02-07,484.75958251953125,485.1780588645302,482.092946704362,482.99806143919835,70556500
2024-02-08,484.9737548828125,485.35329426615607,483.9421467021212,484.7596458434101,52343600
2024-02-09,487.77655029296875,488.21448028265473,485.1391098762786,485.4797418906366,63979400
2024-02-12,487.56243896484375,490.0149359961155,486.84223792928447,487.747352637465,56502300
2024-02-13,480.8472595214844,483.776653518952,477.5772631803255,481.28521924942925,113099200
2024-02-14,485.217041015625,485.70364975049426,481.1587110987094,483.4847151074999,68387800
2024-02-15,488.5648498535156,488.74976352545775,485.4408007855907,485.91769748176387,61683000
2024-02-16,486.1318664550781,489.401862888149,485.3922116760664,488.2632150838705,75532900
2024-02-20,483.45550537109375,485.06130820828355,481.20737545898015,484.3897857981468,71736700
2024-02-21,483.8934326171875,484.0491509708409,480.3411949189208,482.15139479243277,59293400
2024-02-22,493.9078674316406,494.87134322560775,489.5478424615369,490.51134795574427,76402500
2024-02-23,494.2485046386719,496.46743931170954,493.5185915264853,495.63045683227716,61321800
2024-02-26,492.43829345703125,495.12438315275733,492.3117704350963,494.6864234153272,50386700
2024-02-27,493.3531188964844,493.5769696039291,491.2315119659273,493.1292978892794,48854500
2024-02-28,492.7010498046875,493.28495648375826,491.4358493661455,491.7959350516518,56506600
2024-02-29,494.4722900390625,496.0878345083775,491.815425510208,494.46257806109645,83924800
2024-03-01,499.1145324707031,499.54275051356746,494.9394511031337,495.3482154895911,76844800
2024-03-04,498.57928466796875,500.4284215717115,498.2873313148722,498.3165563504212,49799300
2024-03-05,493.5964050292969,497.0221493633574,491.38721217314117,496.5744479650044,72855600
2024-03-06,496.0975646972656,498.3554361707815,494.8031986362925,496.8761267293977,68382400
2024-03-07,501.0220947265625,502.07318625015404,496.1560072661152,499.396838146908,58652100
2024-03-08,498.01483154296875,504.3407152276024,497.4406368151398,501.6546849790431,86532500
2024-03-11,497.58660888671875,498.17054528765857,494.88106560592894,496.8080468189585,62557200
2024-03-12,502.9393310546875,503.5232377514132,497.17784111143084,499.6985003866654,73114400
2024-03-13,502.1510009765625,503.43565519442245,500.7106580961506,503.26048317387085,55104100
2024-03-14,501.1582946777344,503.27990140830235,498.1121195690471,503.1241533654222,110171800
2024-03-15,497.717041015625,499.5426370968139,496.0476768950372,498.0880174407595,107646300
2024-03-18,500.6750793457031,503.23282668542583,500.26507469946,501.78800868482955,88893300
2024-03-19,503.4573974609375,503.7404859733711,498.9764238973626,499.9819809876235,60755300
2024-03-20,508.114013671875,508.2507017437704,502.8423468084039,503.5159556369905,69594600
2024-03-21,509.79315185546875,511.65774627628207,509.51000378121233,510.95488123336787,60256100
2024-03-22,508.82672119140625,510.19342318455074,508.59237324097523,509.7053025616341,79070800
2024-03-25,507.4208984375,508.57285588251494,507.26466648069925,507.4501546887545,48512100
2024-03-26,506.4837341308594,509.1879415331935,506.0835014250274,508.8462213354942,65463700
2024-03-27,510.7401123046875,510.7792000886694,507.1475516955064,509.31483823022427,82999800
2024-03-28,510.6425476074219,512.1459377696011,510.3594590790039,510.7792356908129,96294900
2024-04-01,509.7541198730469,511.92140649600015,508.59239036798215,511.38448570971826,62477500
2024-04-02,506.5130920410156,506.64972054640486,504.2091171531449,505.9273114756069,74230300
2024-04-03,507.0694274902344,508.5728771082824,505.3707772955882,505.41957743973774,59155800
2024-04-04,500.88006591796875,511.42345867223884,500.5774335376575,511.08179809560863,96858100
2024-04-05,506.1127624511719,508.0750169684766,501.7977926534172,502.23711314886503,74546500
2024-04-08,506.39581298828125,507.8211466086966,505.5855756833857,506.8156491443553,48401800
2024-04-09,506.98162841796875,508.3776462974431,502.1296782746543,508.13358597756917,68049200
2024-04-10,501.9051513671875,503.89666208515973,499.92341259541246,501.2803426609476,82652800
2024-04-11,505.6929626464844,507.13778061540546,499.9136311857634,503.42807581801776,70099000
2024-04-12,498.71282958984375,503.56474960986543,496.9848635757255,502.14918793409277,92561100
2024-04-15,492.4649353027344,503.0571295651305,491.61558034670605,502.89118522807627,92101400
2024-04-16,491.5667419433594,494.4661795680653,490.27809637848605,492.94324564322153,73484000
2024-04-17,488.65753173828125,494.1928325755386,487.26151394107353,494.0268584590965,75910300
2024-04-18,487.65203857421875,492.15252641432477,486.7148552774961,490.0536135988177,74548100
2024-04-19,483.3956604003906,488.5697275309103,482.12652879623903,487.5739720999012,102212600
2024-04-22,487.8472595214844,490.44406471980994,483.6591763812229,486.0021493308909,67961000
2024-04-23,493.6363830566406,494.0659315908711,487.6617913619136,489.85833417865257,64633600
2024-04-24,493.402099609375,495.31552414024065,491.1762707245871,494.52477110173174,55928100
2024-04-25,491.5276794433594,492.28914639879576,485.6702321576898,487.3200821932215,69122400
2024-04-26,496.1844177246094,497.7659238799117,493.68524235456005,494.31979324751813,64306100
2024-04-29,497.9415588378906,498.6151676151332,495.198323588402,497.9708448807049,46415400
2024-04-30,490.0535583496094,497.45345338662946,490.0535583496094,496.47721220645434,77483600
2024-05-01,488.46234130859375,496.11606953951656,487.9937347584278,489.46786865773555,80242800
2024-05-02,493.0310974121094,493.8706803453591,487.6812848525579,492.1720003799534,62550200
2024-05-03,499.14239501953125,500.372438730604,496.47724569258963,499.01547889074567,72756700
2024-05-06,504.2969665527344,504.3359947534281,501.1046384911043,501.54395898532556,47264700
2024-05-07,504.8534240722656,506.2494419365131,504.17981521335923,505.2634287213709,52561300
2024-05-08,504.9021301269531,505.439050807753,502.90084781577497,503.017991979403,42047200
2024-05-09,507.81134033203125,507.8504281122988,504.43358410061904,505.08764898476056,43643700
2024-05-10,508.46551513671875,510.22273745681827,507.2452135831723,509.4124405414531,52233200
2024-05-13,508.5338134765625,510.25200764448437,507.3916278750611,510.14463540524883,36716400
2024-05-14,510.8669738769531,511.3844102791641,508.1920827014514,508.72900340853613,57535900
2024-05-15,517.193115234375,517.4859756907869,512.7023697575905,513.3369504006804,59504900
2024-05-16,516.1290283203125,518.891807952925,515.9825682875961,517.290757880065,50244800
2024-05-17,516.8709106445312,516.9392546781255,514.7915121402848,516.2461019816988,59187600
2024-05-20,517.4664306640625,518.930792527948,516.5975616577482,516.9880819887991,37764200
2024-05-21,518.7354736328125,518.8917055815594,516.4999028909981,516.7049349793422,33437000
2024-05-22,517.2418212890625,518.7549830261315,515.0647631915122,518.0423461143242,48390000
2024-05-23,513.4638671875,520.4049281460258,512.2532779910508,520.2975559093766,57211200
2024-05-24,516.8611450195312,517.6714419020187,514.3619699226733,515.3088952889863,41291100
2024-05-28,517.2222900390625,517.9056707197677,514.5864271763583,517.6713823915322,36269600
2024-05-29,513.6004638671875,514.7817371522767,512.8878268689698,513.1904592530791,45190300
2024-05-30,510.1934509277344,512.7219421093527,508.9438930493387,512.0581051762924,46377600
2024-05-31,514.8402709960938,514.967187107586,506.04432903435765,511.15011057316815,90785800
2024-06-03,515.2601318359375,516.7342656913833,510.18366530067414,516.4511771729021,46835700
2024-06-04,515.8361206054688,516.5780734778808,512.4876203186922,513.9519821715993,34632700
2024-06-05,521.9669189453125,521.9864628385163,516.1680432425981,518.1596136281009,47610400
2024-06-06,521.9570922851562,522.6990451286446,520.0241537818829,522.2694966184689,30808500
2024-06-07,521.322509765625,524.1340888487662,519.8874043907796,520.980789635887,43224500
2024-06-10,522.933349609375,523.255525898201,519.916797584573,520.5122904328304,35686100
2024-06-11,524.1927490234375,524.2513211148034,519.4091430834137,521.3811694677967,36383400
2024-06-12,528.4979248046875,531.1923600659605,527.4631115100716,528.7615289974312,63251300
2024-06-13,529.56201171875,530.4211086780596,526.7699763935087,530.2453924252503,44760900
2024-06-14,529.8842163085938,529.9134725597781,527.0237772162169,528.0293342324846,40089900
2024-06-17,534.1015625,535.4976399183048,528.7420075865693,529.2008719569648,55839500
2024-06-18,535.4585571289062,535.585473259027,533.7403629842298,534.16013957423,41376400
2024-06-20,534.00390625,537.0497738552268,532.2271402161125,536.3859370269113,70328200
2024-06-21,533.2879638671875,534.404483453128,531.8286814958426,533.1802452520325,64338600
2024-06-24,531.5545043945312,535.6777608035513,531.4369822915095,533.1117619254674,45528700
2024-06-25,533.6014404296875,533.9638101987721,531.260682360104,532.7787259572508,37936200
2024-06-26,534.2674560546875,534.9823921713983,531.8385861304241,532.4849577215607,38550600
2024-06-27,535.1096801757812,535.6875469780335,533.3859430174333,534.1302894973802,35041500
2024-06-28,533.00390625,538.9390704785369,531.7601208771133,535.8833169111514,76144500
2024-07-01,534.1010131835938,534.6298627037072,531.3391239129029,534.3850150000353,40297800
2024-07-02,537.6952514648438,537.6952514648438,532.4457321114778,532.4946896868087,40434800
2024-07-03,540.0949096679688,540.4572795070011,537.3428237195677,537.3819778344747,32789900
2024-07-05,543.209228515625,543.6107523683424,539.7617544001083,540.3983822148235,41488400
2024-07-08,543.8360595703125,544.7860397915607,542.7684974779849,543.9927357696513,36110500
2024-07-09,544.3649291992188,545.6968861634513,544.0711239537649,544.795863484972,27289700
2024-07-10,549.7515869140625,550.0943497431794,545.2953712492263,545.5891764995068,38701200
2024-07-11,545.0113525390625,550.7408243676441,544.3747844096212,549.869152242232,53054200
2024-07-12,548.4490356445312,552.0531865568831,545.667599292853,546.1376877405125,53084400
2024-07-15,549.9573364257812,553.1991175344059,548.0964700225896,550.4470318184875,40584300
2024-07-16,553.2185668945312,553.5123721227574,550.5154392403327,551.2695891404957,36475300
2024-07-17,545.4618530273438,548.9582849622979,545.1386373621594,547.2835053633577,57119000
2024-07-18,541.27001953125,547.9886849352189,539.0859974733345,546.9994907975359,56270400
2024-07-19,537.6756591796875,542.6607838512468,536.6179005483158,541.0349619096787,65509100
2024-07-22,543.2191162109375,543.8263337080781,539.6639229224022,541.6030975244146,43346700
2024-07-23,542.3670043945312,545.2659625762393,541.8773090500791,543.111291105197,34439600
2024-07-24,530.0755615234375,537.8519253696913,529.1549319575545,537.5483166712224,74515300
2024-07-25,527.3136596679688,536.1771923025162,526.373482961852,530.1930703849662,61158300
2024-07-26,533.2194213867188,535.9127455404142,530.3302071573028,531.1039639898098,53763800
2024-07-29,533.5328369140625,535.775619885458,531.534841817287,534.7668786438925,39515800
2024-07-30,530.829833984375,536.05980735921,527.421572998221,535.0020485169553,46853600
2024-07-31,539.4581909179688,542.0927543010554,536.2947780748914,537.6658891932146,65663400
2024-08-01,531.8189697265625,543.4345294348678,528.3127341764186,541.1819427118934,76428700
2024-08-02,521.9173583984375,525.9230331199286,517.7059303208597,524.7085981454201,82789100
2024-08-05,506.7171325683594,512.7893664733926,499.75364959699385,501.0954398761734,146267400
2024-08-06,511.38885498046875,518.8322000557341,507.19703427938214,508.5191877541787,84826300
2024-08-07,507.9707946777344,520.6343700428232,507.3733806496258,517.5786158200011,70698300
2024-08-08,519.7136840820312,520.3404486814812,511.08525465156777,513.1125407389065,63276600
2024-08-09,522.0054931640625,523.4941863094633,517.66679909137,518.8910375919244,45619600
2024-08-12,522.2797241210938,524.6889871074426,520.0075304089534,523.2003538167259,42542100
2024-08-13,530.8689575195312,531.1040615199245,525.2277168327499,525.4725645280489,52333100
2024-08-14,532.543701171875,533.728785456597,528.9885080949739,531.6622256176499,42446900
2024-08-15,541.671630859375,541.9556326474029,537.5679813653051,538.1751988274788,60846800
2024-08-16,542.8861083984375,543.5814973816967,539.8989784334714,540.0556546584454,44430700
2024-08-19,548.0767211914062,548.0767211914062,542.4452256331724,543.2972906137162,39121800
2024-08-20,547.185546875,549.2814571312036,545.8437865187526,547.6262846058479,33732300
2024-08-21,549.0660400390625,550.5253226989936,543.2974141481618,548.2335818085938,41514600
2024-08-22,544.756591796875,551.5731716544135,543.542157059687,550.9659542858195,56121500
2024-08-23,550.5448608398438,551.4850973665338,545.8045838781815,547.9984691071246,50639400
2024-08-26,549.2324829101562,552.2881770773529,547.528352675827,551.5732410031779,35788600
2024-08-27,549.9866333007812,550.476328645617,546.8134170306081,547.9592873998898,32693900
2024-08-28,546.7938232421875,550.0748179978751,543.6009999526875,549.6438836929623,41066000
2024-08-29,546.8427734375,552.0629426061665,545.6969030561269,548.7624007293272,38715200
2024-08-30,552.0629272460938,552.5722295246512,545.657733766081,549.212926690368,62700100
2024-09-03,540.701904296875,549.2519639219447,538.1848636302213,548.9189448620751,60600100
2024-09-04,539.5952758789062,543.0035361193702,538.1359934145067,538.8607329114091,47224900
2024-09-05,538.2828979492188,542.3865472945482,535.8246177750381,539.5365467142444,44264300
2024-09-06,529.2236328125,540.2319765571665,528.3226099554475,538.6062140252714,68493800
2024-09-09,535.1488647460938,536.4221205223048,531.4957564364314,533.4251872668898,40445800
2024-09-10,537.4798583984375,537.8324845189911,532.1813804449696,537.0587275255268,36394600
2024-09-11,542.9937744140625,543.9144040618945,528.8318231688719,537.3916883108078,75248600
2024-09-12,547.567626953125,547.87123570908,541.348459526308,543.5716957640475,51819600
2024-09-13,550.4273681640625,551.4263657909838,547.9201304028155,548.1747815451495,39310500
2024-09-16,551.2402954101562,551.5046902542234,548.360884321784,550.1629297590999,36656100
2024-09-17,551.4654541015625,554.903124558385,549.232414914231,553.4535858697245,49321000
2024-09-18,549.8300170898438,556.969754476821,549.2717571625421,552.1217580784818,59044900
2024-09-19,559.2125244140625,561.0733907935877,556.3723270388496,559.2419348303403,75315500
2024-09-20,558.2457275390625,559.2870634093429,555.2199354032903,557.8429721385517,77503100
2024-09-23,559.6408081054688,560.2892222272916,558.0984411315784,559.3166610051752,44116900
2024-09-24,561.2421264648438,561.3010677532865,557.6072537825559,560.4365555490466,46805700
2024-09-25,560.0042724609375,561.8217386948093,558.8941616149112,561.0849426444706,38428600
2024-09-26,562.2245483398438,564.5921534543987,559.8668367278948,564.2679463720303,48336000
2024-09-27,561.4091186523438,564.1107043094071,560.3776161208616,563.295359810012,42100900
2024-09-30,563.6588134765625,564.2678934162012,558.078818569817,560.3775886747461,63557400
2024-10-01,558.6092529296875,563.9534823374194,556.0353836889657,563.3051282373419,72668800
2024-10-02,558.8450927734375,559.866821742494,555.3183290115846,557.715374727311,38097800
2024-10-03,557.8234252929688,559.7685478192003,555.5344286086627,557.3715020969081,40846500
2024-10-04,562.8924560546875,563.2657708110322,558.0983654622065,562.2735426407796,42939100
2024-10-07,557.8037719726562,561.8905680396737,556.6543868115797,561.2421538745174,49964700
2024-10-08,563.0791625976562,563.6784689445017,559.5032914013763,560.3775771285751,37398700
2024-10-09,566.9794311523438,567.5394034644959,562.4702119863967,563.0694585103981,37912200
2024-10-10,565.9871215820312,567.4116060358193,564.3759797176003,565.6334738441669,44138100
2024-10-11,569.3763427734375,570.1131388058892,565.7709110163313,565.9084606662699,42268000
2024-10-14,574.032958984375,574.966246072679,570.5061351329805,570.9874990099419,36217200
2024-10-15,569.5728759765625,574.6027324678581,568.3546560789198,574.2981924836022,54203600
2024-10-16,572.0485229492188,572.5692210133667,568.7673576490918,569.5729286407808,30725400
2024-10-17,572.0975341796875,575.8011814159861,571.9108767867559,575.5948569414992,34393700
2024-10-18,574.298095703125,575.0839994048337,572.3234729286785,573.7872313147403,37416800
2024-10-21,573.35498046875,574.5534731315854,570.3782959703608,573.5710785054149,36439000
2024-10-22,573.050537109375,574.2097557683464,570.1622940232531,570.8204817447413,34183800
2024-10-23,567.8143310546875,571.4688706983893,564.3071746074978,571.0267810694698,49314600
2024-10-24,569.0424194335938,569.8479904569926,566.4194418066055,569.7693820750295,34979900
2024-10-25,568.8457641601562,574.1703862188206,567.9027036914881,571.2723100723214,47268200
2024-10-28,570.6043701171875,572.4512770786239,570.299830137409,572.3235609618828,30174700
2024-10-29,571.52783203125,572.6477165136779,568.2466070737139,569.6415908764491,42899700
2024-10-30,569.798828125,573.0505525749719,569.0914726763393,571.0562623128328,41435800
2024-10-31,558.6289672851562,565.4958970216722,558.4324763422399,565.4271221936206,60182500
2024-11-01,560.9866333007812,565.4172428761593,560.5740443264921,561.2617325907157,45667500
2024-11-04,559.7783813476562,562.4210257711015,557.8922001113365,561.1242574334378,38217000
2024-11-05,566.547119140625,566.5863933486033,560.4759261934032,560.6920242782184,39478300
2024-11-06,580.6345825195312,581.508928254242,575.0840880526238,578.8270097230293,68182000
2024-11-07,585.1241455078125,586.145874462509,582.5601095007273,582.6387178727699,47233200
2024-11-08,587.65869140625,589.0831757216504,585.674234913322,585.674234913322,46444900
2024-11-11,588.2186279296875,589.6037779981073,586.4896037587446,589.2501303160354,37586800
2024-11-12,586.3914184570312,588.739296212128,583.9059310932324,588.1400498376755,43006100
2024-11-13,586.6763305664062,588.6803942959151,584.4856094336134,586.8531544283672,47388600
2024-11-14,582.9039916992188,587.2854945523371,582.2163632356335,586.804130643577,38904100
2024-11-15,575.437744140625,579.8094129170865,573.5810036102117,579.3378226480269,75988800
2024-11-18,577.7955322265625,579.1119076957027,575.0350052053479,575.8994574754852,37001700
2024-11-19,579.9076538085938,580.6346163861505,573.7480790226593,574.4161003090796,49412000
2024-11-20,580.1040649414062,580.3889378159292,574.3374129030207,579.9861823753545,50032600
2024-11-21,583.2182006835938,584.6426848830619,577.107734892484,582.9529949078541,46750300
2024-11-22,585.02587890625,585.6546259064262,582.7074417987914,583.2084127301733,38226400
2024-11-25,587.0103149414062,590.2816460152659,584.7213185752529,588.965270737662,42441400
2024-11-26,590.0753784179688,590.7433995936517,587.540783398016,588.2579123147351,45621300
2024-11-27,588.2874755859375,590.2718722436573,586.7647756879834,589.8887838542881,34000200
2024-11-29,591.9420166015625,592.7279205050064,588.8278416543462,589.1028810382705,30177400
2024-12-02,593.0029296875,593.6807844427898,591.8633182342458,592.354515594293,31746000
2024-12-03,593.278076171875,593.5236748962523,591.7357689481371,592.7672715983962,26906600
2024-12-04,596.9619750976562,597.2075737883222,594.2997236656325,594.9677449089698,42787600
2024-12-05,595.9796142578125,597.7675800229049,595.6259665136723,596.9620090763937,28762200
2024-12-06,597.1094360351562,598.3472631909667,596.333365657436,596.7459547224977,31241500
2024-12-09,594.0344848632812,597.1584931551176,593.445071963169,596.9915028268559,34742700
2024-12-10,592.1875610351562,595.134745373381,591.529373321926,594.7123228135097,37234500
2024-12-11,596.7655029296875,597.7183970026139,594.8399877419274,595.1150870375847,28677700
2024-12-12,593.690673828125,596.4708079758578,593.690673828125,595.9010621562538,31543800
2024-12-13,593.57275390625,596.4413297893211,592.1973772710232,595.7242008087076,35904700
2024-12-16,596.1073608398438,597.0799821268581,594.5552201188243,595.331290479334,43695200
2024-12-17,593.6513671875,594.5158794594372,592.2760503625989,593.553151685944,55773500
2024-12-18,575.95849609375,595.7340497636445,575.5753477019516,593.3468374126793,108248700
2024-12-19,575.781494140625,582.5600413718613,575.5358954722558,580.948899716812,85919500
2024-12-20,582.697265625,587.231466902458,572.6036351958548,573.4513839180992,125716700
2024-12-23,586.1866455078125,586.7879087972127,579.2571372355378,582.4409930028329,57635800
2024-12-24,592.7021484375,592.7416149913781,586.9554933157183,587.5370835235541,33160100
2024-12-26,592.7416381835938,593.8652919269226,589.5282423631364,590.9279213446937,41219100
2024-12-27,586.5020751953125,589.2324867459512,582.3128451341881,588.9958679237085,64969300
2024-12-30,579.8091430664062,583.278830614674,576.0536238226567,579.4839049805771,56578800
2024-12-31,577.69970703125,582.1945015590405,576.0634095440413,581.4748988586764,57052700
2025-01-02,576.2803344726562,582.6775253068124,572.1995172748154,580.9624149327,50204000
2025-01-03,583.48583984375,584.1265095290074,578.0447499447286,579.129057366777,37888500
2025-01-06,586.8470458984375,591.1250155334773,585.1122021784661,587.7440676720806,47679400
2025-01-07,580.2131958007812,589.202784283761,578.3896729800513,588.8774861019172,60393100
2025-01-08,581.0609130859375,582.1353537217743,576.832277161694,580.2822309005052,47304700
2025-01-10,572.1896362304688,577.5715860296085,570.2773736421228,577.5025797313914,73105000
2025-01-13,573.0768432617188,573.4316812597856,567.1231694250464,567.5372072518853,47910100
2025-01-14,573.8652954101562,576.635112947905,570.0801769152397,576.0042498383493,48420600
2025-01-15,584.303955078125,585.4473419377294,580.7751281246863,581.8889752343268,56900200
2025-01-16,583.1802978515625,585.8515097161563,582.4804283105531,585.6740907119066,43319700
2025-01-17,589.035400390625,590.7899174222187,587.0935375428814,588.4242703969026,58070600
2025-01-21,594.4270629882812,594.4369296257112,590.1096871636119,592.0810894520482,42532900
2025-01-22,597.7686767578125,599.1289493146973,596.7041025475482,597.2560928487167,48196000
2025-01-23,601.0313110351562,601.0313110351562,596.8618141810588,597.1377792345874,41152100
2025-01-24,599.2766723632812,602.0465502262632,598.1234189150732,601.0903888692611,34604700
2025-01-27,590.7997436523438,591.1151752666312,586.1373960687419,586.3049484329972,70361100
2025-01-28,595.8760986328125,596.7139205737208,588.7100317776161,592.0318399526346,44433300
2025-01-29,593.204833984375,595.4916679771449,590.6518414168764,595.0874967960807,37177400
2025-01-30,596.388671875,597.9263634423098,592.130435189581,595.3241578254683,39281300
2025-01-31,593.2147216796875,601.2383441338676,592.4557124803268,598.8134974486875,66566900
2025-02-03,589.2225952148438,591.7065212004032,582.0466619706364,584.1954832564219,65857200
2025-02-04,593.17529296875,593.6878166788046,588.7396375989994,589.281761222817,33457800
2025-02-05,595.5803833007812,595.7282625539741,590.0210739471236,592.0516161255263,30653100
2025-02-06,597.6503295898438,597.778475552574,594.013089933138,597.3250313642651,35771500
2025-02-07,592.1796875,599.4344333824486,591.4699514014874,598.2121736064561,50788500
2025-02-10,596.201416015625,596.8421459350292,594.1216006809957,595.3931938806695,26048700
2025-02-11,596.6548461914062,597.1969698690995,593.8160216596527,593.9343010016065,30056700
2025-02-12,594.732666015625,595.9056528588447,589.9520392250456,590.6321754646003,45076100
2025-02-13,601.0115966796875,601.2186155981716,594.5749988790903,595.8366651794477,40921300
2025-02-14,600.9819946289062,602.2535274358258,600.360998100256,601.2185532755497,26910400
2025-02-18,602.7463989257812,602.7463989257812,599.6808827255115,602.145135650955,26749000
2025-02-19,604.1658935546875,604.4615919136522,600.8440849703791,601.3566689008733,31011100
2025-02-20,601.6522827148438,602.9336821985821,598.3403412349714,602.7956695963146,36554000
2025-02-21,591.361572265625,601.5734221193063,590.8982614234848,601.435409514207,76519800
2025-02-24,588.6705932617188,594.4073810554311,587.9608571639533,593.4118132885562,50737200
2025-02-25,585.7431030273438,589.3409366661995,581.1300283822392,588.6115273648803,58266500
2025-02-26,586.0387573242188,591.0067297705009,583.3970853838995,587.4088964020577,43321600
2025-02-27,576.6844482421875,589.4690234968429,576.290203877955,588.3157098294636,74196700
2025-02-28,585.6839599609375,586.2162169760591,574.1118369424444,577.1872200213395,88744100
2025-03-03,575.4227905273438,588.798762606637,571.6081318173137,587.6553155599406,74249200
2025-03-04,568.611572265625,577.0196322682823,564.0675042327628,571.4208567458912,109648200
2025-03-05,574.722900390625,576.5168836727693,564.8856223320056,568.4439889843314,71230500
2025-03-06,564.5209350585938,571.8742272350298,561.9679425734266,567.2512863712917,80094900
2025-03-07,567.6849975585938,569.1340095542192,557.5421542389136,562.7368186254731,81158800
2025-03-10,552.5643920898438,561.3962362827218,547.6457527585567,559.4741670846696,99326600
2025-03-11,547.970947265625,555.9551623983707,544.1267490127518,551.4012280579012,88102100
2025-03-12,550.8787841796875,555.0581473332891,545.7728595599632,554.1315858671662,69588200
2025-03-13,543.535400390625,551.1154458832376,541.8202897344504,550.5043158830474,74079400
2025-03-14,554.762451171875,555.7678855775432,543.6043071486545,548.1582415612112,62660300
2025-03-17,559.0404663085938,561.5638590041749,554.3090523622551,554.7427633019219,49008700
2025-03-18,552.998046875,556.9408512500528,551.0660510727529,556.7239657249663,66041400
2025-03-19,559.0206909179688,562.7860764826731,553.5993346617712,554.7821880592443,66556000
2025-03-20,557.4041748046875,562.4115538615378,554.5554838320709,555.2750866351008,62958200
2025-03-21,557.5880737304688,558.4877939738346,551.7055567482902,552.9413897854555,83763000
2025-03-24,567.5735473632812,568.6314275100074,563.7375174204726,564.3306930432161,58766800
2025-03-25,568.93798828125,569.8771730865459,567.1880294433175,568.7797678649376,38355700
2025-03-26,562.1458740234375,569.7981425644431,560.7617168790538,568.6710483477373,51848300
2025-03-27,560.6528930664062,564.4296055114135,558.5371327368356,560.7517355574175,42164200
2025-03-28,549.3623657226562,559.8521624781242,548.7790863172526,559.120558969836,71662700
2025-03-31,553.0501098632812,554.3551567474991,540.6719872727307,543.5984615291653,95328200
2025-04-01,554.6121826171875,556.5598868781194,547.4048260096515,551.1321177898429,54609600
2025-04-02,558.1219482421875,560.9890444564371,548.52197624234,548.7592465118332,76014500
2025-04-03,530.6173095703125,541.759539717793,530.6173095703125,538.931968079745,125986000
2025-04-04,499.5533447265625,519.9099817661254,499.3358369172059,517.7349036725598,217965100
2025-04-07,498.6635437011719,517.2405628900261,476.33944038650816,483.64569927250346,256611400
2025-04-08,490.85308837890625,519.0300496454024,483.61604333672847,515.9454154101668,165816600
2025-04-09,542.4021606445312,542.4021606445312,487.46196103833506,487.84755542038147,241867300
2025-04-10,518.6346435546875,527.4535310578508,503.5475844453038,526.1385878330984,162331200
2025-04-11,527.8886108398438,530.3503808511161,514.175810859904,517.0824928795379,97866300
2025-04-14,533.0098266601562,538.111379094838,527.8094317224818,537.8839447885014,68034000
2025-04-15,531.516845703125,537.0731451747598,530.7259247754906,533.5534957548979,56892900
2025-04-16,519.7023315429688,531.7937621429162,514.3931980244283,525.6541223320015,83484800
2025-04-17,520.44384765625,525.1499093262158,517.9721816819745,521.6599483491107,79868100
2025-04-21,508.05584716796875,515.7872249375157,502.6972625032136,515.2533065114334,69368100
2025-04-22,521.2744140625,523.3011683263503,513.3057644566182,514.2450097037921,75948100
2025-04-23,529.3516845703125,539.2482437222484,527.8291602174767,534.3049123051696,90590700
2025-04-24,540.4940185546875,541.2256220112762,529.3814182452572,530.6369834977514,64150400
2025-04-25,544.3992919921875,544.804618673288,537.5280483044934,540.454522631326,61119600
2025-04-28,544.60693359375,547.2763452918678,538.8430511744899,545.1408521394233,47613800
2025-04-29,548.0375366210938,549.1547344204944,542.3329124899421,542.6888178923871,47775100
2025-04-30,548.2550048828125,550.2126052496137,535.382610300473,541.3640295279456,93101500
2025-05-01,552.1405639648438,557.6771326979873,551.5374918684194,554.0190544953313,63186100
2025-05-02,560.3366088867188,561.9382437140476,556.0062449925595,558.329587021111,60717300
2025-05-05,557.1234130859375,560.2278400664005,555.3339293144951,556.194064255589,38659200
2025-05-06,552.466796875,556.9652171268149,550.64768441023,551.6066618961361,48264700
2025-05-07,554.7901611328125,557.4298834610689,549.738030089525,553.8014947566288,55588000
2025-05-08,558.6558227539062,563.8463212534109,555.333918196641,558.8337754612519,65130800
2025-05-09,557.9440307617188,561.0681900796083,556.3819209310694,560.0597310271954,37603400
2025-05-12,576.3826293945312,576.3925257137258,570.5000520977247,574.8798371188,78993600
2025-05-13,580.1889038085938,582.4035064586343,576.2342389782652,576.7977256143981,67947200
2025-05-14,580.930419921875,582.3046201283636,578.9036058641954,581.1478975288738,66283500
2025-05-15,583.7679443359375,584.2721134769878,578.4686469334371,578.9234551699535,71268100
2025-05-16,587.465576171875,587.7621640177526,582.6013544692614,584.5489982766968,76052100
2025-05-19,588.1082153320312,588.7903975982244,581.4347167753893,581.4347167753893,68168500
2025-05-20,586.130859375,587.3172711404261,582.9176935296509,586.3681900028125,60614500
2025-05-21,576.2540893554688,585.8639582409971,575.2258980125081,581.7708648204313,95197700
2025-05-22,576.4814453125,579.971405887537,574.8204328669485,576.0562657117097,70860400
2025-05-23,572.5465698242188,575.2159811048424,569.0763411937487,569.4520392436427,76029000
2025-05-27,584.4501342773438,584.6082943415249,571.8742669840636,579.4276923460704,72588500
2025-05-28,581.06884765625,586.0517646206928,580.3372442209068,584.8554566278126,68445500
2025-05-29,583.362548828125,586.4768718669775,579.4276761926377,586.3384441000501,69973300
2025-05-30,582.7101440429688,584.4304140423015,576.6298211275496,582.2553357440712,90601200
2025-06-02,585.9925537109375,586.0716035851324,578.4292307095351,581.0986423772898,61630500
2025-06-03,589.3341064453125,590.3128764026674,585.1421107506463,585.6266079138771,63606200
2025-06-04,589.1759643554688,591.1730898063917,588.7409487228937,590.1943197189499,57314200
2025-06-05,586.3285522460938,592.2111289512687,584.3512195951713,590.8566609128592,92278700
2025-06-06,592.3495483398438,594.0203968199735,590.0953601848463,591.8749474768216,66588700
2025-06-09,592.8834228515625,594.4356362447949,591.7069074945726,592.9229477814916,53016400
2025-06-10,596.2449951171875,596.6305291817529,592.3002255337209,593.4173631354267,66247000
2025-06-11,594.5443725585938,598.2024500657004,592.4780937113569,597.3423151819753,73658200
2025-06-12,596.9072265625,596.9072265625,592.7251877881479,593.2096245779508,64129000
2025-06-13,590.2338256835938,595.0288334634262,588.731033484191,591.7168252456129,89506000
2025-06-16,595.8494873046875,597.599446226556,593.4173461203459,593.5953591830877,79984100
2025-06-17,590.7578735351562,594.9300168530282,589.9965810836336,593.4074922933922,82209400
2025-06-18,590.6688232421875,594.4059506456396,589.7097855095001,591.6574895866379,76605000
2025-06-20,589.2816162109375,594.4180406328666,587.8735160730708,593.3471074282096,94051400
2025-06-23,595.1022338867188,595.4889076465048,586.9116980815279,590.0351674928282,87426000
2025-06-24,601.6764526367188,602.737399696003,598.3347417480489,599.2470472798032,67735300
2025-06-25,602.0136108398438,603.4910690166892,600.4468830082857,602.7969444947229,62114800
2025-06-26,606.7236328125,607.1599344481853,603.2530708764845,603.8678512919777,78548400
2025-06-27,609.738037109375,611.2056301568862,605.6923970890058,607.7251426738447,86258400
2025-06-30,612.6533813476562,614.0118537505704,609.867018033134,612.1873634601734,92502500
2025-07-01,612.455078125,613.625146088841,610.3429883405835,611.1758893553448,70030100
2025-07-02,615.2315063476562,615.2711481262035,611.4237773441516,612.0484833566157,66510400
2025-07-03,620.0803833007812,621.0124795190609,617.194824993195,617.214676143094,51065800
2025-07-07,615.4595336914062,618.7813935886118,612.6731706581298,618.1169852960921,74814500
2025-07-08,615.1224365234375,616.8775081543645,614.3093261623386,616.1238907210633,59024600
2025-07-09,618.8110961914062,619.4655183729625,615.6875662931247,617.5319680301938,66113300
2025-07-10,620.5563354492188,621.5974919629854,617.7699723301522,618.9499658515675,57529000
2025-07-11,618.3748168945312,619.6043777491163,616.3024294765994,617.5022136064131,63670200
2025-07-14,619.5547485351562,619.901780492049,616.5700558274259,617.9186024028506,51898500
2025-07-15,616.9072875976562,622.5791484786782,616.8279435196437,622.2420420602726,74317300
2025-07-16,618.9697265625,619.4754466932056,612.8516386863737,618.4937831556223,88987500
2025-07-17,622.7576293945312,623.1146474859103,618.9301097920578,619.1482908768893,68885700
2025-07-18,622.301513671875,624.175571102461,621.1909387049365,624.007017899032,65621600
2025-07-21,623.4815063476562,626.2281670376054,623.0551302914085,623.4815063476562,63375000
2025-07-22,623.5707397460938,624.4334174667899,620.9232136557434,623.8087114591411,60046300
2025-07-23,628.8757934570312,628.8757934570312,624.4334327911965,626.2381323551606,70511000
2025-07-24,629.083984375,630.7994747941685,628.6576082944551,629.2624631630094,71307100
2025-07-25,631.741455078125,632.2174590489252,629.5005143245561,629.7484116245431,56865400
2025-07-28,631.5828247070312,632.6735486135409,630.1945756243812,632.1182610848412,54917100
2025-07-29,629.9168701171875,633.2981621509475,629.0046251365209,632.980846392065,60556300
2025-07-30,629.1236572265625,632.3165451544952,626.2281734095909,630.5713386132512,80418900
2025-07-31,626.7637329101562,634.4683400166905,625.464753449126,634.0816662163586,103385200
2025-08-01,616.49072265625,621.0719198033348,614.0811684978922,621.032217506902,140103600
2025-08-04,625.8612670898438,625.9108344398344,620.3183179857707,620.4075271113948,73218000
2025-08-05,622.6881713867188,627.2891592865192,621.7660007962415,626.4760489706393,68051400
2025-08-06,627.457763671875,628.1121858315174,622.8468502662965,623.7590952688204,64357500
2025-08-07,626.9321899414062,631.6223868787783,623.8185857342208,630.8886206499576,74205800
2025-08-08,631.8207397460938,632.2868180975779,628.4096707981653,628.7269865749256,64051600
2025-08-11,630.5713500976562,633.5758942477272,629.3219380955197,632.0984361099556,58742300
2025-08-12,637.2844848632812,637.4431125105409,631.434084195598,632.9214680410968,64730800
2025-08-13,639.4659423828125,640.7549961752953,637.2745085703324,639.4857330110176,60092800
2025-08-14,639.525390625,640.1897383639256,636.9373576458678,637.3835243153912,59327500
2025-08-15,638.0281372070312,640.6558727131268,637.11589211782,640.5566774831647,68592500
2025-08-18,637.8892822265625,638.5834067295413,636.7787072305159,637.4529805837014,43804900
2025-08-19,634.4286499023438,638.6924711313014,633.1098193903536,637.7108075589789,69750700
2025-08-20,632.742919921875,634.2798709561484,627.6263466835007,634.0221086228163,88890300
2025-08-21,630.2044677734375,632.604096553562,628.4791123479844,630.9283690027011,54805800
2025-08-22,639.8824462890625,641.0624398986112,631.8902394824283,632.3959596753498,84083200
2025-08-25,637.0662231445312,639.8625116828326,636.9472372936925,638.6230253017661,51274300
2025-08-26,639.733642578125,640.0807351008626,636.1738713484165,636.7985773675441,51581600
2025-08-27,641.1912841796875,641.9250504526357,638.9998504138363,639.148612992103,48341100
2025-08-28,643.4619750976562,644.0172625669782,639.9121297324674,641.7961126896905,61519500
2025-08-29,639.6245727539062,642.3911452321481,637.7306640961879,642.0242015644989,74522200
2025-09-02,634.884765625,635.1028861742022,629.5797276837342,632.13804448044,81983500
2025-09-03,638.3255615234375,638.7916398746721,635.0731807265284,637.2645539172183,70820900
2025-09-04,643.6602783203125,643.6900550422279,638.09747828346,638.999797688006,65219200
2025-09-05,641.796142578125,646.7243720544352,637.9190556866993,646.0004708304714,85178900
2025-09-08,643.3727416992188,644.3742563254497,641.7861629025881,643.1644862104067,63133100
2025-09-09,644.8601684570312,645.3856792185645,641.7762803015634,643.5115612591451,66133900
2025-09-10,646.724365234375,649.0446498954948,645.1576374702139,648.122479271532,78034500
2025-09-11,652.0988159179688,652.7929404681626,648.092817304151,648.6778210448584,69934400
2025-09-12,651.880615234375,653.5663289422531,651.374955591632,652.0690195991697,72780100
2025-09-15,655.3511352539062,655.4800466805781,653.7943936028013,654.0918582328915,63772400
2025-09-16,654.4488525390625,656.213910313041,653.6655188822047,655.9064595692537,61169000
2025-09-17,653.6357421875,656.1543568928759,648.7967821934204,654.4587781451693,101952200
2025-09-18,656.6898193359375,659.2977035594738,654.7165666735059,656.3229362038169,90459200
2025-09-19,659.9423217773438,660.7874850308027,656.6311583459587,658.5800832029405,97945600
2025-09-22,663.0645141601562,663.5119177999496,658.4209110544651,658.4507703315647,69452200
2025-09-23,659.4551391601562,663.5617612775759,658.2320617574377,662.9452156846509,81708900
2025-09-24,657.3569946289062,660.8471316064555,655.9350982101993,660.7477220570149,68082200
2025-09-25,654.3242797851562,655.6765652531099,650.7048739536411,654.2149171420698,89622100
2025-09-26,658.072998046875,658.619871988132,654.1553026157394,655.7760789419195,69179200
2025-09-29,659.9224243164062,661.5134019828115,658.112721358766,660.5985670660314,73499000
2025-09-30,662.4082641601562,662.8756347075731,657.8641309647478,659.1766647693167,86288000
2025-10-01,664.6654663085938,665.5802405756418,659.3059681646932,659.4153308150761,72545400
2025-10-02,665.4309692382812,666.7733621981591,663.004842335434,666.6540464714482,56896000
2025-10-03,665.421142578125,668.8714672806448,664.377038831869,666.1966948783695,70494400
2025-10-06,667.8074951171875,668.7024238148077,665.669704301124,667.8174482099862,54623300
2025-10-07,665.3316040039062,669.1796881705657,663.8898014056139,668.7322238208072,72020100
2025-10-08,669.2990112304688,669.398481470165,665.6299006256374,666.4552183740389,60702200
2025-10-09,667.3600463867188,670.1243359074817,665.4211353124821,669.7166839203261,66501900
2025-10-10,649.32275390625,670.1342452495495,649.14378031214,668.324542434099,159422600
2025-10-13,659.2860107421875,661.3642043859337,656.0345659370097,656.9095884512618,79560500
2025-10-14,658.4805908203125,662.0602448848334,649.4718888267987,653.4492417720955,88779600
2025-10-15,661.4039916992188,666.4353410824248,655.1993304017814,663.0446741742268,81702600
2025-10-16,656.899658203125,664.9239754340409,653.3896149312258,663.0446615126489,110563300
2025-10-17,660.62841796875,661.9906565438909,654.4138037793879,655.7660892614911,96500900
2025-10-20,667.499267578125,668.4041493887289,663.4921159142255,663.5418206897375,60493400
2025-10-21,667.4892578125,669.1796448635298,666.1866772188026,667.6384328159621,56249000
2025-10-22,664.0191040039062,668.1953369980629,659.5445816579371,668.1953369980629,80564000
2025-10-23,667.9566650390625,668.9012985038863,664.019063764971,664.3372592841532,65604500
2025-10-24,673.4155883789062,674.628651928334,671.8246714345047,672.6300829996666,74356500
2025-10-27,681.3603515625,681.658640907831,678.2580209918731,678.8645527756448,63339800
2025-10-28,683.1700439453125,685.0095454543999,680.9526890414517,683.1600908523567,61738100
2025-10-29,683.4981689453125,685.795087823854,679.0037407351697,684.8205950917289,85657100
2025-10-30,675.98095703125,682.0563488815194,675.98095703125,680.0279207971732,76335800
2025-10-31,678.1983642578125,681.2012852815519,675.3943230278239,681.1614729090464,87164100
2025-11-03,679.4711303710938,681.9171636388411,676.0903560257897,681.7878948104295,57315000
2025-11-04,671.4169921875,676.1103005794487,670.7607556049009,672.2820616639051,78427000
2025-11-05,673.7437133789062,677.0051112074705,670.3529860359731,671.1583975728993,74402400
2025-11-06,666.514892578125,673.5448715272548,664.9338680034818,672.6399897028363,85035300
2025-11-07,667.1710815429688,667.2805048704689,657.4663915648358,664.1284090392404,100592400
2025-11-10,677.5819091796875,678.317709828293,671.2082272333661,673.4056760856186,75842900
2025-11-11,679.1329956054688,679.6997756663966,674.8871520395073,676.1002762110339,58953400
2025-11-12,679.5108642578125,681.081935653801,677.0946296424269,680.9128544582501,62312500
2025-11-13,668.2350463867188,677.0051169124795,666.723693536663,676.6471697129602,103457800
2025-11-14,668.125732421875,671.8345948923219,659.5147893727298,661.6128286383953,96846700
2025-11-17,661.901123046875,669.8956413839408,658.4209391867944,665.9083353081996,90456100
2025-11-18,656.3428344726562,661.3542775984923,652.1466953365565,658.351356546523,114467500
2025-11-19,658.87841796875,663.561773390439,655.020380360944,657.0389163187169,94703000
2025-11-20,648.8355712890625,671.7351497651099,648.1991802397498,669.1001291109939,165293500
2025-11-21,655.2987670898438,660.7874729698119,647.1650267848305,651.3412595795126,123956200
2025-11-24,664.9437866210938,666.2662734630499,657.8442577670318,658.9380055466532,80437900
2025-11-25,671.1981811523438,672.3814460202411,660.7178178396566,664.8443455838128,81077100
2025-11-26,675.8318481445312,677.8404309302599,672.8885849296569,673.7934667684052,71879600
2025-11-28,679.5208129882812,679.7991961322198,676.6471609574353,677.0051081523229,49212000
2025-12-01,676.4185180664062,679.1230890446475,674.8971513739515,674.9667623359846,61201200
2025-12-02,677.67138671875,679.9483994968172,675.4838303983408,678.0591325179204,62953800
2025-12-03,680.0180053710938,681.0321891246488,675.8417725523884,676.7167950740063,57238500
2025-12-04,680.51513671875,681.4895687361658,677.4824173401821,681.4199577792665,61970300
2025-12-05,681.8078002929688,684.4925257185774,680.7040993957534,681.5890143183475,79241000
2025-12-08,679.7594604492188,682.7524282821314,677.7111260885928,682.7027235077143,55231500
2025-12-09,679.1727294921875,681.5094606319436,678.7253258622812,679.2821528162136,58310100
2025-12-10,683.6771850585938,685.0692222502689,677.4526176554032,678.6955405173951,85671300
2025-12-11,685.26806640625,685.3476304583654,678.3076987410943,681.2609148661827,86173700
2025-12-12,677.9000244140625,684.9797075791527,675.3246617594549,684.2737056052856,113160300
2025-12-15,676.8758544921875,681.8774049984522,675.4042533093998,681.8574988128718,90811000
2025-12-16,675.0264282226562,677.2239376857725,671.1584377196804,675.3843754405706,122030600
2025-12-17,667.5986938476562,676.5874893555698,667.3998140691156,676.0406154817738,110625200
2025-12-18,672.6399536132812,676.8857972779194,671.0788959983324,673.7635606688432,108650100
2025-12-19,678.7363891601562,679.2350273728672,674.6275542880097,674.747283458469,103599500
2025-12-22,682.96484375,683.4933686131409,678.7364013691785,682.0772531068674,69556700
2025-12-23,686.0863037109375,686.325640311278,682.0074163952171,682.0572680421344,64840000
2025-12-24,688.4996948242188,688.9484813838191,685.9267046355759,686.0763204450832,39445600
2025-12-26,688.4298706054688,689.7761694005526,687.392725060237,688.758988861415,41613300
2025-12-29,685.9765625,687.322922191004,684.2014421207446,685.6674092439482,62559500
2025-12-30,685.138916015625,686.6846823672308,684.7100944386586,685.5777200962995,47160700
2025-12-31,680.062744140625,685.4879304984822,679.8533550408816,685.2685588951464,74144800
2026-01-02,681.309326171875,684.999261161205,677.9684744567207,683.842447277036,89377200
2026-01-05,685.846923828125,687.5522884526621,684.5106074856512,684.6701449336617,71927200
2026-01-06,689.92578125,690.4344019511112,685.9067890249802,686.0563439630641,69273800
2026-01-07,687.701904296875,692.0699799720542,687.4426026835383,690.3047811958188,75588300
2026-01-08,687.632080078125,688.7390423054183,685.6175622141362,686.9439569075789,64019200
2026-01-09,692.1796264648438,693.4162394407576,687.3029303433501,688.7489932725086,80125500
2026-01-12,693.2666625976562,694.1941832506386,688.7490319805348,688.7988836287034,63976000
2026-01-13,691.8804931640625,694.194181802135,689.467040360938,693.595779418591,78309700
2026-01-14,688.479736328125,689.8360176539858,684.1714948792828,689.1180078469732,94676700
2026-01-15,690.3546142578125,693.5558934557131,689.3673203481677,692.678285342935,77862000
2026-01-16,689.7761840820312,692.359156800422,688.22043529661,691.7707369284135,79289200
2026-01-20,675.7345581054688,682.9049778344743,674.7272992054969,679.6338820353151,111623300
2026-01-21,683.5332641601562,686.8641332264262,676.2830453044572,677.7989248999835,127844500
2026-01-22,687.103515625,689.2476843606095,685.0491285530771,687.9711412752974,77112200
2026-01-23,687.352783203125,689.0781127396581,685.2884137823622,686.2757685331861,63059600
2026-01-26,690.84326171875,692.2394730275811,688.0409174669724,688.609372319757,60473800
2026-01-27,693.5957641601562,694.6329705879123,691.6810104865692,692.2893344912051,55506100
2026-01-28,693.5259399414062,695.9393926651097,692.0499903412962,695.1515053497095,61172200
2026-01-29,692.1497192382812,695.1615135683285,682.9648421722587,694.4933553961189,97486200
2026-01-30,690.0853271484375,692.3192774332931,685.2485609149509,689.9058246991844,101835100
2026-02-02,693.5159912109375,695.0318708971434,687.5423149981101,687.7019133171445,79286500
2026-02-03,687.6520385742188,695.0617950648859,682.1670182684101,694.3138377504575,107904600
2026-02-04,684.3211059570312,689.5667896413613,679.9031787408285,688.4697490630058,105204600
2026-02-05,675.7744750976562,681.8279505601881,673.9494421186707,679.0854402743204,113610800
2026-02-06,688.739013671875,690.4244132010324,678.995603890688,679.6039887472712,89127600
2026-02-09,692.0599975585938,693.9747512796714,686.4652913399738,687.5423060693106,73885200
2026-02-10,690.2349243164062,694.64286887948,689.7761552680904,693.0572335194393,65185700
2026-02-11,690.075439453125,695.2413241987686,687.3029816841566,694.4933668556342,76353900
2026-02-12,679.41455078125,693.4561594586687,678.5169776231163,692.3491972008484,118829000
2026-02-13,679.8931884765625,684.410879804094,675.6747287653898,679.833354327075,96267500
2026-02-17,680.9901733398438,683.074507822494,673.9394826742099,678.287593220413,81354700
2026-02-18,684.4208374023438,687.2730943282486,680.9702998190471,682.157061237011,73570300
2026-02-19,682.61572265625,684.311104689823,679.6937101433548,681.9775120282383,58649400
2026-02-20,687.5523071289062,688.1805961724377,679.8732661615737,680.4616860592505,100034000
2026-02-23,680.531494140625,688.1207533479937,678.5169762252317,685.9566804858357,90558100
2026-02-24,685.4779052734375,686.4751816677359,678.1479481229125,680.0427976196477,73798700
2026-02-25,691.26220703125,691.7907319065998,688.2204651135966,688.3002642742074,56369500
2026-02-26,687.422607421875,691.4117130049051,682.486077089091,691.391808867856,71671000
2026-02-27,684.1216430664062,684.9892686841309,679.7835149777827,681.2295779636313,83308900
2026-03-02,684.5106201171875,686.744509644098,676.1734035367807,676.8515442239554,87477200
2026-03-03,678.4771118164062,680.7508704958498,667.8361281509542,673.221445388408,105003100
2026-03-04,683.2639770507812,685.2186606854194,677.7689744100875,679.7735096903759,79182200
2026-03-05,679.4544067382812,683.6629449535216,673.7699188745959,680.2223290726917,106606500
2026-03-06,670.5487060546875,674.2685275228549,667.9358467743081,671.5758690877306,100687000
2026-03-09,676.4227294921875,678.0681991431876,660.5859743093405,664.5750801817165,102667700
2026-03-10,675.3356323242188,681.4987932365287,672.9222404542279,675.87413967305,81505300
2026-03-11,674.4879760742188,678.2277626375325,671.5061293267642,675.7345715953234,68441700
2026-03-12,664.2459106445312,669.8207124533001,664.0564256954588,669.3319958917509,108882200
2026-03-13,660.4862060546875,670.5088831921612,659.5587462493693,667.4472371497842,97200200
2026-03-16,667.2078857421875,670.239584206393,665.3030536555561,666.5596317087426,82023100
2026-03-17,668.9630126953125,672.60309589337,667.8760155087483,670.5586914524959,87128000
2026-03-18,659.6285400390625,667.8959397089973,659.3892034355257,666.5396583763402,82062600
2026-03-19,658.0029907226562,661.1743225351036,653.3855958813168,655.1806813207687,111272500
2026-03-20,648.5700073242188,656.6900024414062,644.719970703125,656.510009765625,163617500
2026-03-23,655.3800048828125,662.6199951171875,653.9400024414062,658.0700073242188,134802700
2026-03-24,653.1799926757812,657.030029296875,649.8800048828125,651.3200073242188,96457500
2026-03-25,656.8200073242188,660.8900146484375,654.239990234375,658.6699829101562,90653800
2026-03-26,645.0900268554688,654.8499755859375,644.8200073242188,652.0599975585938,96494400
2026-03-27,634.0900268554688,642.6599731445312,633.1099853515625,642.5,103649400
2026-03-30,631.969970703125,640.3699951171875,629.280029296875,640.1099853515625,99275900
2026-03-31,650.3400268554688,651.5399780273438,637.97998046875,638.9400024414062,152534100
2026-04-01,655.239990234375,658.52001953125,653.0,653.9000244140625,97841500
2026-04-02,655.8300170898438,658.2000122070312,645.1099853515625,646.4199829101562,68358700
2026-04-06,658.9299926757812,659.719970703125,655.52001953125,655.8599853515625,39105800
2026-04-07,659.219970703125,659.6099853515625,651.0599975585938,656.6500244140625,69980400
2026-04-08,676.010009765625,677.0800170898438,671.4600219726562,676.3900146484375,93606100
2026-04-09,679.9099731445312,681.1599731445312,673.77001953125,674.8400268554688,57134400
2026-04-10,679.4600219726562,682.030029296875,678.4500122070312,681.3200073242188,42253500
2026-04-13,686.0999755859375,686.2999877929688,676.5800170898438,677.4099731445312,54185800
2026-04-14,694.4600219726562,694.5800170898438,687.6599731445312,687.6900024414062,63480500
2026-04-15,699.9400024414062,700.280029296875,694.2000122070312,695.260009765625,58240400
2026-04-16,701.6599731445312,702.780029296875,698.530029296875,701.0599975585938,49972400
2026-04-17,710.1400146484375,712.3900146484375,705.760009765625,706.1400146484375,70661900
2026-04-20,708.719970703125,709.9099731445312,706.1400146484375,708.780029296875,43546800
2026-04-21,704.0800170898438,711.2750244140625,702.6400146484375,710.280029296875,58281256
