Price,Close,High,Low,Open,Volume
Ticker,SPY,SPY,SPY,SPY,SPY
Date,,,,,
2015-01-02,170.12498474121094,171.32579919572484,169.08980858140774,170.91172873180355,121465900
2015-01-05,167.0526123046875,169.24718101537695,166.74620416225187,169.08155533396388,169632600
2015-01-06,165.4791717529297,167.88077604924092,164.6841506836419,167.35904307763232,209151400
2015-01-07,167.54119873046875,167.88073956316435,166.35696320099726,166.80415376773578,125346700
2015-01-08,170.5142364501953,170.72956120963863,168.93249665478461,168.9490503774883,147217800
2015-01-09,169.14776611328125,170.9448302148578,168.53493734422247,170.92826385990315,158567300
2015-01-12,167.82273864746094,169.43762341842782,167.21819936354106,169.2802746346781,144396100
2015-01-13,167.3507080078125,170.16638190252374,166.05052078045333,169.04010981735388,214553300
2015-01-14,166.3403778076172,166.5391361681046,164.44394075078782,165.33832178191363,192991100
2015-01-15,164.816650390625,167.29278426938683,164.70071113847325,166.97809923436395,176613900
2015-01-16,166.97804260253906,167.1353913848999,164.42736728384997,164.60955928064396,211879600
2015-01-20,167.3341522216797,167.88072826145347,165.7689663888203,167.61571710165006,130991100
2015-01-21,168.17881774902344,168.65914087961016,166.40659712616707,166.8703539042716,122942700
2015-01-22,170.6798553466797,170.81234829538025,167.55776041788667,168.9324774316333,174356000
2015-01-23,169.7440948486328,170.67989840459322,169.61158923007656,170.42316402997878,117516800
2015-01-26,170.1415557861328,170.23265179616268,168.81653784693114,169.52873956995722,92009700
2015-01-27,167.8972930908203,169.04011895690113,167.06915217860907,168.0877619624292,134044600
2015-01-28,165.744140625,169.18092074926022,165.55367173160218,169.08154787208377,168514300
2015-01-29,167.2761993408203,167.53292102009297,164.5350421112368,165.9428918715796,173585400
2015-01-30,165.17271423339844,167.42525868672465,164.9077156934692,166.1002407142217,197729700
2015-02-02,167.21820068359375,167.30929668351396,163.8559508188736,165.669581321377,163107000
2015-02-03,169.63636779785156,169.64465729362138,167.7399308212552,168.11259167452923,124212900
2015-02-04,168.99050903320312,170.08366159772393,168.53502879798614,168.87456975846,134306700
2015-02-05,170.69639587402344,170.84546780487813,169.57841325653533,169.6529429037491,97953200
2015-02-06,170.22434997558594,171.62390999881345,169.70261720951441,171.06076766399516,125672000
2015-02-09,169.46249389648438,170.29891174267553,169.0567002644991,169.57843312899038,87219000
2015-02-10,171.26785278320312,171.52457449325172,169.50390825922682,170.49768765305734,96164200
2015-02-11,171.36721801757812,171.79785489325087,170.45627046247458,171.10221945776905,91087800
2015-02-12,173.01519775390625,173.07317368320975,171.40032550339623,172.16221362577974,97545900
2015-02-13,173.72743225097656,173.7771186932326,172.88272482333429,173.13945916904026,93670400
2015-02-17,174.0006866455078,174.17460179617606,173.16426887773315,173.41270104093434,76968200
2015-02-18,174.01722717285156,174.09175681074964,173.36298887638918,173.62799999303866,80652900
2015-02-19,173.89305114746094,174.2574352250173,173.2802348683247,173.42101732802976,91462500
2015-02-20,174.93653869628906,175.0110683660321,172.85789635073897,173.47900220479303,140896400
2015-02-23,174.91165161132812,174.91165161132812,174.307099633419,174.68805002173943,74411100
2015-02-24,175.40853881835938,175.60729720252223,174.538988262736,174.83711952076607,72472300
2015-02-25,175.25950622558594,175.76467280547013,174.9199653395393,175.28434944784004,73061700
2015-02-26,175.05245971679688,175.32574778048672,174.44790765025743,175.16839895868685,72697900
2015-02-27,174.45616149902344,175.21804959524584,174.40647506785652,174.95303844711958,108076000
2015-03-02,175.5576171875,175.6155804872333,174.50587456702831,174.55556100577942,87491400
2015-03-03,174.83712768554688,175.60730540326986,173.97586658681115,175.12698209643352,110325800
2015-03-04,174.10008239746094,174.31540714911114,173.13115892432225,174.24086485392425,114497200
2015-03-05,174.29054260253906,174.57210748101213,173.7853761387244,174.42303554530858,76873000
2015-03-06,171.83929443359375,173.85996092972624,171.50804301696908,173.42932397896894,188128000
2015-03-09,172.55148315429688,172.90757776811046,171.88069087325783,172.03803970687056,89818900
2015-03-10,169.75233459472656,171.2678341049669,169.71092501842804,171.18502758879842,157121300
2015-03-11,169.35482788085938,170.18296884849192,169.27200872952477,170.00905368526062,110145700
2015-03-12,171.5079803466797,171.57422049665473,169.93450510159317,169.98419153228792,93993500
2015-03-13,170.45623779296875,172.19532604836107,169.42106169936847,171.23469223718448,162410900
2015-03-16,172.73361206054688,172.8247080553119,170.48106804128992,171.18499278596744,136099200
2015-03-17,172.2201690673828,172.60110676504362,171.40858197224705,171.99656750962697,94510400
2015-03-18,174.29054260253906,174.96133472213626,171.11047188394753,171.74814392695924,228808500
2015-03-19,173.49554443359375,174.29884223735098,173.1063171416112,173.8764948644553,117917300
2015-03-20,175.02694702148438,175.53436844942433,174.2616579764139,174.44466325815185,177715100
2015-03-23,174.6859130859375,175.60925341996233,174.6859130859375,175.0352833889691,71784500
2015-03-24,173.7042999267578,175.0185919093405,173.63775140856606,174.56109147262433,77805300
2015-03-25,171.1588897705078,174.14519622246746,171.11730804726218,173.9122827238235,159521700
2015-03-26,170.75135803222656,171.66637204621165,169.7947368945771,170.4934903310777,153067200
2015-03-27,171.14230346679688,171.31698228652505,170.44355010937383,170.63488193095372,118939000
2015-03-30,173.2301483154297,173.52961030402437,172.15708359378408,172.1737112038828,96180400
2015-03-31,171.7162628173828,173.10544304719463,171.65804077441965,172.40668968177818,126768700
2015-04-01,171.10903930664062,171.70796356041745,170.11915025684732,171.68300944091325,137303600
2015-04-02,171.72454833984375,172.17373503850223,170.85943016732784,171.0424354464049,86900900
2015-04-06,172.88082885742188,173.39656416417543,170.701418168536,170.83450255255133,114368200
2015-04-07,172.4232940673828,173.6544101425023,172.39002614874036,172.9057613911213,81236300
2015-04-08,173.0055694580078,173.44644234245783,172.2569207428978,172.64788540538498,89351900
2015-04-09,173.77088928222656,174.0038028212306,172.3484539327972,172.83923512621033,85548900
2015-04-10,174.71914672851562,174.76074114299004,173.82077337860102,174.02040625954504,72722900
2015-04-13,173.92892456054688,175.2099616006904,173.87901633430343,174.57775688738096,74436600
2015-04-14,174.26168823242188,174.44469354593394,173.10543431132453,173.72931260025123,75099900
2015-04-15,175.04356384277344,175.55098523943107,174.64428538579418,174.72747421521345,99529300
2015-04-16,174.99374389648438,175.5011655491069,174.51127636670884,174.71092204232482,68934900
2015-04-17,172.9806365966797,174.04538777213105,172.1987071756499,173.8041604387327,191113200
2015-04-20,174.5611114501953,174.8938413864011,173.820776553229,173.90395269086372,92189500
2015-04-21,174.35317993164062,175.401290821746,174.05371786406258,175.24323963429708,72559800
2015-04-22,175.20993041992188,175.39293567880293,173.77084245755444,174.69418255724239,78264600
2015-04-23,175.65086364746094,176.29969608187733,174.69424261211802,174.81069939027384,102585900
2015-04-24,176.0584259033203,176.32462003232672,175.60923917666534,176.06675240287345,61327400
2015-04-27,175.32644653320312,176.74888198105475,175.13511471141135,176.62411139539645,79358100
2015-04-28,175.8837890625,175.93369730038367,174.12861077084412,175.30150513246107,86863500
2015-04-29,175.16006469726562,175.7589761437368,174.35318113994506,174.9936870085861,125684900
2015-04-30,173.4049072265625,174.97708010512378,172.70615385277307,174.58611533755442,161304900
2015-05-01,175.2848358154297,175.32643023772877,174.08698753309534,174.18680399234466,103399700
2015-05-04,175.78392028808594,176.36620404488573,175.60091500840113,175.7090452606993,70927200
2015-05-05,173.77088928222656,175.90040444186292,173.62947839731953,175.5427076329979,113326200
2015-05-06,173.0554656982422,174.6276380453887,171.9907147273087,174.31986223603798,135060200
2015-05-07,173.7459259033203,174.17017122825814,172.6229526914599,172.95568267434402,88244900
2015-05-08,176.033447265625,176.2330928345655,175.33470681358264,175.41789564051606,155877300
2015-05-11,175.19332885742188,176.25808003936282,175.11846651482492,175.99189859029525,75708100
2015-05-12,174.6692352294922,175.2099372218434,173.53793571832358,174.3614594152587,119727600
2015-05-13,174.70254516601562,175.70074779807248,174.4696316416302,175.07686956643255,94667900
2015-05-14,176.5242462158203,176.61574885099893,175.44285489811853,175.71736280365437,95934000
2015-05-15,176.71559143066406,176.85700230725067,176.23312407316172,176.71559143066406,76510100
2015-05-18,177.2646484375,177.51418963474575,176.4827188385617,176.54926738877327,74549700
2015-05-19,177.20635986328125,177.65555926753893,176.9235381304282,177.3810513411224,72114600
2015-05-20,177.08157348632812,177.83022216944553,176.76547117029347,177.30616047556347,76857500
2015-05-21,177.5973358154297,177.80529522504963,176.7738119839141,176.9401896658781,64764600
2015-05-22,177.17306518554688,177.6305656343087,177.10651666560295,177.2146469042835,57433500
2015-05-26,175.26817321777344,177.1065398297752,174.8522544333493,176.68229454624878,124308600
2015-05-27,176.93186950683594,177.16478303853046,175.31810239949857,175.72570742638172,93214000
2015-05-28,176.7322540283203,176.84038430473933,176.04182717237333,176.62411105906452,74974600
2015-05-29,175.63421630859375,176.70728138630633,175.36803483753582,176.66569965442963,124919600
2015-06-01,175.99185180664062,176.63235749126358,175.201596090961,176.29962759516937,93338800
2015-06-02,175.81724548339844,176.50767241025693,174.91054528865243,175.53442366550598,91531000
2015-06-03,176.2830352783203,176.90691352294607,175.79225410549518,176.34958381422064,87820900
2015-06-04,174.79405212402344,176.23312772649365,174.4779497504916,175.5759815578114,151882800
2015-06-05,174.4945831298828,175.16836957906196,173.8374242944559,174.64430781066267,121704700
2015-06-08,173.4215087890625,174.53618088064647,173.34664644724396,174.38644350417422,89063300
2015-06-09,173.39651489257812,173.93721685382914,172.76432299642963,173.39651489257812,105034700
2015-06-10,175.47618103027344,175.858832002378,174.1036537400769,174.1618757856882,134551300
2015-06-11,176.0417938232422,176.424432007937,175.68409705806988,175.9170105686235,73876400
2015-06-12,174.6942138671875,175.91701618303716,174.41970592966666,175.21827562907586,135382400
2015-06-15,173.9456024169922,174.22842422198158,172.84757043126274,173.55463763657374,124384200
2015-06-16,174.8938751220703,174.97706396858496,173.62116446597867,173.79584327368917,85308200
2015-06-17,175.1767120361328,175.7839627439491,174.15355513829485,175.1767120361328,126708600
2015-06-18,176.99838256835938,177.46420953838458,175.20993701711987,175.77558042562677,165867900
2015-06-19,176.21267700195312,176.8312356588325,175.83653181049735,176.7560091714565,130478700
2015-06-22,177.11544799804688,177.70056420665657,176.90647701250222,177.13216924817195,70696000
2015-06-23,177.24078369140625,177.5751448421762,176.8479300654339,177.32437716774217,68476800
2015-06-24,175.9535369873047,177.34946137964792,175.92846149408575,176.97331622678945,92307300
2015-06-25,175.4185791015625,176.58045710201526,175.34335261880636,176.45507963075502,97107400
2015-06-26,175.38514709472656,176.02041419852873,174.83346071915972,175.77800075112447,104174800
2015-06-29,171.707275390625,175.39352658346507,171.63204889801438,173.9056542082529,202621300
2015-06-30,172.0667266845703,173.2954771862415,171.59026668186704,173.245313432343,182925100
2015-07-01,173.44593811035156,173.8889556307009,172.66020507287817,173.63818786805945,135979900
2015-07-02,173.28704833984375,174.08950230632675,172.86910648855684,173.92232811672662,104373700
2015-07-06,172.79396057128906,173.57132665488814,171.79925646077314,171.99987323456276,117975400
2015-07-07,173.88058471679688,174.00596220881198,170.61227537611487,172.99454976101808,173820200
2015-07-08,170.9633026123047,172.82731980619712,170.72925618233498,172.5431223918873,164020100
2015-07-09,171.2725830078125,173.32050849145554,171.16392678851582,173.06137380341107,144113100
2015-07-10,173.42916870117188,173.84711060466248,171.31438368987548,173.2703487371135,129456900
2015-07-13,175.34335327148438,175.45200949545605,174.64956816725388,174.6913649093545,106069400
2015-07-14,176.10400390625,176.41328960475772,175.24304455862048,175.30156255048627,81709600
2015-07-15,176.04554748535156,176.60558829122186,175.5690874351548,176.14584949399134,97914100
2015-07-16,177.4581756591797,177.4581756591797,176.8563381591246,177.09873890698512,106683300
2015-07-17,177.60861206054688,177.66713005724577,177.04021711615076,177.44979207473725,89030000
2015-07-20,177.70054626464844,178.19371467964135,177.3829190718028,177.83429074299156,70446800
2015-07-21,176.99838256835938,177.82591206552033,176.69746391071664,177.5667773913658,77965000
2015-07-22,176.68075561523438,177.01511678966472,176.27953496049258,176.31296470064828,88667900
2015-07-23,175.68603515625,176.91478525207174,175.32661127678128,176.81448328655927,90509100
2015-07-24,173.86383056640625,175.84487109283845,173.52948214791607,175.78636585916124,117755000
2015-07-27,172.8524169921875,173.4876968857565,172.40939956881726,172.9778072233487,132361100
2015-07-28,174.97560119628906,175.1176999473199,172.86081567313872,173.68833267941108,123544800
2015-07-29,176.17926025390625,176.4049397326802,174.9588640988521,175.1009628370131,105791300
2015-07-30,176.22103881835938,176.38821303691228,175.05079377933856,175.66935241801707,91304400
2015-07-31,175.9535369873047,176.74762403324465,175.66933956110714,176.72254854002568,103266900
2015-08-03,175.36007690429688,175.9786355788942,174.40716977317865,175.92013033856227,113965700
2015-08-04,175.0173797607422,175.7445946917955,174.53256555518115,175.28485598354138,81820800
2015-08-05,175.5941162109375,176.63060396132454,175.30990602510028,175.91174338222967,85786800
2015-08-06,174.1563720703125,175.88664467779424,173.57124328312673,175.77797571653295,116030800
2015-08-07,173.822021484375,174.148015633359,172.9192655130562,173.9975626820927,117858000
2015-08-10,176.01205444335938,176.09563516897882,174.9337572199016,174.9337572199016,80270700
2015-08-11,174.42385864257812,175.09256818605766,173.66320137743796,174.67462631570467,126081400
2015-08-12,174.6328582763672,174.8167537499092,171.65711371116103,173.119910497788,172123700
2015-08-13,174.41554260253906,175.1594787845437,173.87221039931902,174.47404784482575,89383300
2015-08-14,175.05078125,175.12600772977814,174.0811529953894,174.22325170871736,72786500
2015-08-17,176.02880859375,176.02880859375,173.99761659485281,174.45735534601607,79072600
2015-08-18,175.51889038085938,176.1040065353757,175.28484391905283,175.75293684266592,71692700
2015-08-19,174.13128662109375,175.543919263835,173.32047846706854,174.7749078428716,172946000
2015-08-20,170.4952392578125,174.10625105552447,170.43672126290616,172.6183787412695,194327900
2015-08-21,165.3629150390625,170.4701662267819,165.10379306833215,168.62285717821266,346588500
2015-08-24,158.40000915527344,165.07035953153323,152.4652279848282,156.7198870007359,507244300
2015-08-25,156.53594970703125,163.3734724970506,156.24338529966698,163.35675125116805,369833100
2015-08-26,162.5459442138672,162.82177460117012,157.45540296590627,160.55653699616815,339257000
2015-08-27,166.56654357910156,166.69192102859066,163.17285789748786,164.6858053093289,274143900
2015-08-28,166.5749053955078,167.04299823430685,165.43810303503588,165.9229171193844,160414400
2015-08-31,165.22918701171875,166.4495832508979,164.67750051642227,165.59697800858308,163298800
2015-09-01,160.29745483398438,162.8051064676503,159.42812845841777,161.42589041638857,256000400
2015-09-02,163.34005737304688,163.3818541142059,160.84076020480347,162.67970202462845,160269300
2015-09-03,163.4570770263672,165.54678649294164,162.96390865335349,164.05054737231268,152087800
2015-09-04,160.98284912109375,162.04442505995004,160.16368661345783,161.20018706006013,207081000
2015-09-08,165.02854919433594,165.17901492592512,163.1394562070167,163.7830903693618,116025700
2015-09-09,162.8218536376953,166.73379774781458,162.45407535790798,166.60842023818014,149347700
2015-09-10,163.70782470703125,164.8529812733041,162.3704057100358,162.62952761149262,158611100
2015-09-11,164.45176696777344,164.51863919563894,162.60445834238698,163.3149646032064,119691200
2015-09-14,163.84165954589844,164.67754375658944,163.35684517314792,164.62739274468092,79452000
2015-09-15,165.8895263671875,166.33254381905883,163.79981659248259,164.34313603207536,113806200
2015-09-16,167.32725524902344,167.51951775490605,165.84774973241406,166.1904652381236,99581600
2015-09-17,166.9511260986328,169.59252289005238,166.5749808082055,167.19353962784044,276046600
2015-09-18,164.22283935546875,166.9367768216482,163.81113514057012,164.441307212403,223657500
2015-09-21,165.0714874267578,166.09655558562346,164.02120058856195,165.05467924749908,105726200
2015-09-22,162.9288787841797,163.39100749780152,161.79456401627903,162.90367292897145,153890900
2015-09-23,162.66839599609375,163.56743467132463,162.08863573349888,163.09690831932923,92790600
2015-09-24,162.0802459716797,162.54237470540022,160.11411225463215,161.45007392230164,159378800
2015-09-25,162.0382537841797,163.84474196466735,161.16440798067316,163.54225885128184,155054800
2015-09-28,157.97157287597656,161.2484762241486,157.66069200620228,161.1392422662767,178515900
2015-09-29,158.06398010253906,159.42516070258506,157.06410487873185,158.19002222857446,159045600
2015-09-30,161.01316833496094,161.1812116552828,159.17306384836056,159.95447105725466,163452000
2015-10-01,161.4333038330078,161.73578697688947,159.4923756684693,161.39128979229656,131079000
2015-10-02,163.8447723388672,163.86997820124844,158.90421817796545,159.45037511162676,211003300
2015-10-05,166.7603302001953,166.98719572825553,164.96223979534292,165.07147372012807,126320800
2015-10-06,166.1890106201172,167.1888859175835,165.52523486261958,166.62593361163326,110274500
2015-10-07,167.55018615722656,167.90308104765404,165.9285363764557,167.1216608595827,124307300
2015-10-08,169.0625457763672,169.34822066588782,166.86113625724226,167.16361932287643,153055200
2015-10-09,169.16334533691406,169.64226931111884,168.53317344077934,169.2053593608324,107069200
2015-10-12,169.3230438232422,169.52469068762636,168.81050334145897,169.2390157491594,56395600
2015-10-13,168.2559356689453,169.86077688392322,168.08789235480089,168.59202229723417,88038700
2015-10-14,167.44935607910156,168.77692042315795,167.15528340331548,168.19715993141767,99106200
2015-10-15,170.02044677734375,170.02884445694005,167.74341916003004,168.11312219642502,134142200
2015-10-16,170.79339599609375,170.8101913493474,169.65908142833376,170.42369309042738,114580100
2015-10-19,170.87745666503906,170.87745666503906,169.83558036751842,170.14646115682586,76523900
2015-10-20,170.65896606445312,171.27232983639405,170.18843972866935,170.4405110716624,78448500
2015-10-21,169.6002960205078,171.2303301572377,169.43223989717623,171.07909503129787,102038000
2015-10-22,172.4654998779297,172.67555724966974,169.60032707126769,170.54977767333122,174911700
2015-10-23,174.3560028076172,174.72570580477407,173.33933238631926,174.13754777333517,144442300
2015-10-26,173.92747497558594,174.2383557315556,173.55777201125318,174.17954634407485,69033000
2015-10-27,173.5914764404297,173.92756322168123,172.91087955392862,173.25537683828924,77905800
2015-10-28,175.56593322753906,175.59113908425056,173.26371284200084,173.9274884368756,135906700
2015-10-29,175.465087890625,175.83479083740704,174.94414982245857,175.06178141271815,90525500
2015-10-30,174.7089080810547,175.97766279002747,174.54927525080592,175.65837148776131,131076900
2015-11-02,176.77589416503906,176.9691433713122,174.91058354202576,175.0366256668099,86270800
2015-11-03,177.28843688964844,177.84299147541532,176.19613589913698,176.42300146983902,95246100
2015-11-04,176.75071716308594,177.70857849176633,176.21297067717566,177.5825491672903,96224500
2015-11-05,176.5742645263672,177.2716567087634,175.68362310478983,176.80952781429752,78408700
2015-11-06,176.4817657470703,176.71704175856806,175.1542146661186,176.2297072006126,110471500
2015-11-09,174.83497619628906,176.0197030058444,173.88551264837628,175.86845501142494,131008700
2015-11-10,175.2382354736328,175.27185182814972,174.08712533864164,174.35599207036333,75874600
2015-11-11,174.54925537109375,175.55752805918777,174.48203548243646,175.5071163479155,67846000
2015-11-12,172.11260986328125,173.9779204023647,172.0958145041074,173.5073939278004,121315200
2015-11-13,170.18003845214844,171.9697309814071,170.0960232138523,171.70086426962504,153577100
2015-11-16,172.76797485351562,172.8267970688517,169.8775835034225,169.99522793409466,117645200
2015-11-17,172.6420135498047,173.9611676346964,172.14628105768756,173.07893662431096,121123700
2015-11-18,175.38107299804688,175.5239104525939,173.07885272714665,173.12085393898545,121342500
2015-11-19,175.2298583984375,175.64997313311568,174.9357729558091,175.2634619360227,88220500
2015-11-20,175.86846923828125,176.54905321600907,175.49036845297547,175.98610087861832,94011500
2015-11-23,175.6667022705078,176.43130099971617,175.20457370612132,175.92717123746786,64931200
2015-11-24,175.90208435058594,176.30539099731106,174.27203675975926,174.65853522344543,98874400
2015-11-25,175.87684631347656,176.22974116741722,175.61636439712734,176.0280814705005,51980100
2015-11-27,176.0784912109375,176.2801509055882,175.49033312764547,175.96925727372445,37317800
2015-11-30,175.34747314453125,176.35574584659562,175.23823922133926,176.23811424503617,112822700
2015-12-01,177.01953125,177.13717567897376,175.7003777036247,175.9776549557406,97858400
2015-12-02,175.21298217773438,177.28834918677597,174.9609108706389,176.9690580097298,108441300
2015-12-03,172.75962829589844,175.73403577834992,172.03703024455103,175.4651689425094,166224200
2015-12-04,176.12889099121094,176.42297642336592,172.75957555460377,172.75957555460377,192913900
2015-12-07,175.06178283691406,176.22129057293958,174.09551143253063,175.80117591561162,102027100
2015-12-08,173.88548278808594,175.01138717844287,172.9024158662772,173.49898441928113,103372400
2015-12-09,172.53273010253906,175.33909367995196,171.558060762313,173.24693033755833,162401500
2015-12-10,172.97802734375,174.28878319329965,172.36466345433428,172.59992666728508,116128900
2015-12-11,169.6255645751953,171.5244789544644,169.3146708888189,170.86070317712242,211173300
2015-12-14,170.48251342773438,170.6085555105214,168.00383965016366,169.7851344173471,182385200
2015-12-15,172.272216796875,173.17966600278731,170.45731838505037,171.9949395822172,154069600
2015-12-16,174.79293823242188,175.09542135898081,172.0790005935831,173.39815421435094,197017000
2015-12-17,172.12940979003906,175.1710363696927,172.1126016107863,175.1038164735659,173092500
2015-12-18,169.0629119873047,171.52252154037956,168.9023162201679,171.38729453922076,251393500
2015-12-21,170.45753479003906,170.63503876713125,169.12206982484525,170.23777963014126,99094300
2015-12-22,172.00433349609375,172.30016920397958,170.35613730247303,171.34505501864547,111026200
2015-12-23,174.13429260253906,174.17655668304212,172.9171593082955,173.01013512652764,110987200
2015-12-24,173.8468780517578,174.3962852200451,173.6271229227537,173.88069446987208,48539600
2015-12-28,173.4496612548828,173.49191243890718,172.3762154986154,173.15382558359133,65899900
2015-12-29,175.3007049560547,175.6303441554267,174.51464721031633,174.54845073711917,92640700
2015-12-30,174.05821228027344,175.14011857409662,173.91452472416242,175.05559041300234,63317700
2015-12-31,172.3170166015625,174.0243846208377,172.3170166015625,173.38201453603799,114877900
2016-01-04,169.9081573486328,169.91660500659725,167.85424151075537,169.460186429951,222353500
2016-01-05,170.19554138183594,170.6519599823393,169.08829196279575,170.22934491264832,110845800
2016-01-06,168.04864501953125,169.09672202912697,167.0174633249898,167.64292530886155,152112600
2016-01-07,164.0169219970703,166.88225184359334,163.62811043242243,165.0988156154089,213436100
2016-01-08,162.216552734375,165.53831360060605,161.92917760723282,164.98045866166842,209817200
2016-01-11,162.3771514892578,163.4759531747563,160.44158027718976,163.13785340380966,187941300
2016-01-12,163.68727111816406,164.4395254227884,161.55728756572674,163.82251103515432,172330500
2016-01-13,159.60479736328125,164.70153370781395,159.2244464071734,164.3549862801032,221168900
2016-01-14,162.22500610351562,163.34916367864253,158.615882880263,160.21336724550912,240795600
2016-01-15,158.74264526367188,159.5456111894306,156.80707422590876,157.86361173274562,324846400
2016-01-19,158.95399475097656,160.68671929930625,157.38186600965548,160.559939923873,195244400
2016-01-20,156.91693115234375,158.4806116797918,153.00352535135002,156.3928927234885,286547800
2016-01-21,157.79603576660156,159.63863150145605,156.0633111929954,157.39032886210708,195772900
2016-01-22,161.03321838378906,161.23606532350894,159.64704174123105,160.4077435595524,168319600
2016-01-25,158.59893798828125,160.7204603952066,158.40453872240943,160.52606112933478,130371700
2016-01-26,160.76275634765625,161.04168381774744,158.92016099014072,159.2582478584521,141036800
2016-01-27,159.01315307617188,161.91228631514613,158.1087506203031,160.23873422062803,185681700
2016-01-28,159.84144592285156,160.76274352814337,158.19325000118587,160.55989658220685,143798800
2016-01-29,163.73797607421875,163.873215985602,160.49229558414746,160.61062728231084,210529300
2016-02-01,163.67881774902344,164.4648885160024,162.14895320031806,162.73216408290494,136061600
2016-02-02,160.72894287109375,162.25880713586815,160.2048914913047,162.2503594786988,182564900
2016-02-03,161.69252014160156,162.0982269769642,158.14255631350596,161.78549596816256,205054900
2016-02-04,161.946044921875,162.91805409352045,160.55986847945692,161.19379086892587,139531800
2016-02-05,158.86102294921875,162.00528051180856,158.2271002615545,161.4305301323109,180788300
2016-02-08,156.72251892089844,157.31417724280985,154.50802081723677,157.0183545304462,191526700
2016-02-09,156.73101806640625,158.00732382709526,154.84615847267247,154.98139838987723,184513100
2016-02-10,156.5957794189453,159.19062903955063,156.46898716953467,157.559341187404,148214100
2016-02-11,154.55877685546875,155.60686682417594,153.0627159648016,154.11925359153506,219058900
2016-02-12,157.74530029296875,157.7621956092723,155.48853743639367,156.33376755034035,127632400
2016-02-16,160.4077606201172,160.43311649027896,158.59052114019153,159.55408289790063,120250700
2016-02-17,163.0280303955078,163.39993380475573,161.4474409062041,161.57423319418845,136009500
2016-02-18,162.36021423339844,163.3575922577956,162.0474832862532,163.29841997201936,102343000
2016-02-19,162.28414916992188,162.43628436911968,160.97404017791513,161.58260676907716,114793000
2016-02-22,164.6339111328125,164.7775986962907,163.79712872494707,163.86474867785222,103640300
2016-02-23,162.55465698242188,164.24511716120486,162.43631238860692,163.97463734194952,111455300
2016-02-24,163.2985076904297,163.57743526495122,160.01902256897228,161.1262723090112,150812200
2016-02-25,165.2762451171875,165.28470567018846,162.9856793640243,163.74638109741173,110728300
2016-02-26,164.8959197998047,166.23983242237043,164.735324034117,166.1468695024317,129833700
2016-02-29,163.60269165039062,165.85945385668708,163.40829239141104,164.912800528942,125918100
2016-03-01,167.44854736328125,167.5330755380809,164.35500188513095,164.82832871075618,141799700
2016-03-02,168.2008056640625,168.25151741126524,166.7216528504338,167.13582028123787,102415000
2016-03-03,168.86009216308594,168.87700037868333,167.4485592446589,168.02330960307438,95172200
2016-03-04,169.409423828125,170.18704669098034,168.22610711888396,169.05442881535268,129293600
2016-03-07,169.54469299316406,169.95041270399778,168.4120878190908,168.48815542842698,100219000
2016-03-08,167.6936492919922,168.97840267520743,167.53306640412978,168.47127234562447,123974900
2016-03-09,168.52194213867188,168.86847659694155,167.71896341330543,168.505033929405,94801200
2016-03-10,168.6572723388672,169.95048674693686,166.83158443345968,169.01228046481114,156838700
2016-03-11,171.37881469726562,171.42107877289033,168.64027799850288,170.1109698116354,137964500
2016-03-14,171.15907287597656,171.6154913955506,170.54205859484566,170.8716977748675,73612000
2016-03-15,170.88015747070312,171.18444080425203,169.9335039428563,170.19552319451483,93169100
2016-03-16,171.86912536621094,172.2748451944404,170.3561688104932,170.39843290474928,129303200
2016-03-17,172.9593963623047,173.466526557538,171.3872682524307,171.78452733214831,134278500
2016-03-18,173.6391143798828,173.97894501049038,173.14635089090652,173.4606948724039,138372400
2016-03-21,173.8854522705078,174.11484502690527,173.14631367775516,173.37570643415262,72926700
2016-03-22,173.79200744628906,174.36123079472497,172.9509222280759,173.11233332628754,97471900
2016-03-23,172.6450653076172,173.59660127416686,172.47513705898592,173.4096905716367,81052500
2016-03-24,172.56858825683594,172.60257909122618,171.39616374447115,171.617052313188,84360900
2016-03-28,172.6705780029297,173.19731935478111,172.22029659627466,172.984921975653,62408200
2016-03-29,174.2677764892578,174.37822726148767,171.95689224557793,172.26274495323278,92922900
2016-03-30,175.03244018554688,175.7545835143622,174.66710994321056,175.27032421900458,86365300
2016-03-31,174.60763549804688,175.3637696250937,174.44621142086157,174.93897488037737,94584100
2016-04-01,175.79702758789062,175.98393828288175,173.29923281274102,173.613589689065,114423500
2016-04-04,175.22781372070312,175.92448325116527,174.92196101820605,175.7205771282654,63497000
2016-04-05,173.47767639160156,175.23631985781554,173.2227969572166,173.8854757083936,99662200
2016-04-06,175.37228393554688,175.43176143021483,173.2992832342897,173.47770275458515,91839800
2016-04-07,173.27378845214844,174.64162816452992,172.54314091080727,174.2848021043923,113859000
2016-04-08,173.7410125732422,174.88796331849824,173.20576716362885,174.45466447692402,95040600
2016-04-11,173.33323669433594,175.07489759401867,173.2397813398055,174.3782280486633,83757500
2016-04-12,174.94744873046875,175.22781478977706,173.06135921418053,173.50314933463957,115350600
2016-04-13,176.7146453857422,176.7996095353536,175.72911829056997,175.8650557444646,96336400
2016-04-14,176.72311401367188,177.22438169033626,176.37479215771472,176.77410027514344,65212900
2016-04-15,176.52772521972656,176.85906464361813,176.20487702485997,176.72312719696814,75761600
2016-04-18,177.7681121826172,177.80209005868852,175.86502702994795,176.52770580484832,82531000
2016-04-19,178.32884216308594,178.583721621976,177.5132434510871,178.19291768689132,88316100
2016-04-20,178.49871826171875,179.19537475106634,177.89550415081547,178.371272087678,81100300
2016-04-21,177.5387420654297,178.62621573052118,177.26686716730248,178.5157649326934,85695000
2016-04-22,177.5387420654297,177.8106039998482,176.63817915187346,177.18191598441922,99251700
2016-04-25,177.23289489746094,177.27537697210172,176.32382776224247,176.93553333868448,66166500
2016-04-26,177.4962158203125,178.00597464558777,177.02044783069846,177.59816239988538,75864200
2016-04-27,177.86154174804688,178.25234560286344,176.75707296217792,177.11389894585156,77329400
2016-04-28,176.24732971191406,178.20987927726677,175.83103917605519,177.10542335757836,97216200
2016-04-29,175.29580688476562,175.97548109221796,174.191337918119,175.6271462783889,142424100
2016-05-02,176.68910217285156,176.86750868073221,175.36374483091808,175.79703074233328,62188000
2016-05-03,175.15139770507812,175.6951345387806,174.4037546973465,175.45725048426755,106422100
2016-05-04,174.17434692382812,174.88801198982688,173.6730922065313,174.15736446689803,92243800
2016-05-05,174.14036560058594,174.9984463520497,173.71557083900257,174.64162030796456,67619200
2016-05-06,174.7775421142578,174.82002417935882,173.21430064270663,173.36722052062296,89315000
2016-05-09,174.92201232910156,175.35529838319349,174.47173085218958,174.650150382527,74374900
2016-05-10,177.09689331054688,177.11388872699033,175.55913869687703,175.6271073989464,77472200
2016-05-11,175.44027709960938,177.17343442358268,175.44027709960938,176.63820171555093,81727000
2016-05-12,175.49119567871094,176.2813206126645,174.48018215348213,176.1113923507691,89586300
2016-05-13,173.96192932128906,175.74607233337468,173.63909414893814,175.19384438205137,96474600
2016-05-16,175.67811584472656,176.15388389072794,174.07239220761835,174.131869695222,77486800
2016-05-17,174.0383758544922,175.69507242115859,173.51162166541314,175.40621516619194,114924900
2016-05-18,174.08934020996094,175.2702687752406,173.0018669828129,173.69003221646247,120062100
2016-05-19,173.48617553710938,173.77503285953244,172.27975998724793,173.36723352412886,115430500
2016-05-20,174.5821533203125,175.10040344068355,174.04690777987975,174.0978810763577,104990400
2016-05-23,174.34423828125,174.8794707627664,174.15732758494116,174.59910471830312,58682600
2016-05-24,176.6041717529297,176.91852869488514,175.13438549336922,175.15987214221596,93537800
2016-05-25,177.80209350585938,178.21839703711953,176.60416917273494,177.28384338070174,76621400
2016-05-26,177.8531036376953,178.167460640164,177.5387595989366,177.9380677926782,55280700
2016-05-27,178.61769104003906,178.62618226762407,177.96350353221763,178.01447682514024,64211200
2016-05-31,178.27786254882812,179.00001882948405,177.71713035187463,178.88956804301242,109879400
2016-06-01,178.64320373535156,178.82161028659505,177.47076597234752,177.6661679449455,69936200
2016-06-02,179.1869354248047,179.20391788196574,177.76812242939198,178.2438905040564,63044700
2016-06-03,178.6516876220703,179.00002244512663,177.4452720296459,178.6262009729401,101757100
2016-06-06,179.56076049804688,179.91758656119194,178.8470954080487,179.00851950026603,64887000
2016-06-07,179.84109497070312,180.40182713900126,179.68817508682545,179.7136617341384,60974800
2016-06-08,180.4272918701172,180.55473805490792,179.84957731625556,179.9770105373412,66170900
2016-06-09,180.18089294433594,180.29983492293235,179.42475901675084,179.69662084052692,73786900
2016-06-10,178.47329711914062,179.14446721273947,177.9295473189376,178.80463655132135,113829200
2016-06-13,177.09689331054688,178.7281032690991,177.01194215573844,177.87002271241877,117751200
2016-06-14,176.74856567382812,177.34328859989924,175.79702973404218,176.71458780328072,125059300
2016-06-15,176.50222778320312,177.87006746772474,176.3153170464083,176.74860304695576,109124500
2016-06-16,177.0289764404297,177.19890472720832,174.66711844773843,176.50223504979886,149533100
2016-06-17,176.3697052001953,176.95042428447155,175.71211550560253,176.92480509140793,117055700
2016-06-20,177.50546264648438,179.00851114307952,177.42005668472956,178.33385095724924,82789600
2016-06-21,178.00933837890625,178.41925836011498,177.44569026029347,177.88977784142367,72461700
2016-06-22,177.71900939941406,178.91461497918837,177.57381662154108,178.18870321431743,95560500
2016-06-23,180.03334045410156,180.0845788252311,178.7181744809967,179.17933285228438,102731400
2016-06-24,173.5685272216797,180.06752624940424,173.12443957515057,173.90158969879573,333444400
2016-06-27,170.45994567871094,172.16796111424463,169.64862792193355,172.15941269714784,230775800
2016-06-28,173.5343780517578,173.5599972426327,171.75804030805926,172.06548362968255,159382400
2016-06-29,176.4892120361328,176.71978470349455,174.8324352231808,174.93491196423045,137328600
2016-06-30,178.89749145507812,178.94872982124562,176.40379106300261,176.95890376909844,165021900
2016-07-01,179.27328491210938,179.76007552914442,178.73525592088592,178.8975194598976,106055300
2016-07-05,177.98374938964844,178.5559329897525,177.3859466008176,178.4449078178541,109803700
2016-07-06,179.05126953125,179.17083009603255,176.83084414971785,177.488433771584,96021500
2016-07-07,178.94021606445312,179.89670043150437,178.1716144168044,179.23057552857622,85593800
2016-07-08,181.60475158691406,181.85242114379284,180.00776118732395,180.23834693966376,133971000
2016-07-11,182.2452850341797,182.81748180834364,181.86098407615486,182.0659506682939,73633900
2016-07-12,183.5689239501953,183.8678318111423,182.27082879943083,183.2102423357317,101275600
2016-07-13,183.5432891845703,183.99591211424058,183.0565116888073,183.98737673049743,87324100
2016-07-14,184.5681610107422,185.03786790555398,184.175324721354,184.80728215153275,91230900
2016-07-15,184.3204803466797,185.32820316074802,183.87639270145345,185.1317850417746,107155400
2016-07-18,184.81578063964844,184.97804416230315,184.18381034907776,184.44001522531568,58725900
2016-07-19,184.62791442871094,184.66206900073772,184.1496722336013,184.39732871638222,54345700
2016-07-20,185.396484375,185.63560543164294,184.62788284023625,184.62788284023625,58159500
2016-07-21,184.69630432128906,185.5076092733886,184.25221653538503,185.28557189600022,67777300
2016-07-22,185.52464294433594,185.57588132287663,184.55107465869187,184.81581496856785,62787500
2016-07-25,185.0207977294922,185.37094407970042,184.44007863940362,185.31970569306034,55873100
2016-07-26,185.1061248779297,185.46480646274765,184.26065276513864,184.91824218619834,70080500
2016-07-27,184.9097900390625,185.55029594979942,184.1411751275025,185.48197375558567,84083900
2016-07-28,185.12327575683594,185.4136352834083,184.25218414599388,184.71334262754263,65035700
2016-07-29,185.42214965820312,185.7808313323452,184.5766903659838,184.85851447376473,79519400
2016-08-01,185.2684326171875,185.87477078706675,184.81580957844722,185.48193454229607,73311400
2016-08-02,184.0813446044922,185.1744733126764,183.24442078784656,185.0207451653044,92295500
2016-08-03,184.61935424804688,184.67914103418707,183.72265670491691,184.021551542253,53993600
2016-08-04,184.81578063964844,185.13175926937313,182.97112116808105,184.7303746705287,46585500
2016-08-05,186.32742309570312,186.37012609365766,184.81583861089078,184.81583861089078,71892200
2016-08-08,186.21636962890625,186.61775426461165,185.9516293438926,186.51526448603158,39906500
2016-08-09,186.32742309570312,186.82274920349985,186.00290897972457,186.284733128874,51251700
2016-08-10,185.8662109375,186.51525201319865,185.5160646989387,186.43839445774518,57941100
2016-08-11,186.72877502441406,186.97644455037576,186.13097225142164,186.39571254866664,72504300
2016-08-12,186.56654357910156,186.78004552207213,186.16515888382693,186.42135079049206,61313500
2016-08-15,187.1045379638672,187.45468423729244,186.92520364995283,186.9337390354792,49813500
2016-08-16,186.13951110839844,186.75438462109534,186.13951110839844,186.68607547722425,53213600
2016-08-17,186.48965454101562,186.62629889847904,185.33675198161646,186.17367586661427,75134300
2016-08-18,186.9080810546875,186.9422356208271,186.35298139485772,186.46399350815153,52989300
2016-08-19,186.6348419189453,186.8141892743431,185.95164616592666,186.43842379150863,75443000
2016-08-22,186.62632751464844,186.85691327433418,186.02852464798647,186.3957417549627,61368800
2016-08-23,187.00205993652344,187.5400889368396,186.94227314487813,187.24118104085886,53399200
2016-08-24,186.04559326171875,186.95083939033645,185.6271247736624,186.85689801673703,71728900
2016-08-25,185.91748046875,186.33594894822622,185.5075604065047,185.66127554317524,69224800
2016-08-26,185.5673370361328,187.13017277202832,184.6791747157033,186.10536608503304,122506300
2016-08-29,186.48110961914062,186.7458499037358,185.66125654740873,185.6954241505889,70502200
2016-08-30,186.17372131347656,186.67758284460695,185.6186213935704,186.39575867521376,58114500
2016-08-31,185.64425659179688,185.96023537057138,184.86710621203136,185.8406747760788,85269500
2016-09-01,185.65272521972656,185.9430846974916,184.4912742775436,185.63564141776308,97844200
2016-09-02,186.48965454101562,186.9166583847464,185.91747095415118,186.50673834347933,79293900
2016-09-06,187.05332946777344,187.13018704315655,186.0541418944176,186.77150532691024,56702100
2016-09-07,187.03622436523438,187.21557171849793,186.42988618697717,186.89104461788935,76554900
2016-09-08,186.6092071533203,186.9764372194823,186.30176387767503,186.70314851618755,74102900
2016-09-09,182.14271545410156,185.34524352453582,182.1170962720277,185.29400516038808,221589100
2016-09-12,184.75604248046875,185.1574271849525,181.31439212331006,181.38271431036313,168110900
2016-09-13,182.10003662109375,183.7397296468542,181.47661472276025,183.4749893762381,182828800
2016-09-14,182.03173828125,183.35545283875425,181.4766384818725,182.1512988394755,134185500
2016-09-15,183.8507843017578,184.2350851766038,181.6901457728944,181.8694931310886,134427900
2016-09-16,183.14012145996094,183.41479072727432,182.45347448558053,183.23453738348098,155236400
2016-09-19,183.1744384765625,184.4361724325231,182.84827203715915,183.79243115282688,80250500
2016-09-20,183.1830291748047,184.18726406635741,183.1487020669267,184.0327724354804,69665300
2016-09-21,185.24293518066406,185.42317534460352,183.20012600971364,183.88678576521295,110284400
2016-09-22,186.41029357910156,186.71071140169641,186.00689444431455,186.25580196538942,76678700
2016-09-23,185.388916015625,186.15282183490012,185.2945001010202,186.01548721421128,73630900
2016-09-26,183.8867950439453,184.73652491071303,183.6893716775511,184.55628473767885,89827300
2016-09-27,185.0283966064453,185.12279941090966,183.35465898167763,183.72374408609076,78494800
2016-09-28,185.94679260253906,186.1012973023667,184.2902381859078,185.2515541956856,87411000
2016-09-29,184.26449584960938,186.1442224638383,183.71517048673903,185.7408102180015,128070600
2016-09-30,185.65496826171875,186.35878517681044,184.84814384672578,185.09705135284455,117202900
2016-10-03,185.2086639404297,185.43182287784438,184.57350113816423,185.2430041443091,83512100
2016-10-04,184.26449584960938,185.54339989459726,183.6722648793966,185.32024096800765,119948100
2016-10-05,185.0798797607422,185.50904053514677,184.82238067670994,184.89104797224837,72816000
2016-10-06,185.2086639404297,185.43182287784438,184.31601509382048,184.85674888389272,62927400
2016-10-07,184.57350158691406,185.65499536358874,183.84393596458239,185.4833336346254,89788300
2016-10-10,185.53482055664062,185.99830850883853,185.38890744026443,185.53482055664062,51855000
2016-10-11,183.19158935546875,185.17432343207392,182.46202378771093,185.10565612623503,130367400
2016-10-12,183.4319305419922,183.95550728652148,182.83109489319347,183.32892303528274,73866100
2016-10-13,182.8311309814453,183.32895922179878,181.28616214229206,182.10156527339004,101357000
2016-10-14,182.9254608154297,184.27303176065422,182.8482150292176,183.80953084949013,93346200
2016-10-17,182.2903289794922,183.15722900155498,182.11007569726877,182.89972992564168,58275700
2016-10-18,183.4319305419922,183.9469156877419,183.0542669102728,183.88683998103164,76869700
2016-10-19,183.92112731933594,184.2301235787568,183.33747499428907,183.69796844745565,66519200
2016-10-20,183.57785034179688,184.13575421091858,182.9169389622136,183.56925874270433,73639800
2016-10-21,183.66363525390625,183.74947264471845,182.6164819513431,183.57781096004106,89089100
2016-10-24,184.44473266601562,184.81381777356535,184.09281765803647,184.53914856823081,60146600
2016-10-25,183.82675170898438,184.52199017077416,183.66366849509308,184.26449104867996,66542300
2016-10-26,183.45767211914062,184.0413245480299,182.76242058903588,183.00276269752138,75705500
2016-10-27,182.9684600830078,184.21302409775566,182.89121426277794,184.17869698774845,77220200
2016-10-28,182.4276885986328,183.62075523934593,181.71529311199853,182.94268685809953,140623200
2016-10-31,182.4362335205078,182.98555874481494,182.27315034350397,182.76238677756908,61272500
2016-11-01,181.11444091796875,182.81392716097056,179.90421738346265,182.7624168621641,122781800
2016-11-02,180.0243682861328,181.19168612886682,179.58661590951533,180.80543095021665,103330800
2016-11-03,179.20037841796875,180.45353368737918,178.92572232279193,180.23895329238715,88939300
2016-11-04,179.00294494628906,180.1530925712696,178.85703186821956,179.31194119894985,109122100
2016-11-07,182.95126342773438,182.98560362970932,179.00299150234346,179.00299150234346,109794900
2016-11-08,183.77525329589844,184.34174874139194,182.29036047387703,182.5564380960772,106772100
2016-11-09,185.72361755371094,186.34161010540024,182.25599122512685,182.2817398233683,258429000
2016-11-10,186.18710327148438,187.38016966505043,184.7279593011942,186.513269641377,172113300
2016-11-11,185.75796508789062,185.99829409588128,184.81381915562696,185.46613887775177,100552700
2016-11-14,185.90382385253906,186.48748919915772,185.1570884457667,186.28148735383144,94580000
2016-11-15,187.35446166992188,187.35446166992188,186.0841492072247,186.2901380354216,91652600
2016-11-16,187.0025634765625,187.2343140261169,186.61632129193927,186.73648581819873,65617700
2016-11-17,187.96385192871094,188.02392763030738,187.04544153003013,187.15702752907129,69797200
2016-11-18,187.5432891845703,188.20420055273274,187.36303586708976,188.0325388341963,86265800
2016-11-21,188.95948791503906,188.98523651431762,187.97242335083433,188.11833644572866,72402600
2016-11-22,189.32855224609375,189.50879242128624,188.5989737546482,189.2684634563987,67429000
2016-11-23,189.43154907226562,189.48304626584118,188.61614628111087,188.813556555466,56620200
2016-11-25,190.13540649414062,190.16973359584355,189.69765409150062,189.77491298999192,37872300
2016-11-28,189.24276733398438,190.1010890457094,189.13977291960137,189.82643290837134,76572500
2016-11-29,189.61181640625,190.06672577916044,188.976653745513,189.2770715262414,69886700
2016-11-30,189.1568603515625,190.39284517178172,189.09677157146706,190.2297620223161,113291800
2016-12-01,188.46168518066406,189.45732831036057,188.10117857343675,189.45732831036057,79040500
2016-12-02,188.55609130859375,189.0453409292025,188.19559779196308,188.5475128071081,74840300
2016-12-05,189.68907165527344,190.03239505297432,189.19124356074346,189.38865385957408,67837800
2016-12-06,190.28985595703125,190.32419614807785,189.39720744400174,189.87786534309035,59877400
2016-12-07,192.77903747558594,192.83911317744608,190.01524086325963,190.13540536392824,110738100
2016-12-08,193.2510986328125,193.72317812153088,192.4871929499584,192.75328364138,99714400
2016-12-09,194.41836547851562,194.4355355727665,193.43987965732921,193.4742198458309,88005800
2016-12-12,194.19528198242188,194.80469614378697,193.77469964024317,194.32402499689005,102016100
2016-12-13,195.49134826660156,195.98917643082981,194.83902848086277,194.85619858223612,110477500
2016-12-14,193.87771606445312,195.89476426659184,193.4399636012316,195.1909472602173,142501800
2016-12-15,194.6759490966797,195.53427082496412,193.88629467829205,194.1180452120749,124972600
2016-12-16,194.29518127441406,195.1931045537914,193.97573464044092,195.1326615829621,156420200
2016-12-19,194.71823120117188,195.14129244989354,194.32971255495227,194.47648568022888,90341100
2016-12-20,195.4694061279297,195.61619245588432,195.02045760127044,195.25356092983165,89838800
2016-12-21,194.92547607421875,195.5125686620086,194.92547607421875,195.33989514643187,67909000
2016-12-22,194.58872985839844,194.8995474109714,194.19156897349964,194.77867465020097,56219100
2016-12-23,194.8736572265625,194.88228629058872,194.441966890667,194.63189851824896,36697800
2016-12-27,195.3571014404297,195.7542490766812,195.12398502619658,195.14125632425026,42672500
2016-12-28,193.74261474609375,195.63342049849544,193.63038421876237,195.6161623706865,64095000
2016-12-29,193.69947814941406,194.16569796168298,193.25914553178495,193.8117086894327,48696100
2016-12-30,192.99147033691406,194.11386778589778,192.30076320106696,194.02752445361332,108998300
2017-01-03,194.46783447265625,194.97722582134307,193.29363643000622,194.29514782809548,91366500
2017-01-04,195.62477111816406,195.771544234157,194.7872909113898,194.79591997439806,78744400
2017-01-05,195.4694061279297,195.62482152111588,194.67509737982633,195.35717558333758,78379000
2017-01-06,196.16873168945312,196.63495146380882,195.03769192320487,195.58162597173967,71559900
2017-01-09,195.5211639404297,196.04782659963823,195.48662134112396,195.90968255069856,46939700
2017-01-10,195.5211639404297,196.3759022481929,195.13263215601918,195.53842206594092,63771900
2017-01-11,196.07373046875,196.07373046875,194.77001739154568,195.43482411158368,74650000
2017-01-12,195.58163452148438,195.77157933485879,194.2261336341972,195.5557341536737,72113200
2017-01-13,196.03054809570312,196.33272337074413,195.71973058408247,195.75426000797762,62717900
2017-01-17,195.33985900878906,195.79744966877882,194.95134037708073,195.39165973646453,61240800
2017-01-18,195.7715606689453,195.81473233589497,195.03768185323028,195.59024493741396,54793300
2017-01-19,195.04627990722656,195.9873614324876,194.614589683807,195.84921739919972,66608800
2017-01-20,195.762939453125,196.25505958847907,195.09813264304947,195.72839684852326,129168600
2017-01-23,195.25352478027344,195.8233591595471,194.49375878205151,195.7629293658233,75061600
2017-01-24,196.50543212890625,196.91985113299535,195.35713433657327,195.46936485746957,95555300
2017-01-25,198.20631408691406,198.20631408691406,197.29111947648914,197.45516391773648,84437700
2017-01-26,197.9990234375,198.32711219648314,197.72273539327438,198.05945321333743,59970700
2017-01-27,197.68824768066406,198.22353941160668,197.50693196662186,198.07676629744958,59711100
2017-01-30,196.46224975585938,197.02344185218226,195.47799644095304,196.99754148922224,79737300
2017-01-31,196.44500732421875,196.5054502961024,195.40032406693263,195.9701453099324,75880800
2017-02-01,196.52268981933594,197.36017006320674,195.9355973293586,196.4449887263935,79117700
2017-02-02,196.6521759033203,196.93709304303005,195.83196708095988,196.52266092664826,69657600
2017-02-03,198.0076446533203,198.18896032192686,197.24787891008063,197.55869636045003,80563200
2017-02-06,197.6536865234375,197.99904661915414,197.31696866395163,197.60188580261516,57790100
2017-02-07,197.66238403320312,198.28401920518414,197.47243922097869,198.042273657652,57931200
2017-02-08,197.92141723632812,198.05091908529695,197.11846625028537,197.66240036424514,51566200
2017-02-09,199.0955810546875,199.39775637450677,197.92138285613618,197.92138285613618,65955200
2017-02-10,199.88125610351562,200.10574351134014,199.11284782674448,199.44093670024577,66015900
2017-02-13,200.96913146972656,201.2281483174449,200.34749630486021,200.37339667221764,55182100
2017-02-14,201.7720489501953,201.78069118787627,200.44244858746455,200.78779556699018,71109000
2017-02-15,202.8253631591797,203.01530793966828,201.50439193296327,201.55619265961616,86785800
2017-02-16,202.65269470214844,203.03258427254195,201.90155779877912,202.85126855062055,84722400
2017-02-17,202.97215270996094,202.97215270996094,201.9706279997756,201.98789930143897,77204100
2017-02-21,204.18087768554688,204.3535511663621,203.33475523351058,203.3433974707437,88946100
2017-02-22,203.99957275390625,204.22404697342085,203.61105410799365,203.77509853439167,62115200
2017-02-23,204.13771057128906,204.53485826860089,203.37793142979874,204.5176001420342,74615900
2017-02-24,204.39674377441406,204.43990226843368,203.2484459068218,203.29161757498488,82381600
2017-02-27,204.71624755859375,204.88892110531015,204.06008281141268,204.31045747802935,56515400
2017-02-28,204.1636505126953,204.57806959105193,203.7751318033519,204.33632403083183,96961900
2017-03-01,207.02142333984375,207.48765629569718,205.80405339018023,205.82132469295286,149158200
2017-03-02,205.71768188476562,206.84007920484513,205.66588116100127,206.8314369681235,70246000
2017-03-03,205.8472137451172,206.0112581770802,205.25147898657502,205.63136858182762,81974300
2017-03-06,205.23423767089844,205.58821375534086,204.62986062486473,205.05292192225946,55391500
2017-03-07,204.6212158203125,205.28602261532427,204.41399971982818,204.9320333839673,65103700
2017-03-08,204.2413330078125,205.1737857297519,204.10318893623398,204.91476888907812,78168800
2017-03-09,204.50035095214844,204.82843983038214,203.53336879416761,204.36220687982436,90683900
2017-03-10,205.21697998046875,205.50189721914714,204.26725585154074,205.45872554526036,81991700
2017-03-13,205.32057189941406,205.3637435712909,204.82845172762308,205.15652745076886,57256800
2017-03-14,204.5348663330078,204.8284257600669,203.9218734621619,204.77661185589673,59880800
2017-03-15,206.3048095703125,206.72787084357762,204.87159448861624,205.10471095952914,96081800
2017-03-16,205.89895629882812,206.52059124738804,205.57088070174453,206.44289017235295,78344000
2017-03-17,205.53741455078125,206.35252518012385,205.53741455078125,206.1617540442583,89002100
2017-03-20,205.31198120117188,205.82358873104448,204.9217722924802,205.53743200294863,52537000
2017-03-21,202.6758575439453,206.04035217995005,202.54579233129812,205.918953570994,131809300
2017-03-22,203.1527862548828,203.4389429554005,202.086211812194,202.7105512985133,97569200
2017-03-23,202.93600463867188,204.07195161988832,202.56314220179587,203.15278881772713,100410300
2017-03-24,202.78854370117188,203.81175842654264,202.00812613881968,203.23945838882912,112504900
2017-03-27,202.58045959472656,202.8406032355756,200.8375196945119,201.11499654168372,87454500
2017-03-28,204.05462646484375,204.47951500442747,202.16426146852515,202.27699348014863,93483900
2017-03-29,204.24534606933594,204.47947665285002,203.542967550248,203.7684315312076,61950400
2017-03-30,204.89572143554688,205.09517239970486,204.01125154367315,204.18467623434705,56737900
2017-03-31,204.41880798339844,205.0864937077872,204.36676866759603,204.55753979783736,73733100
2017-04-03,204.0632781982422,204.6702712330258,202.83194569012235,204.470833499766,85546500
2017-04-04,204.19329833984375,204.2800172820107,203.3955343514287,203.7770765266387,56466200
2017-04-05,203.5863494873047,205.8495767604278,203.37823191994707,204.8697080740373,108800600
2017-04-06,204.15867614746094,204.67895025249734,203.2828595720796,203.72510777753564,69135800
2017-04-07,203.95054626464844,204.64425826097678,203.4649518366553,203.90718678397994,74412300
2017-04-10,204.07192993164062,204.8696940380048,203.54297606170348,204.08927636892926,67615300
2017-04-11,203.82919311523438,203.9332453068796,202.33771662151176,203.69044803873487,88045300
2017-04-12,202.93600463867188,203.7424486651146,202.7105538557787,203.55167752902952,81864400
2017-04-13,201.61793518066406,203.33487525261768,201.61793518066406,202.59780381684874,92880400
2017-04-17,203.40426635742188,203.40426635742188,201.93880318650014,202.13824092689617,68405400
2017-04-18,202.79730224609375,203.33493612063,202.11226991802624,202.66723700388442,83225800
2017-04-19,202.4243621826172,203.7337336345912,202.1988982072169,203.36087126212757,68699900
2017-04-20,204.07192993164062,204.5141780780443,202.71919891513377,203.04003523197187,92572200
2017-04-21,203.421630859375,204.04597045109915,203.0227553172202,203.99394435703186,110389800
2017-04-24,205.65878295898438,205.86690050339837,203.39555593536755,205.6674495615396,119209900
2017-04-25,206.85549926757812,207.20234871676178,206.2138132319842,206.3005322100093,76698300
2017-04-26,206.72540283203125,207.70527162641977,206.6820565782447,206.82078840698463,84702500
2017-04-27,206.89881896972656,207.20230887153625,206.3611852259836,207.0462306188551,57410300
2017-04-28,206.4479522705078,207.18501068781663,206.3178737981882,207.1589976396445,63532800
2017-05-01,206.96817016601562,207.39307188967717,206.55194827702297,206.96817016601562,66882500
2017-05-02,207.04623413085938,207.22832542874272,206.6386788222267,207.10692681966847,57375700
2017-05-03,206.79473876953125,207.14160135864626,206.11837326007554,207.04621580057147,73137700
2017-05-04,207.03753662109375,207.17628165717863,206.1877464301199,207.09824253617649,61462700
2017-05-05,207.85263061523438,207.8699770512272,206.9681476199527,207.41039573332046,62001300
2017-05-08,207.8179473876953,208.04339812589566,207.39304571765436,207.89598650113538,48385700
2017-05-09,207.62722778320312,208.27758035273882,207.2803651405766,208.07814260288913,51363200
2017-05-10,208.00006103515625,208.00006103515625,207.3757215975435,207.58383915389945,54293800
2017-05-11,207.57522583007812,207.73998395055054,206.49130475482116,207.54921278278863,62358300
2017-05-12,207.22833251953125,207.6185414026606,206.95952224963003,207.32371808931455,53912700
2017-05-15,208.37298583984375,208.49438446850093,207.63591423134488,207.65326067299824,61918900
2017-05-16,208.18215942382812,208.69376684942557,207.79195059466826,208.66775380957856,51241800
2017-05-17,204.48812866210938,208.18212526018465,204.42742275812537,208.18212526018465,172174100
2017-05-18,205.31198120117188,206.16177154943827,204.15000784820333,204.41015153115023,107047700
2017-05-19,206.6473846435547,207.31508373590725,205.74556812377836,205.79759421876142,115011400
2017-05-22,207.69659423828125,207.8613523347789,207.08960117075563,207.15896046579584,61010600
2017-05-23,208.1561279296875,208.32088598841491,207.68786679104613,208.06940898358252,48341700
2017-05-24,208.64173889160156,208.745791050053,208.05207912031636,208.3902750981925,46927700
2017-05-25,209.6389923095703,209.91648244236814,208.94529344049135,209.15339780863192,64071700
2017-05-26,209.59561157226562,209.76035642612135,209.37014756859512,209.44818669380922,46629900
2017-05-30,209.4135284423828,209.66499228202534,209.11870511826206,209.2747833846353,35201900
2017-05-31,209.3614501953125,209.74299239333598,208.6677383108565,209.70829952181367,91796000
2017-06-01,211.0264129638672,211.04375940473994,209.53493660379107,209.82109333663263,68962000
2017-06-02,211.728759765625,211.88485124705335,210.78358396801957,211.0784072611607,88666100
2017-06-05,211.57269287109375,211.84150313700025,211.3732418990385,211.5553464319028,44698800
2017-06-06,210.8962860107422,211.56397162716306,210.8182336653879,211.00900476478066,50375400
2017-06-07,211.28652954101562,211.5119803176038,210.56680449890564,211.23450345653035,54144300
2017-06-08,211.3905792236328,211.86750704489805,210.86162531849425,211.38191262013916,65950700
2017-06-09,211.06971740722656,212.45712799171255,209.80369218282215,211.65936392855593,132256400
2017-06-12,211.0264129638672,211.07843905502793,210.17662260150766,210.82697520393188,86108100
2017-06-13,212.05828857421875,212.11031466064384,211.21716489312982,211.56401429026786,60067000
2017-06-14,211.78944396972656,212.33573102007776,210.9656536300345,212.32706441756412,78602300
2017-06-15,211.38194274902344,211.50334137251647,210.15927667790672,210.43675357526607,66464900
2017-06-16,211.42808532714844,211.59364686891837,210.54801112129442,211.54136707593415,84553100
2017-06-19,213.1882781982422,213.24926686697899,212.16006003399033,212.2559107671326,65123800
2017-06-20,211.75045776367188,212.83966429092501,211.73304003234009,212.8309554252591,56906400
2017-06-21,211.69821166992188,212.25588496879118,211.22768022549286,212.14261651319507,55977600
2017-06-22,211.60235595703125,212.2036001689382,211.42808554824168,211.70692883908893,44148100
2017-06-23,211.85507202148438,212.18618182919283,211.27996767170237,211.66337057155704,66986800
2017-06-26,211.99447631835938,212.94427468243464,211.7853571377032,212.5260097291613,56700500
2017-06-27,210.28662109375,212.0729228867936,210.26919006225233,211.7766485352585,82247700
2017-06-28,212.16879272460938,212.36920306894754,211.07086367305584,211.3061360835291,70042600
2017-06-29,210.30406188964844,212.36919380263205,209.09286441596026,212.31691400169302,106949700
2017-06-30,210.69619750976562,211.4891433695941,210.5044960206646,211.11444926053903,86820700
2017-07-03,211.05343627929688,212.07293228339097,211.05343627929688,211.6372495485141,39153800
2017-07-05,211.5413818359375,211.75050102246536,210.60901447606477,211.41939121180266,54427600
2017-07-06,209.6069793701172,210.89659662222502,209.42398675992098,210.77460598075513,65400800
2017-07-07,210.9662628173828,211.11439332953753,209.61564388235107,210.18203933045078,57972300
2017-07-10,211.19276428222656,211.56745820554528,210.6612310161071,210.96621413285544,36663300
2017-07-11,211.03598022460938,211.34967228836572,209.86835382461976,211.1928196084974,50354600
2017-07-12,212.6219024658203,212.78746404720798,212.00324037282576,212.00324037282576,59610400
2017-07-13,212.97915649414062,213.0924382652271,212.40405206613906,212.63061560831196,39471600
2017-07-14,213.9724884033203,214.3297514132089,212.88328163852415,212.97913236566546,60262700
2017-07-17,213.9463653564453,214.27748849373867,213.77209491954747,213.89408555497417,33531900
2017-07-18,214.0596160888672,214.11189588275872,213.19695960171654,213.53679155799162,42742500
2017-07-19,215.2185516357422,215.22726050346031,214.36460394403895,214.37332610773834,51034300
2017-07-20,215.31439208984375,215.5932220993125,214.76542764222825,215.47123147717355,47135200
2017-07-21,215.12271118164062,215.1488510820248,214.51274471672465,214.73930824803008,82340800
2017-07-24,215.07044982910156,215.2098582111147,214.59990498986028,215.0442966304921,46622300
2017-07-25,215.59327697753906,215.9244001630508,215.36672670617963,215.81982724889846,54915600
2017-07-26,215.60189819335938,215.91559021631582,215.34049925421118,215.88074145642227,47575400
2017-07-27,215.4015655517578,216.09866066471164,214.07708616674392,216.06381189225647,70766600
2017-07-28,215.14886474609375,215.27956425631535,214.46920070097585,214.9223012003993,50088400
2017-07-31,215.02679443359375,215.64545628072867,214.81766199874343,215.5496055767528,65838700
2017-08-01,215.50611877441406,215.66295818011,214.98329416346337,215.62810941083828,55050400
2017-08-02,215.6106719970703,215.75009366199518,214.67830457086475,215.636811897246,47211200
2017-08-03,215.19236755371094,215.52347730677388,214.9135242922069,215.49733741300517,40856000
2017-08-04,215.58448791503906,215.9155976814008,215.20108506306107,215.68033862803355,60191800
2017-08-07,215.98533630371094,215.98533630371094,215.54965360600968,215.6542264947249,31995000
2017-08-08,215.4538116455078,216.8915725839997,215.07913089231317,215.6716530032204,61719400
2017-08-09,215.4451141357422,215.49739393699232,214.4081870910078,214.7654501275264,62632600
2017-08-10,212.404052734375,214.73931922391805,212.35177293093446,214.6086064193342,120479500
2017-08-11,212.71768188476562,213.3102171723221,212.39528099499407,212.6305533368164,74869900
2017-08-14,214.82640075683594,215.04424208745883,213.96375759699626,213.99860635966488,73291900
2017-08-15,214.8002471923828,215.22722095978656,214.4952773265048,215.20978993157163,55242700
2017-08-16,215.17495727539062,215.72392168942733,214.74798347603098,215.32308778635706,56715500
2017-08-17,211.82020568847656,214.87870666228795,211.82020568847656,214.56501459564012,128490400
2017-08-18,211.48910522460938,212.7787223128841,211.04470035458272,211.65465348444366,136748000
2017-08-21,211.6546630859375,211.91607538087405,210.72230896570784,211.42811285484936,65469700
2017-08-22,213.8679656982422,214.02480511735484,212.22108531764275,212.23851635176084,63140100
2017-08-23,213.1011199951172,213.52809382746688,212.75257915367558,212.9007096760873,50203800
2017-08-24,212.6044158935547,213.64132939076856,212.39528344330432,213.48449002506484,50741700
2017-08-25,213.1011199951172,214.01605632387748,212.95298947270547,213.39738103994065,64445900
2017-08-28,213.10983276367188,213.65878389994307,212.691567817204,213.63264400278635,40565600
2017-08-29,213.3538055419922,213.61520450319526,211.6807724144142,211.79405416158866,51135700
2017-08-30,214.3646240234375,214.63475849977831,213.1534264981007,213.33641910517255,62030800
2017-08-31,215.6542205810547,215.8982018213985,214.3994523187264,214.98326552211907,103803900
2017-09-01,215.9591522216797,216.38612596462394,215.81102173028552,216.02886303456722,62007000
2017-09-05,214.40811157226562,215.6803105705142,213.44089570186446,215.45374711692102,91398800
2017-09-06,215.14010620117188,215.4712292990506,214.55629299426707,215.08782640592375,57916900
2017-09-07,215.11395263671875,215.46250674286236,214.7044098719873,215.44507571356027,58034700
2017-09-08,214.86131286621094,215.32313553103205,214.6173315827576,214.82645079944174,63832800
2017-09-11,217.15298461914062,217.2314043167902,216.1160576302813,216.13347536577143,71364800
2017-09-12,217.8849639892578,217.91981276191333,217.33599942405345,217.5189920444494,56896000
2017-09-13,217.98944091796875,218.02430297338424,217.48404748227136,217.59732921840413,59228000
2017-09-14,217.91981506347656,218.12023872030875,217.49285443801577,217.6671248951008,95446300
2017-09-15,218.213134765625,218.3006957249808,217.67021138693656,217.7752898829497,95432400
2017-09-18,218.67727661132812,219.027547216473,218.2919709284885,218.5809501906182,46235200
2017-09-19,218.89620971679688,218.98378405332213,218.57220872319542,218.9224793453609,47108100
2017-09-20,218.97499084472656,219.08883479538468,217.97670499993538,218.9837562944486,59574100
2017-09-21,218.38824462890625,218.90489832345997,218.21310936861255,218.81733737429505,48211400
2017-09-22,218.4320831298828,218.59846634295977,218.0642949882233,218.09056461534422,51214000
2017-09-25,217.9854278564453,218.52836454972967,217.24109963801683,218.17808065697133,57064400
2017-09-26,218.11683654785156,218.65975999671107,217.8803965392975,218.41456789967987,54082000
2017-09-27,218.9662628173828,219.35156851244136,217.93294178409238,218.81739713737701,81001400
2017-09-28,219.2289276123047,219.3077364805443,218.5984299424583,218.68599089762515,44778800
2017-09-29,219.99952697753906,220.07834920827898,219.03627629237042,219.22016365284554,85578000
2017-10-02,220.9540252685547,220.9540252685547,220.05205261005767,220.22720123467553,59023000
2017-10-03,221.42689514160156,221.4531647632962,220.87520636208524,220.95402858913346,66810200
2017-10-04,221.68963623046875,221.93482830911222,221.1642169979664,221.27806094946735,55953600
2017-10-05,223.003173828125,223.02067800399251,221.7246608055824,222.02239213892577,63522800
2017-10-06,222.7491912841797,223.0381704971402,222.29384224736145,222.55653847553936,80646000
2017-10-09,222.38140869140625,223.03817600199042,222.11869909477954,222.97688466789108,35803100
2017-10-10,222.9681854248047,223.3447390762384,222.4077443545061,222.95068124527313,43057400
2017-10-11,223.3184051513672,223.3184051513672,222.70542499501343,222.87179482447962,47674300
2017-10-12,222.98562622070312,223.3534142938193,222.74918625871257,223.00314375617472,47065100
2017-10-13,223.2571258544922,223.53735302182952,222.9856641373634,223.42350906485288,54800400
2017-10-16,223.55482482910156,223.74747763825945,223.14326294986222,223.4847814093758,38221700
2017-10-17,223.71246337890625,223.75625053916676,223.28337058749773,223.502293026835,31561000
2017-10-18,223.93136596679688,224.1327708517824,223.7387131683015,224.0889836954036,40888300
2017-10-19,223.99269104003906,224.0277261152057,222.73170893532952,223.15203630356604,61903800
2017-10-20,225.1486053466797,225.17490169725397,223.9751975121371,224.78959602390063,89176400
2017-10-23,224.27288818359375,225.4988752080291,224.1940793132681,225.4726055845872,63915300
2017-10-24,224.66696166992188,224.9033882834358,224.30792566307667,224.70199674286374,66935900
2017-10-25,223.55482482910156,224.44803209320048,222.42519095900735,224.33418815270767,103715300
2017-10-26,223.8437957763672,224.4392583557997,223.7211997534273,224.16781004996602,69798000
2017-10-27,225.67398071289062,225.8316251660089,223.85255793086253,224.58813405767742,85562500
2017-10-30,224.8333740234375,225.57771575739636,224.53564267464077,224.5881819289029,54285700
2017-10-31,225.18360900878906,225.43756651350975,224.88587770708503,225.209878631765,60304800
2017-11-01,225.48130798339844,226.30445835053678,225.11353331446276,225.96295330081077,54202700
2017-11-02,225.56898498535156,225.70909859290256,224.34302432420296,225.4113671983335,56449500
2017-11-03,226.32200622558594,226.36578001957756,225.31494172449962,225.72651693894687,59589700
2017-11-06,226.67234802246094,226.80369616966382,226.12065908027247,226.19070251746857,49652600
2017-11-07,226.51473999023438,227.1102027657945,226.00682483395147,226.77743629594104,57502200
2017-11-08,226.89996337890625,226.99630315000863,226.05930868277113,226.33953582279315,50469600
2017-11-09,226.0768585205078,226.26951135492058,224.49183531869664,225.69155285168225,95085500
2017-11-10,226.0067901611328,226.18193882069187,225.3762924002271,225.69155464264665,59984700
2017-11-13,226.21693420410156,226.44462210368795,225.28870515430896,225.32374022899884,50228600
2017-11-14,225.69155883789062,225.7966373460059,224.63195485854894,225.41133166696056,61315200
2017-11-15,224.5619659423828,225.24500313488005,223.85265911647951,224.719583742819,80811500
2017-11-16,226.47088623046875,226.83868769595327,225.46384833002168,225.50762212937235,67777000
2017-11-17,225.80535888671875,226.4446220610121,225.7265500116303,226.12062111100445,75756800
2017-11-20,226.1906280517578,226.383280845543,225.80532246418747,226.05054122348457,48075500
2017-11-21,227.67056274414062,227.85447682737197,226.15563662524804,226.9612562057613,69176800
2017-11-22,227.4691925048828,227.81069763269807,227.30280930386726,227.67934950661527,45033400
2017-11-24,227.99456787109375,228.0996730879914,227.8194459574578,227.9595595227246,27856500
2017-11-27,227.88075256347656,228.33610161146362,227.67933430098003,228.03837030424936,52274900
2017-11-28,230.1925811767578,230.21885080268228,228.24854868654762,228.34488846422593,98971700
2017-11-29,230.0524139404297,230.85806015409528,229.60583040387328,230.32387558631203,77512100
2017-11-30,232.06661987304688,232.97731824916235,230.89319845756313,230.97200735219207,127894400
2017-12-01,231.58493041992188,232.32927213776017,228.3448940068808,231.8476534094766,164390900
2017-12-04,231.30474853515625,233.6340602076984,231.25218255388125,233.2049806981147,94040600
2017-12-05,230.47274780273438,232.18909193484973,230.34139970761024,230.47274780273438,77994500
2017-12-06,230.51661682128906,230.94572307452924,230.0525022108374,230.56915608104308,75898600
2017-12-07,231.24339294433594,231.55862841900824,230.25385927562056,231.24339294433594,77218600
2017-12-08,232.50440979003906,232.5131485158571,231.20837925182036,232.19791301203568,76563900
2017-12-11,233.2049560546875,233.2662607564171,232.4781452556727,233.2049560546875,83077500
2017-12-12,233.61648559570312,234.08936549312253,233.23994545698378,233.9930257344225,85195800
2017-12-13,233.5902862548828,234.29959295245607,233.50271191806013,233.86174799227823,102905400
2017-12-14,232.6357421875,234.0018160595599,232.58320294041542,233.8879721162332,100666700
2017-12-15,234.57301330566406,235.0395001397508,233.5872318344265,233.6400396374906,144610300
2017-12-18,236.06051635742188,236.4125773620688,235.86687877578615,235.97249439112693,83653600
2017-12-19,235.15386962890625,236.35088202545296,235.0834413346834,236.3068844869568,82382900
2017-12-20,235.0306396484375,236.17484428429617,234.7313865415287,236.1220364925196,76751500
2017-12-21,235.5147705078125,236.22772957066448,235.2683251398561,235.65560026957766,67032300
2017-12-22,235.453125,235.5675508338231,234.9162099783356,235.5323366863719,78720900
2017-12-26,235.1714630126953,235.3915044259816,234.9074240609614,235.04822692820343,45244400
2017-12-27,235.2859649658203,235.64683622362304,235.0131156739141,235.33877277325166,57751000
2017-12-28,235.77001953125,235.81404393961793,235.40036491992626,235.7876400388091,45116100
2017-12-29,234.8810577392578,236.36854024997027,234.68744702855656,236.35094660186965,96007400
2018-01-02,236.5621795654297,236.59739372242203,235.35635657862522,235.74363172394615,86655700
2018-01-03,238.0584716796875,238.20811170109027,236.72941257737043,236.72941257737043,90070400
2018-01-04,239.06185913085938,239.54596651632667,238.12010198488656,238.70101473112751,80636400
2018-01-05,240.65496826171875,240.77817751822775,239.36112333545296,239.85401408255126,83524000
2018-01-08,241.0950469970703,241.25347040718765,240.26768893019437,240.55813184874282,57319200
2018-01-09,241.64076232910156,242.26567261945058,241.23586666107144,241.51752620564912,57254000
2018-01-10,241.2710723876953,241.5351382742084,240.2148894232378,240.88379724256805,69574300
2018-01-11,243.0313720703125,243.0313720703125,241.65831559560675,241.82554924347087,62361500
2018-01-12,244.61569213867188,244.78289892979492,242.99616342156756,243.29544343228133,90816100
2018-01-16,243.77957153320312,246.52568508160715,243.08423289096814,245.87437085450807,106555100
2018-01-17,246.1031494140625,246.49042451957706,243.77952564150394,244.71249925191754,113258800
2018-01-18,245.689453125,246.41116854603143,245.1965356479317,245.9887062235787,100728000
2018-01-19,246.80728149414062,246.80728149414062,245.68948066001104,246.27036641848483,140920100
2018-01-22,248.8140411376953,248.8140411376953,246.54319861484595,246.5960332679467,91322400
2018-01-23,249.34219360351562,249.63263651822,248.532429194971,248.85808626496785,97084700
2018-01-24,249.2454071044922,250.5832766456746,248.0659878609213,249.98474333804995,134816100
2018-01-25,249.3509063720703,250.2046680875177,248.55876269579983,250.10786276354497,84587300
2018-01-26,252.23793029785156,252.28195470890776,249.93189995130047,250.1871555817258,107743100
2018-01-29,250.56556701660156,252.10585700381694,250.4071436358713,251.66577415032683,90118300
2018-01-30,247.99554443359375,250.61842153870128,247.52024734225674,248.7348805420454,131796400
2018-01-31,248.11866760253906,249.35089402243372,247.04486453794772,248.8492200639733,108364800
2018-02-01,247.83705139160156,249.1397063257959,247.0449076164335,247.3881851399711,90102500
2018-02-02,242.4416961669922,246.64888789097682,242.4064820117474,246.5168415239415,173174800
2018-02-05,232.30213928222656,242.79372681065547,231.75644081648184,240.681334388842,294681800
2018-02-06,236.8790283203125,237.38072927764424,227.69890538491987,228.7903023920032,355026800
2018-02-07,235.59402465820312,239.7219781294161,235.51478608778726,236.32455055637257,167376100
2018-02-08,226.7571258544922,236.03408117347925,226.72191170053435,235.89325141817721,246449500
2018-02-09,230.1633758544922,232.0205129539918,222.6115510503879,229.5472489990059,283565300
2018-02-12,233.54318237304688,235.0130710287403,230.30417878341456,232.21412346392802,143736000
2018-02-13,234.1240997314453,234.66979822260853,231.75645161163467,232.33736425528434,81223600
2018-02-14,237.28387451171875,237.64474568212884,232.62779030685115,232.63660055946704,120735700
2018-02-15,240.31167602539062,240.3204862790797,236.56216098587512,239.0266414316785,111200300
2018-02-16,240.38209533691406,242.3272813096784,239.64275920638937,239.68678361757665,160420100
2018-02-20,238.876953125,240.87494635032803,238.08480940849984,239.43146178470735,86369700
2018-02-21,237.68873596191406,241.7991215895347,237.59193062820205,239.3170478750535,98883700
2018-02-22,237.99681091308594,240.3292447538347,237.32790321531238,238.6129376757864,110511300
2018-02-23,241.79031372070312,241.79031372070312,238.74494789704653,239.22024489952148,92766400
2018-02-26,244.59805297851562,244.69488517707467,242.27442939994546,242.8641254019329,86491400
2018-02-27,241.54393005371094,245.49589334997782,241.48231199199887,244.78293423401286,99099200
2018-02-28,239.0970916748047,243.09305288834784,238.78024480369112,242.64415962706857,121907800
2018-03-01,235.6204071044922,240.434915343989,234.12411442597886,238.88581486369563,176855100
2018-03-02,236.83494567871094,237.39826455064633,233.0854585219147,233.9480036113477,139083200
2018-03-05,239.57229614257812,240.1884228564989,235.54112232743287,235.64676477079544,97307400
2018-03-06,240.17971801757812,240.62861130218002,238.68342497592946,240.5493727197497,79213200
2018-03-07,240.09164428710938,240.4437052620397,237.82082816735752,238.0144657326488,87063500
2018-03-08,241.25350952148438,241.37671879581904,239.77483706625813,240.7694020980413,66901200
2018-03-09,245.4517822265625,245.4517822265625,242.344798661436,242.66167225220462,113625300
2018-03-12,245.1438751220703,246.36731900701778,244.75659985349273,245.74240853930672,71924800
2018-03-13,243.5595245361328,246.80733906418087,242.95220787735744,246.30563802249105,91968900
2018-03-14,242.30958557128906,244.7036371432696,241.7551037909438,244.51880988315452,105895100
2018-03-15,242.04563903808594,243.46269334085287,241.54393799427896,242.82018938069317,83433000
2018-03-16,242.30804443359375,243.35963871372323,242.2550251394784,242.57314090417057,100343700
2018-03-19,239.02960205078125,242.48483756083203,237.37710397382494,241.55697267350652,109208400
2018-03-20,239.43606567382812,240.07232421525157,238.75560640551987,239.42722013482984,59757300
2018-03-21,238.97659301757812,241.48627266625962,238.76451576978116,239.39192893992308,78709600
2018-03-22,233.00283813476562,237.59801555422393,232.72886909023754,236.74967967138895,148785900
2018-03-23,228.0364532470703,233.77162621271538,227.8420401470805,233.4446648554846,183534800
2018-03-26,234.27529907226562,234.55808665375656,229.23827674648547,231.64191725294216,141956100
2018-03-27,230.28990173339844,235.74226061596968,228.73459679677995,235.21206754040583,129941400
2018-03-28,229.6094207763672,232.0926172982425,228.50480702582675,230.42242836273297,146452300
2018-03-29,232.5432891845703,234.40789128155768,229.61827403229532,230.7493974721348,111601600
2018-04-02,227.52391052246094,232.52560454766385,225.04957315969895,232.0130486932908,186286300
2018-04-03,230.44003295898438,230.91723352704287,226.96713469656925,228.7610258854182,119956900
2018-04-04,232.90560913085938,233.6125511780007,226.7551270227763,226.8876752856015,123715300
2018-04-05,234.7437286376953,235.6274197824514,233.57724985427006,234.66417270272734,82652600
2018-04-06,229.51222229003906,234.27530264645085,227.99227272647158,232.78188970165434,179521200
2018-04-09,230.6433563232422,234.03672660538797,229.70664599907167,230.970317685891,105442900
2018-04-10,234.31069946289062,235.09719751911547,232.3931047987183,233.5330469478276,103529000
2018-04-11,233.08233642578125,234.743679746807,232.75537508521705,232.8260584961061,91140200
2018-04-12,234.9999542236328,235.94551011855185,234.2311473257847,234.40789632285558,68890500
2018-04-13,234.31069946289062,236.42273422394206,233.30330559064134,236.3078500612923,85079200
2018-04-16,236.23716735839844,237.00600139053074,235.12373473415187,235.94556111512628,63405300
2018-04-17,238.76446533203125,239.36536871926083,237.4919481778344,238.00447707444593,64682000
2018-04-18,238.94119262695312,239.74532760470183,238.48165610469013,239.20628910663888,57303900
2018-04-19,237.6156768798828,238.4905223067502,236.58174658331473,238.28726367597648,77655900
2018-04-20,235.60084533691406,237.7658990812484,234.71715433401994,237.54497633052486,99953100
2018-04-23,235.56549072265625,236.7319691881383,234.4873867411846,236.17523960378978,65558000
2018-04-24,232.3931121826172,236.81156800576144,230.89082641550246,236.59064521460422,112885500
2018-04-25,232.96743774414062,233.40928319691392,230.5107781054454,232.33117921342284,103840900
2018-04-26,235.33575439453125,236.16642611436546,233.55070823494597,233.9925537468531,67731900
2018-04-27,235.5566864013672,236.24596434828754,234.61997603678594,235.9455126245644,57053600
2018-04-30,233.74508666992188,236.7319662022988,233.67437629636294,236.17523662497214,82182300
2018-05-01,234.16046142578125,234.26650003565555,231.6242454884394,233.17955034822333,74203400
2018-05-02,232.58741760253906,234.77895341628965,232.19859151272493,233.96597302347948,86368900
2018-05-03,232.07489013671875,232.72881274557488,228.92010728332005,231.75677437071465,136311500
2018-05-04,235.07949829101562,235.75995770217375,230.7759269200338,231.10288831433,91222100
2018-05-07,235.8748321533203,236.84687075534896,235.15901757631318,235.84832249995793,55304900
2018-05-08,235.8748321533203,236.23712175990264,234.3106817006053,235.50367003813554,67499200
2018-05-09,238.15475463867188,238.48171603515163,236.02505582298372,236.54643034279098,59666100
2018-05-10,240.3816680908203,240.70865648473887,238.79103473411064,238.8970733621426,72063900
2018-05-11,241.11509704589844,241.38019356118602,239.9927922055923,240.50534809262754,59871500
2018-05-14,241.22996520996094,242.20200368035574,240.68205416781768,241.5480810072303,54790600
2018-05-15,239.5686492919922,240.01931338963473,238.62309339518507,240.00164927713664,87036100
2018-05-16,240.5760498046875,241.0355864236159,239.57747457430713,239.60401119596355,53942600
2018-05-17,240.37277221679688,241.4508762019442,239.59511990382418,240.31090738096805,56536400
2018-05-18,239.77182006835938,240.39041443409954,239.4183491314095,240.02809795909218,64368000
2018-05-21,241.57460021972656,242.11366574391533,240.86765821907193,241.25648440986458,58025900
2018-05-22,240.9029541015625,242.35222006688994,240.57599279594973,242.0959421646103,52966400
2018-05-23,241.56581115722656,241.5923477823612,239.47146734832646,239.63055225855956,64694200
2018-05-24,241.07095336914062,241.44211554649604,239.28590681814654,241.16817342649486,76043800
2018-05-25,240.4965057373047,241.1239188105329,239.99279538347892,240.4965057373047,56374800
2018-05-29,237.7305908203125,239.63054842609174,236.61715827517813,238.87055999015715,115908600
2018-05-30,240.9029541015625,241.34479953468355,238.967695915149,239.03837931848213,69678400
2018-05-31,239.42724609375,240.7969563816566,238.82634267506256,240.49650467231288,93519900
2018-06-01,241.77781677246094,242.07826841884986,240.65551215742434,240.72622252604762,71258400
2018-06-04,242.92665100097656,243.1829289425689,242.36110278324185,242.59968964520834,45385200
2018-06-05,243.1033935546875,243.4833742030585,242.290385988581,243.05919282490183,51135000
2018-06-06,245.13583374023438,245.24187232618866,243.0945100563013,243.71310443184038,62732200
2018-06-07,245.1093292236328,245.91349114142224,244.19912871766982,245.62188502394488,72969400
2018-06-08,245.833984375,245.88700367386923,244.48193831762,244.64984175340834,72139700
2018-06-11,246.1609344482422,246.8767219183447,245.94001172368942,246.05489585535383,58892500
2018-06-12,246.47914123535156,246.8414308658151,245.83403700352798,246.57633431471666,72329000
2018-06-13,245.69261169433594,246.9739744526654,245.48935305247187,246.71769650737758,79070600
2018-06-14,246.3112335205078,246.84142661357126,245.7191486091035,246.55866595330826,77097600
2018-06-15,245.99697875976562,246.33429356306655,244.41694659367712,245.52652050495294,120041600
2018-06-18,245.490966796875,245.61525205762882,244.06184883342064,244.54116518123627,52917600
2018-06-19,244.55018615722656,244.77210102669773,242.80149590222507,243.21869694039955,97531500
2018-06-20,244.96728515625,245.63302948735304,244.62997036088478,245.23357205300874,53785500
2018-06-21,243.43162536621094,244.97617063642073,242.93453843234295,244.95840011715003,71061400
2018-06-22,243.87542724609375,244.80748545823238,243.65351249404213,244.69208545289305,54898500
2018-06-25,240.55560302734375,242.88126540868595,238.86905624683794,242.72149328077796,137854200
2018-06-26,241.0881805419922,241.94032556422917,240.36917894679195,241.1236944856026,68547400
2018-06-27,239.0909881591797,243.10319760881347,238.9400741903056,241.67407943578866,105110700
2018-06-28,240.45794677734375,241.2213204740955,238.32754361881487,239.03768703472497,76650500
2018-06-29,240.80410766601562,242.91674020297125,240.68870767361383,241.5497378986117,97592500
2018-07-02,241.31900024414062,241.4787994767716,238.99333763694744,239.23302294129033,63554800
2018-07-03,240.466796875,242.31314260519264,240.04073792895596,242.2154860372572,42187100
2018-07-05,242.4285430908203,242.49068572392176,240.52008160667532,241.594168530159,56925900
2018-07-06,244.4790802001953,244.85188185065252,242.07350454521062,242.4552185443817,66493700
2018-07-09,246.680419921875,246.73367729241565,245.4377027939233,245.48207490630662,50550400
2018-07-10,247.56814575195312,247.66580235045612,246.84025870569093,247.13320141199088,51966800
2018-07-11,245.7572784423828,246.804736738426,245.45547760766024,246.01470715904813,77054700
2018-07-12,247.98536682128906,248.03862421054453,246.41421965983048,247.01782146419987,60124700
2018-07-13,248.18055725097656,248.48235803679225,247.35504094661,247.80775566993393,48216000
2018-07-16,247.9586639404297,248.36697949896225,247.5148344366151,248.22497789624032,48201000
2018-07-17,248.9617462158203,249.35231838280768,247.13317065638194,247.1864280346797,52315500
2018-07-18,249.48544311523438,249.5919578638405,248.5977840912453,249.04161360323985,44593500
2018-07-19,248.5444793701172,249.2013382541947,248.06513600349925,248.81965144799824,61412100
2018-07-20,248.2604522705078,248.97059569442908,248.10068015857618,248.34033832647364,82337700
2018-07-23,248.72219848632812,248.92634283074074,247.71025367079224,248.0564538727022,47047600
2018-07-24,249.97360229492188,250.81688906019508,249.10371393621796,250.13340147989928,68026900
2018-07-25,252.10411071777344,252.4236550429963,249.6807912279922,249.72516335453636,78882900
2018-07-26,251.50929260253906,252.19278026627643,251.28737785713315,251.38503443149696,57919500
2018-07-27,249.80503845214844,251.9354148965734,248.88186539352202,251.83775830816563,76768700
2018-07-30,248.5001220703125,250.04463990131578,247.97637947622283,249.88486779932234,63742500
2018-07-31,249.72506713867188,250.33755394857604,248.8818074347574,249.26349426145134,68570500
2018-08-01,249.30787658691406,250.43522077645216,248.659902898579,249.92924867985008,53853300
2018-08-02,250.66603088378906,250.8346611669265,247.79888264321872,248.00305395952506,63426400
2018-08-03,251.74009704589844,251.79335441859888,250.61275278226552,250.79029541740223,53935400
2018-08-06,252.6634063720703,252.97406551744467,251.38517455888277,251.7757468956466,39400900
2018-08-07,253.49766540527344,253.87937939334077,253.19586457204238,253.32903510396625,43196600
2018-08-08,253.39109802246094,253.7905553568563,252.92952515383473,253.32898248823008,42114600
2018-08-09,253.0449676513672,253.84385536516058,252.9118242139356,253.45328322255867,35717000
2018-08-10,251.34957885742188,252.14846670856605,250.63943525368703,251.6070076068513,77076000
2018-08-13,250.4086151123047,252.23719052748174,250.11567246557237,251.62470363617254,65732900
2018-08-14,252.00643920898438,252.2461245279351,250.74597832621112,251.13655053785575,43842000
2018-08-15,250.1245880126953,250.79921761854422,248.68658455955998,250.65718890735462,102925400
2018-08-16,252.14849853515625,253.0184144010804,251.52712618960874,251.56264014658024,69967900
2018-08-17,253.03610229492188,253.47993184740568,251.5359562403902,251.94427184369758,65618500
2018-08-20,253.57762145996094,253.8439083904486,253.03613524902323,253.48885012006187,39807500
2018-08-21,254.17233276367188,255.03336327356539,253.61310313188827,254.09244668616122,67272000
2018-08-22,254.0214080810547,254.54512368185607,253.4976653910483,253.76397936567605,44993300
2018-08-23,253.68405151367188,254.70485385858763,253.36448021459879,253.84382361860813,49204900
2018-08-24,255.21087646484375,255.35290517152356,254.20781734774647,254.26107472660067,57487400
2018-08-27,257.225830078125,257.33234482639574,256.24939973697053,256.40917185937667,57072400
2018-08-28,257.3501892089844,257.79401884697023,256.88858904838384,257.68747697891615,46943500
2018-08-29,258.7348937988281,258.9656667527116,257.32351902828185,257.5631772420402,61485500
2018-08-30,257.6874084472656,258.6283248624232,257.09269206048697,258.25552323561953,61229500
2018-08-31,257.6961975097656,258.14002686403677,256.7907953791624,257.27899683318304,66140800
2018-09-04,257.2524719238281,257.6075301326266,256.24941284429883,257.2791006122579,57594400
2018-09-05,256.56005859375,257.1015446256181,255.54814150332868,256.8973733202907,72452400
2018-09-06,255.7877960205078,256.9683704573946,254.75810842911469,256.666569677207,65909900
2018-09-07,255.29075622558594,256.2671866291312,254.50072664342497,254.7404119315528,73524800
2018-09-10,255.7345733642578,256.56897502417314,255.539287293018,256.3026610601894,50210900
2018-09-11,256.5779113769531,257.0217410296302,254.74047720267114,255.08665024536896,50530500
2018-09-12,256.6399841308594,257.24358579269136,255.8499816506508,256.58672675418035,59810800
2018-09-13,258.1578674316406,258.3442953348075,257.4211223455566,257.70517974058833,51034200
2018-09-14,258.2022705078125,258.5484434532182,257.4211262043679,258.3620426364613,55079900
2018-09-17,256.8353576660156,258.1845901499994,256.56018542973743,258.1491032795993,68244000
2018-09-18,258.2288513183594,258.82356760557764,257.0216211398096,257.0482498229806,61930400
2018-09-19,258.5041198730469,258.9213207912113,258.1579197734338,258.2822050674107,49080600
2018-09-20,260.5989074707031,260.9184787850341,258.52178873975845,259.7645329642432,100360600
2018-09-21,260.3608093261719,261.45758204644017,260.200313965692,261.3416596599288,105479700
2018-09-24,259.49603271484375,259.92404780423277,258.9164476561053,259.7813761077698,53409600
2018-09-25,259.25506591796875,260.0575697080249,259.01432294449796,259.9505728309268,44370000
2018-09-26,258.4794616699219,260.58380737485373,258.06037218301276,259.397888348233,79739700
2018-09-27,259.20172119140625,260.28956877338703,258.6756347591469,258.95205259284523,59249500
2018-09-28,259.2283935546875,259.7277306037356,258.5418119152034,258.5774594102581,70091400
2018-10-01,260.1290588378906,261.19905539547744,259.4603007849608,260.4678733934338,62078900
2018-10-02,259.9775085449219,260.69083971183056,259.6030192064387,259.9775085449219,47258200
2018-10-03,260.12005615234375,261.44864638205115,259.7633907390065,261.0295570381276,64694600
2018-10-04,258.08709716796875,259.69210553069195,256.4999125561794,259.63860706605675,111545900
2018-10-05,256.6427001953125,258.8272943868554,255.21601033260023,258.31013325769317,105951700
2018-10-08,256.6427001953125,256.99936585802914,254.57400125497202,255.95609090244108,87742200
2018-10-09,256.2680969238281,257.5699383979539,255.7063357693403,256.25919865326443,74339000
2018-10-10,248.15383911132812,255.83119659050328,247.77934979732228,255.7598471513721,214731000
2018-10-11,242.68785095214844,248.68882246381915,241.07388981647085,247.06596305815177,274840500
2018-10-12,246.05836486816406,247.07486285260504,242.86614485598972,246.7895195822303,183186500
2018-10-15,244.67625427246094,247.03029548883134,244.58708109696218,245.701677761115,102263700
2018-10-16,250.0262908935547,250.40080730492338,246.16534044473926,246.63792829013926,118255800
2018-10-17,250.07089233398438,250.69505007361667,247.49393205394864,250.06196685381698,110626000
2018-10-18,246.4596405029297,249.73210870124333,245.18454828665827,249.1346728395284,134557500
2018-10-19,246.32591247558594,249.0455180000834,245.63040510530487,247.110593039357,139901600
2018-10-22,245.2201690673828,247.31558883402667,244.68515727537218,246.99459808591837,82415800
2018-10-23,243.97183227539062,245.09535446998242,239.51344542298992,241.5999944163272,146352700
2018-10-24,236.57986450195312,244.1056242594676,236.02702884400423,243.72218227993628,177806700
2018-10-25,240.82423400878906,242.3668457953821,237.3912975916812,238.4167212180317,138061500
2018-10-26,236.5886993408203,241.64452103456355,233.87802024719272,237.1148128348693,201574600
2018-10-29,235.27792358398438,240.97575372731768,231.70231665806764,239.68281095394798,160749100
2018-10-30,238.76438903808594,239.07648149390346,234.61809558744747,235.10853436425447,157116000
2018-10-31,241.31460571289062,243.63297188220236,240.85984163174297,241.33242946068574,128296300
2018-11-01,243.88267517089844,244.07884527191928,241.0917207748512,242.17956820563373,99495000
2018-11-02,242.4381561279297,245.41635506870088,240.38728199417207,244.98834016496485,122634100
2018-11-05,243.7757110595703,244.32854672454587,241.95668144268606,242.928606597536,65622500
2018-11-06,245.31829833984375,245.4787937517366,243.65086584422724,243.7132897972422,60085900
2018-11-07,250.5701904296875,250.6504381032207,247.06587874778523,247.49389355178778,102752100
2018-11-08,250.115478515625,250.75748724948596,248.97413267896457,249.76771131269436,65584900
2018-11-09,247.6722869873047,248.99195193007725,246.26342166342013,248.80470732286804,98812600
2018-11-12,243.04443359375,247.40472046109215,242.52724563730663,247.16397744043266,99673600
2018-11-13,242.5897674560547,245.50554295237575,241.86751089080235,243.50819415087165,98176600
2018-11-14,240.93118286132812,244.86345524510767,239.37074780966623,244.46221684463413,125335900
2018-11-15,243.44569396972656,243.9093835190534,238.08673262015606,239.6649914330321,135101400
2018-11-16,244.07888793945312,244.98838917854061,241.83184326007407,242.34903144037196,126668000
2018-11-19,239.95040893554688,243.76678736008276,239.03198224402044,243.47251856087186,103061700
2018-11-20,235.50978088378906,238.07781560828795,234.64485289966032,236.61545191890372,136021300
2018-11-21,236.31227111816406,238.21154782262516,236.3033728506078,237.06127666705356,75563700
2018-11-23,234.7340545654297,236.13399448911932,234.57355917861787,234.67163062216989,42807900
2018-11-26,238.52371215820312,238.74663151536032,236.59768564694465,236.99002589248818,79981400
2018-11-27,239.32620239257812,239.32620239257812,236.88301508893525,237.48934917407036,75502400
2018-11-28,244.83673095703125,244.83673095703125,239.2637480620135,240.39619560185264,127629600
2018-11-29,244.3018035888672,245.7017165389916,242.91968718008556,244.0610332558377,82346400
2018-11-30,245.79087829589844,246.352639431055,243.82920427573268,244.15019508905894,98204200
2018-12-03,249.04551696777344,250.02636766842159,247.44943382182208,249.91937072141235,103176300
2018-12-04,240.9757843017578,248.64421433245005,240.6636918121923,248.21619944288898,177986000
2018-12-06,240.61024475097656,240.72616717573516,234.01183692873772,237.11488431430027,204185400
2018-12-07,235.0193634033203,241.84068846167355,234.18118466811578,240.27132790012834,161018900
2018-12-10,235.4652557373047,236.43718083040707,230.60560305995818,234.84107067737293,151445900
2018-12-11,235.5187530517578,238.85361777799955,234.04749080264142,238.66637314566984,121504400
2018-12-12,236.70462036132812,239.8611652482189,236.62437267926674,238.49690022951813,97976700
2018-12-13,236.6243896484375,238.51474108187907,235.50979307571671,237.64981305297454,96662700
2018-12-14,232.25515747070312,235.42952607242904,231.70232196988306,234.47542495361859,116961100
2018-12-17,227.6987762451172,232.41574442618827,226.06700472075343,231.30114750566,165492300
2018-12-18,227.44906616210938,230.0081894771695,225.84404416794135,229.33943144675922,134515100
2018-12-19,224.04286193847656,231.30111553755748,222.3397684197925,227.52932388944615,214992800
2018-12-20,220.39585876464844,224.3638197072121,218.1488283409156,222.79447268439893,252053400
2018-12-21,215.88006591796875,223.96100288010308,215.234308074358,221.29725519655113,255345600
2018-12-24,210.1758270263672,216.0055739625307,210.11305225267571,214.39117976621222,147311600
2018-12-26,220.79498291015625,220.79498291015625,209.65568091550543,211.63780135232858,218485400
2018-12-27,222.4901580810547,222.68746009257075,214.31953923930752,217.55729302959173,186267300
2018-12-28,222.20309448242188,225.47671683818686,221.03714210729703,223.84439446130722,153100200
2018-12-31,224.14932250976562,224.3914851025564,221.95195871285873,223.82644361450068,144299400
2019-01-02,224.38250732421875,225.30631074260154,220.58869057186968,220.61559600600654,126925200
2019-01-03,219.0281524658203,222.93856912435655,218.54382721026855,222.633618017562,144140700
2019-01-04,226.36463928222656,227.01039710544208,221.68290190659857,222.0595916892461,142628800
2019-01-07,228.1494903564453,229.557591947435,225.73686878916783,226.63375331616336,103139100
2019-01-08,230.2930145263672,230.77733980190953,227.8086544085286,230.33787517212102,102512600
2019-01-09,231.36929321289062,232.21236682399817,229.77283991391428,231.0015672871316,95006600
2019-01-10,232.1853790283203,232.4365055018691,229.15390614501035,229.83554687495683,96823900
2019-01-11,232.2750701904297,232.30197562046757,230.5261351257683,231.10910435707794,73858100
2019-01-14,230.85804748535156,231.66523800057232,229.97014065568285,230.37372222792283,70908200
2019-01-15,233.50390625,233.8178213276503,231.22581174935374,231.23478935380658,85208300
2019-01-16,234.0688934326172,234.95680020292303,233.72807299168477,233.93433888012572,77636700
2019-01-17,235.84471130371094,236.70574002421503,233.15405813629934,233.19891877819984,96118400
2019-01-18,238.98382568359375,239.4502231203334,235.880613114038,237.65645419931408,127900300
2019-01-22,235.7550048828125,237.72816138252549,234.14062401631128,237.51291789918878,115531200
2019-01-23,236.24832153320312,237.48602637637333,233.7818894494403,236.78645764380838,86030300
2019-01-24,236.37388610839844,236.95688289813074,235.05546487062307,236.06894867955302,59204100
2019-01-25,238.3739471435547,239.19909287762562,236.4725564959135,238.22146474449312,96883400
2019-01-28,236.562255859375,236.62501697032374,234.79539236392185,236.2304129857847,85613700
2019-01-29,236.24832153320312,237.2707555096875,235.41422561567174,236.70574133282852,66136300
2019-01-30,239.9883270263672,240.83140059178444,237.00171387664844,237.764071126748,92473700
2019-01-31,242.09603881835938,242.5803641367788,239.7103226426378,239.92559354568212,104012100
2019-02-01,242.2126007080078,243.23506206970345,241.42333805071436,242.2933170201301,85782500
2019-02-04,243.9166259765625,243.9794144412397,241.58472151923812,242.2573846874624,60744800
2019-02-05,244.93910217285156,245.24403954335247,243.8449022571784,244.34715526397238,79552800
2019-02-06,244.61624145507812,245.15437756693314,243.8808170519739,244.66110209733083,58347800
2019-02-07,242.28436279296875,243.5489456994387,240.62512119361995,243.00185935827335,95482000
2019-02-08,242.5803680419922,242.67901220563638,240.2125796655961,241.03772550393722,75788900
2019-02-11,242.71484375,243.49512877232434,242.18568525636323,243.2350520120421,68021400
2019-02-12,245.83602905273438,246.2127051877354,244.2575036888499,244.32926977124873,72270200
2019-02-13,246.63424682617188,247.4773204011533,246.24859308058757,246.67012986807828,65277200
2019-02-14,246.08714294433594,247.21722603270476,244.73283875879804,245.54900683698227,83234400
2019-02-15,248.7687225341797,248.8046055596903,247.65659507991055,247.8628608924566,97088700
2019-02-19,249.19935607910156,249.8540642265437,247.96165112812608,247.97062873148565,59120800
2019-02-20,249.7016143798828,250.15903422884998,248.66122508601669,249.16347821122895,76610800
2019-02-21,248.81365966796875,249.4235344355389,247.85398687824858,249.0647861823057,64214700
2019-02-22,250.3563232421875,250.55361153324364,248.79572578226137,249.43250603911778,78114600
2019-02-25,250.69703674316406,252.30246696495368,250.6163204576972,251.78228622392373,69030700
2019-02-26,250.51771545410156,251.3966445024455,250.14101202571476,250.34730525682363,56844100
2019-02-27,250.41018676757812,250.75995752250373,248.86754418847482,249.80028444877328,56921600
2019-02-28,249.9437713623047,250.63438995969776,249.62090607319368,250.19489793297214,69268300
2019-03-01,251.50433349609375,251.91689265301403,250.06931299332896,251.52226133048524,78880500
2019-03-04,250.58944702148438,252.80475215233454,248.29342559486247,252.56260326501933,106494600
2019-03-05,250.24868774414062,250.91240084489138,249.7016013711848,250.7150851723559,59114600
2019-03-06,248.73294067382812,250.3742544670684,248.41007542510283,250.36527686435716,75039800
2019-03-07,246.65213012695312,248.4279433078739,245.80905679774963,248.28443855282507,94885100
2019-03-08,246.15887451171875,246.32928473028312,244.32925011882517,244.7956201339422,85795800
2019-03-11,249.72850036621094,249.88993299300893,246.84950903868537,246.87641447648502,65098900
2019-03-12,250.67019653320312,251.19040478031002,250.09620478585603,250.28454283427982,79667500
2019-03-13,252.3294677734375,253.26223526485666,251.39670028201837,251.5581602847145,80639200
2019-03-14,252.16799926757812,252.7778740375843,251.72853470841738,252.3563373113988,67518400
2019-03-15,253.41387939453125,254.22462535705967,252.53105124035966,252.72024637494718,81309000
2019-03-18,254.33265686035156,254.6299477159504,253.40479818943265,253.63000687161,62199800
2019-03-19,254.3958740234375,256.1615034500296,253.50405590590307,255.39581546576423,90268100
2019-03-20,253.63006591796875,255.3867050444242,252.5220565381343,254.1795895258863,84609200
2019-03-21,256.4947509765625,256.90011021839473,252.76528100389675,252.81033924719029,79550400
2019-03-22,251.5581512451172,255.65693913191063,251.49508620284652,255.13446697482513,122659300
2019-03-25,251.36898803710938,252.4049427144172,250.1078246259824,251.21583400194012,85575200
2019-03-26,253.2427520751953,254.19763505610663,251.83745155644644,253.12563911674877,68125900
2019-03-27,251.91848754882812,253.81926358336898,250.369050339607,253.23369887450275,72224700
2019-03-28,252.8733367919922,253.32375420585268,251.39598197000436,252.5490494498353,56238500
2019-03-29,254.46786499023438,254.79215237439305,253.260749463698,254.3867931441947,82186800
2019-04-01,257.485595703125,257.7828865786894,256.19740855246874,256.4676754840088,77617900
2019-04-02,257.6116638183594,257.84588960444097,256.81892499588884,257.67472883634895,40070400
2019-04-03,258.0171203613281,259.224235717059,257.4135489378142,258.82786619830597,68243200
2019-04-04,258.70172119140625,258.95395382593165,257.6477599115769,258.34139278369787,48997500
2019-04-05,259.953857421875,260.00790530071373,259.0800467255943,259.36832040692826,58621700
2019-04-08,260.152099609375,260.2601953909309,258.872902047936,259.53052137413107,53566300
2019-04-09,258.81890869140625,259.51254176340643,258.2694125222834,259.18825435041,66142300
2019-04-10,259.70172119140625,259.791810186664,258.818893023963,259.2332694125867,52601500
2019-04-11,259.629638671875,260.1971691008526,259.0621082428974,260.1881519539477,55093100
2019-04-12,261.38623046875,261.6654870591576,259.6746498365206,261.2420936009112,69727800
2019-04-15,261.215087890625,261.5574095392261,260.4133316619226,261.4583034082265,49596700
2019-04-16,261.38623046875,262.15194555170166,260.791676198151,262.09789766267414,52153200
2019-04-17,260.7466735839844,262.53030909690517,260.3322697350052,262.5032851494761,58268300
2019-04-18,261.26007080078125,261.5303377065955,260.0349487998957,261.3321529721824,68708500
2019-04-22,261.4853210449219,261.63847506502617,260.40433572370114,260.49442470662734,40160100
2019-04-23,263.8365783691406,264.07080428337645,261.62053180568597,261.8547302286173,52246600
2019-04-24,263.2509765625,264.08874637015623,263.1068396883929,263.7554418762262,50392900
2019-04-25,263.0888671875,263.74648667544756,261.8997858066131,263.151932239352,57770900
2019-04-26,264.31396484375,264.386019537816,262.35914106238647,263.1338733529149,50916400
2019-04-29,264.72833251953125,265.2508321267672,264.3139561868012,264.40404516990714,57197700
2019-04-30,264.8634338378906,265.1517075672727,262.9717027806485,264.3859925010435,81111700
2019-05-01,262.8726501464844,265.70128514541994,262.86363299957645,265.4940832056484,71671900
2019-05-02,262.30499267578125,263.67427876012954,260.8096040523046,262.7554099422036,65030200
2019-05-03,264.8725280761719,265.1517847417606,262.41323849814745,263.78252536560603,56543700
2019-05-06,263.78240966796875,264.2238098506895,260.25112573232684,260.5664233591096,107198100
2019-05-07,259.37738037109375,261.97178922380755,257.467614824318,261.37723490411906,144729900
2019-05-08,259.0170593261719,260.72864014867525,258.4225049894771,259.0170593261719,91568300
2019-05-09,258.2333679199219,258.8369119830217,255.20654798317443,256.9451804502703,103471100
2019-05-10,259.5304870605469,260.28718492268956,254.30562921533232,257.29640706901097,112429300
2019-05-13,253.00840759277344,255.3776071301468,252.1706379629067,254.41373494425858,127290500
2019-05-14,255.29660034179688,256.8280306394036,253.90031726967817,254.02641985782168,77003200
2019-05-15,256.7919921875,257.4315772634387,253.4588920896291,253.66609401171596,73956400
2019-05-16,259.1701965332031,260.5304384583781,257.4225747303499,257.4946294219541,76749600
2019-05-17,257.49468994140625,259.98100350122996,256.846087599335,256.8641218949481,100353000
2019-05-20,255.79205322265625,257.6027124819979,255.04434494129077,255.89113185513074,62877600
2019-05-21,258.09820556640625,258.47654081398997,257.2333843036183,257.48561696577354,46847100
2019-05-22,257.3055114746094,258.26039439766816,256.82807001308,257.1433677687246,49482500
2019-05-23,254.16156005859375,255.1254324633682,252.74724273347388,255.08040171698275,98733800
2019-05-24,254.7381134033203,256.0173111653613,254.11653507060132,255.60290728268083,55268100
2019-05-28,252.36886596679688,255.97220519885195,252.3508591675034,255.01732250166108,70029400
2019-05-29,250.67530822753906,251.65721493237672,249.2700080360927,251.25185573751625,104972900
2019-05-30,251.3599395751953,252.269791543688,250.2609199914259,251.43199426486837,62523800
2019-05-31,247.97276306152344,249.63931278898636,247.94573911962053,248.81056024310132,86862800
2019-06-03,247.3422393798828,249.12587484626778,246.0089938617991,248.0088483932753,96428000
2019-06-04,252.711181640625,252.8463013603854,249.18891432529162,249.63933171869033,77231900
2019-06-05,254.90025329589844,254.92727724512184,252.5220632903335,254.3327228709053,71169700
2019-06-06,256.5577697753906,257.2333959536874,254.54892553301983,255.19752776383675,69430400
2019-06-07,259.12518310546875,260.2061961055513,257.4045849508437,257.5757458007118,74272200
2019-06-10,260.3142395019531,261.98078942020163,260.2241505215321,260.67456793234,60799100
2019-06-11,260.251220703125,262.50330815727335,259.6026184166782,262.1339625158368,58641300
2019-06-12,259.79180908203125,260.5755311039681,259.27832655341695,260.0170178235672,47096300
2019-06-13,260.8638610839844,261.22421717908406,259.99906693662774,260.7017173359757,48945200
2019-06-14,260.57550048828125,261.17904444955684,259.80978535876454,260.57550048828125,52324700
2019-06-17,260.6745910644531,261.44030622903506,260.50343023385363,260.80971080142655,39205700
2019-06-18,263.4041442871094,264.458133316418,262.1339636584768,262.49431964575285,85434800
2019-06-19,263.99871826171875,264.5302076436877,262.56639382733385,263.5392835877693,78674400
2019-06-20,266.52105712890625,266.92644391683694,264.0617949221299,266.6832283388617,116570000
2019-06-21,266.1335754394531,267.5094941837973,265.9163323811376,266.2512579710432,83309500
2019-06-24,265.80767822265625,266.65855597161146,265.65377932523637,266.34175242545973,47582700
2019-06-25,263.2006530761719,265.8891461105345,263.09203155963263,265.8619907313997,82028700
2019-06-26,262.93817138671875,264.60376601063865,262.8295498541817,264.09684710879384,51584900
2019-06-27,263.87054443359375,264.3774633381139,263.3183757652805,263.69855113116637,40355200
2019-06-28,265.22833251953125,265.7261903530985,264.33217736910836,264.8481295807128,59350900
2019-07-01,267.6363525390625,268.7769343345659,266.43239894936016,268.5596635580295,78705600
2019-07-02,268.3332824707031,268.38759324301185,266.7491538200057,267.5909984158022,61504500
2019-07-03,270.47857666015625,270.4966986632992,268.867293005705,269.01213090582485,40898900
2019-07-05,270.1708984375,270.33385839622804,267.9531346730237,269.24758758810736,51677300
2019-07-08,268.6862487792969,269.9897621701306,268.14311359561566,268.8582420478793,45841800
2019-07-09,269.02117919921875,269.3198883619145,267.4732673788795,267.5275781357333,41101300
2019-07-10,270.306640625,271.25713436614035,269.5553232105845,270.08939754131563,58448500
2019-07-11,270.9403076171875,271.18470609038985,269.93553071345565,270.9493686208283,50826100
2019-07-12,272.1532287597656,272.22566152144543,271.12129671836635,271.42906689299434,40326000
2019-07-15,272.2438049316406,272.587791549062,271.7368860086016,272.587791549062,33900000
2019-07-16,271.36566162109375,272.36140478369055,271.0578914844731,272.15319515082905,36650100
2019-07-17,269.5191345214844,271.50156073888,269.5191345214844,271.3386284093714,36036300
2019-07-18,270.5057678222656,270.88597081349883,268.5776803578232,269.0212274934216,51392600
2019-07-19,269.00311279296875,271.6282342722078,268.8311195033801,271.6010788909573,58678600
2019-07-22,269.6639404296875,270.2070757552025,268.88546764229045,269.40141995777003,43638100
2019-07-23,271.592041015625,271.592041015625,269.95360174897894,270.78641288658775,44564500
2019-07-24,272.8684387207031,272.8684387207031,270.7411746175419,270.8317017841682,47213200
2019-07-25,271.5648498535156,272.470066019694,270.75919420561445,272.4157552597237,55394100
2019-07-26,273.3844299316406,273.5835786563894,272.1261658014066,272.2529093648894,45084100
2019-07-29,272.8864440917969,273.3843295333311,272.3342755180086,273.2666470176047,38126500
2019-07-30,272.2166748046875,272.6240332315374,271.10324869630654,271.4834517363673,45849000
2019-07-31,269.23846435546875,272.6511473201297,267.21984978486825,272.46103201638994,104245200
2019-08-01,266.89404296875,272.3524976332888,266.0974479886819,269.3924494744152,142646600
2019-08-02,264.88433837890625,266.24216256795125,263.3273655371344,265.99776415892455,116749700
2019-08-05,256.9184875488281,260.892372596246,255.01752786298675,260.78375106419935,178745400
2019-08-06,260.521240234375,260.73851093150165,257.33488880161246,258.81039579143163,120711700
2019-08-07,260.6751708984375,261.4446103725473,255.3072442129039,257.44354168218393,140572300
2019-08-08,265.78961181640625,265.78961181640625,261.61657783559,262.1687465315291,87713900
2019-08-09,263.9791564941406,265.44560238852426,262.19587938954885,264.8481563528481,93730000
2019-08-12,260.765625,263.9700703060593,259.81513146006324,262.4764691718785,65527600
2019-08-13,264.8209533691406,266.26930462331774,260.1228797001237,260.46686623080353,94299800
2019-08-14,256.99090576171875,261.3721494020812,256.8641898428909,260.7656699423151,135622100
2019-08-15,257.6697998046875,258.565982676383,255.6240298665411,257.87800948700215,99556600
2019-08-16,261.4717102050781,261.90619630989795,257.7241018009672,259.3263521875103,83018300
2019-08-19,264.6218566894531,265.3007688833208,263.8162285844009,264.4951407782686,53571800
2019-08-20,262.5942077636719,264.6490389340067,262.4674918396257,264.11496460228994,51596400
2019-08-21,264.7304992675781,265.1016136143309,264.0696814702971,264.75765464965775,49524700
2019-08-22,264.6490173339844,266.07021351807236,262.87480116707053,265.4365786995359,51666400
2019-08-23,257.8508605957031,265.01112462198813,256.60165772038295,263.34552999656404,149161500
2019-08-26,260.7023010253906,260.7023010253906,258.5116653687146,260.04148316459356,72423800
2019-08-27,259.6794128417969,262.46749470133955,258.9190344141973,262.0963526786402,66668900
2019-08-28,261.5079040527344,261.67083632800075,258.2129040417699,259.0185596667051,59696700
2019-08-29,264.8481750488281,265.37321597709513,263.0648978183525,264.0697022845135,57899400
2019-08-30,264.7304992675781,266.3508164400091,263.7981276495006,266.33272206029176,62901200
2019-09-03,263.1826171875,263.94299567707674,261.8519479244874,263.0287458637237,69101400
2019-09-04,266.16986083984375,266.1879552243926,264.60382638840616,265.35517153491077,46887300
2019-09-05,269.59149169921875,270.505741263956,266.1335592315825,268.65912013072057,83258100
2019-09-06,269.7997131347656,270.4424366119935,269.2294500581553,269.90836229817734,49584300
2019-09-09,269.935546875,270.876952059632,268.9941140653553,270.78645251784974,51260300
2019-09-10,269.8721618652344,269.93553364138535,267.91689118337393,269.17512757759675,57947100
2019-09-11,271.79119873046875,271.8726648838631,269.5281579417055,270.1799147938697,68821100
2019-09-12,272.7326354980469,273.79172313296596,271.9360407085292,272.69641910988423,72908700
2019-09-13,272.5515441894531,273.5291931620798,272.180402229938,273.1761455816851,62104800
2019-09-16,271.7097473144531,272.5968692967688,271.0670514305876,271.4200714477773,58191200
2019-09-17,272.39776611328125,272.48826566485656,271.338650634696,271.51064398271427,41475500
2019-09-18,272.56060791015625,272.6692294359746,269.97167516979073,272.00841165390426,73375800
2019-09-19,272.54248046875,273.94558214926315,272.20755489582285,272.9498388074487,76560500
2019-09-20,271.2547912597656,273.4282622508574,270.46362073249094,273.1463237989638,89565000
2019-09-23,271.19110107421875,271.9095320231954,270.33626621153167,270.59089610131656,43476800
2019-09-24,269.0632019042969,272.673507976676,268.09924360560893,272.2824740494429,94869400
2019-09-25,270.6546936035156,271.100289191612,267.6627701128638,269.1450914601112,71854000
2019-09-26,270.09075927734375,270.87282694256567,268.6812058097561,270.6636835101628,56179700
2019-09-27,268.6357116699219,270.95468931981696,267.0806514770453,270.8455384312587,84746600
2019-09-30,269.8815002441406,270.5908281699355,269.1085356763078,269.1539943852734,51662400
2019-10-01,266.67138671875,271.4184369525393,266.45314046745057,270.76367044606576,88242400
2019-10-02,261.9607849121094,265.09821431351884,260.6694572690525,265.0891114666045,122539500
2019-10-03,264.10693359375,264.13421437759865,259.01430783890055,261.733394388604,85278800
2019-10-04,267.680908203125,267.9355381538089,264.7071634101348,264.7617527412515,65091200
2019-10-07,266.52593994140625,268.5084455962607,266.2440292191831,266.88061793215365,59610500
2019-10-08,262.3882141113281,265.4074176476115,262.35183047463295,264.67080858188825,95708100
2019-10-09,264.8800048828125,265.81668250831495,263.779642488408,264.4071285217881,62359400
2019-10-10,266.67138671875,267.55350232118553,264.63434769975464,264.7980323882292,55296300
2019-10-11,269.43603515625,271.67314311799345,269.30873405810314,269.4269323090313,98720400
2019-10-14,269.1358947753906,269.7906613399473,268.790319678461,269.11768908445055,40394800
2019-10-15,271.8004455566406,272.54615738895194,270.06349481421915,270.1817208062417,46754500
2019-10-16,271.3638610839844,272.0550111800969,270.92736860439646,271.3365803040101,48928200
2019-10-17,272.16424560546875,273.0372586742496,271.47309522670037,272.5279987380787,45736600
2019-10-18,270.9729309082031,272.2733615050628,270.1180958054572,271.62769763046424,64304000
2019-10-21,272.8098449707031,273.009913309205,271.85498975437696,272.29151006181155,39048600
2019-10-22,271.9187316894531,273.6374771193446,271.82778646373816,273.3464634980912,48594700
2019-10-23,272.70989990234375,272.7644614867511,271.45492795580265,271.66409919775487,34352200
2019-10-24,273.1553955078125,273.79198409648734,272.3278414435656,273.6464773404309,35453100
2019-10-25,274.2740173339844,274.8196608389771,272.527963668524,272.58252524376513,45205400
2019-10-28,275.82000732421875,276.3201921595279,275.4653570434433,275.4926378342722,42147000
2019-10-29,275.7381896972656,276.66579217386277,275.4198952739742,275.5472241443257,44284900
2019-10-30,276.5838928222656,276.95672100272753,274.62866794732867,275.93820126006324,49643900
2019-10-31,275.84722900390625,276.57476285774817,274.39221680138,276.57476285774817,69053800
2019-11-01,278.4026184082031,278.44807712573447,277.1294412864276,277.29315372520506,71141500
2019-11-04,279.5212097167969,280.09413397670744,279.1483538055443,279.9577300463906,60606900
2019-11-05,279.2120361328125,280.02141242557303,278.9210225610841,279.72129600704636,42933200
2019-11-06,279.2757263183594,279.54853422165763,278.3299459992849,279.2120618900617,46487100
2019-11-07,280.2578430175781,281.59465715586936,279.78496676724404,280.6125210197655,54272300
2019-11-08,280.9490051269531,281.0035667061069,279.2120541836701,279.9122796178653,49032100
2019-11-11,280.4124450683594,280.5852326412768,279.4302812062415,279.566712897289,35797300
2019-11-12,281.0035400390625,281.9038337622453,280.2305474042965,280.7761908966361,46484600
2019-11-13,281.0944519042969,281.49458856771133,279.78491877904554,280.0122678945048,53917700
2019-11-14,281.503662109375,281.5855322127574,280.1759510531311,280.8125396739401,51219900
2019-11-15,283.5407409667969,283.58619969051864,282.14936543945174,282.8404879039471,62023600
2019-11-18,283.74993896484375,283.9863909798559,282.84964514242654,283.3043434773983,49228000
2019-11-19,283.6681213378906,284.3592717481603,283.02245741663603,284.35016889984007,67804700
2019-11-20,282.6131286621094,283.5952923830595,281.0580684819456,283.07692973881234,79406200
2019-11-21,282.158447265625,282.8314195597847,281.35820164303874,282.72229641818564,54664700
2019-11-22,282.7860412597656,283.0406712717631,281.7766240612511,282.90426729258405,44850200
2019-11-25,284.9776306152344,284.9776306152344,283.71358367271534,283.71358367271534,48647200
2019-11-26,285.623291015625,285.8051814488202,284.6957164125303,285.0140107943301,37569000
2019-11-27,286.89642333984375,286.89642333984375,285.88697877404934,286.10522505743006,44444600
2019-11-29,285.83245849609375,286.57817040881315,285.6051093338683,286.3326155519564,36592700
2019-12-02,283.4043273925781,286.15069472322455,282.9769099443492,286.08703031011913,75767800
2019-12-03,281.503662109375,281.5855322127574,279.30293822530007,280.6852108487473,73941700
2019-12-04,283.2406005859375,283.8408055521402,282.2039031007338,282.54947817999374,49080000
2019-12-05,283.74993896484375,283.95911018986095,282.44040553991834,283.9409322473923,40709000
2019-12-06,286.3417053222656,286.7418420497151,285.65055501983795,285.6596578667379,48927000
2019-12-09,285.44140625,286.62361071654885,285.3686389813186,285.95066612044394,34838500
2019-12-10,285.1231384277344,286.0507130453857,284.4683717115734,285.3868712342311,52649800
2019-12-11,285.9325256347656,286.1871556033424,285.04130686845446,285.5778475967917,53429100
2019-12-12,288.3969421386719,289.17900987699994,285.7051360299545,285.94156026923116,96389600
2019-12-13,288.5697326660156,289.79742361331523,287.38750044719393,288.1604930993886,81503900
2019-12-16,290.55224609375,291.1433483991358,288.506103515625,290.2976161274645,82749700
2019-12-17,290.6158752441406,291.2342582653961,290.53403288126106,290.9341696015044,61097700
2019-12-18,290.634033203125,291.23423824222414,290.5794716316232,291.0068891101069,48133000
2019-12-19,291.8253479003906,291.8981151659742,290.57037621858717,290.825006142969,85310500
2019-12-20,293.1047058105469,294.23789247972303,291.88012682214224,292.857943759728,147142100
2019-12-23,293.552490234375,293.94544652687995,293.4062681022527,293.8906167134616,52990000
2019-12-24,293.5617370605469,293.82673861863617,293.2601450957839,293.7810563883531,20270000
2019-12-26,295.12445068359375,295.1335982854988,293.93643377520567,293.9455534880805,30911200
2019-12-27,295.05133056640625,295.9103684888994,294.52129953864886,295.8555386546152,42528800
2019-12-30,293.4245910644531,295.2706214297429,292.9402423613774,295.13354687019796,49729100
2019-12-31,294.13751220703125,294.38427439178196,292.5748058894299,292.9220801575714,57077300
2020-01-02,296.8882751464844,296.90657035438716,294.74982749958843,295.67284304951437,59151200
2020-01-03,294.6401062011719,295.7641735797391,293.44294167338677,293.49777150755784,77709700
2020-01-06,295.76409912109375,295.84634385164514,292.7665868662051,292.88539410667613,55653900
2020-01-07,294.9324645996094,295.6726950341624,294.48465056571524,295.19746609117453,40496400
2020-01-08,296.50439453125,297.7198263343244,294.87771109631456,295.12444534201336,68296000
2020-01-09,298.514892578125,298.58801761539866,297.4822175666189,298.06710630868724,48473300
2020-01-10,297.6558532714844,299.2551218137174,297.1897996894312,299.0997799160431,53029300
2020-01-13,299.7029113769531,299.7120310890485,297.8477611357546,298.2772800531271,47086800
2020-01-14,299.2459411621094,300.3151505804677,298.6884674529028,299.264208473107,62832800
2020-01-15,299.9221496582031,300.68064734274424,299.07225965420616,299.15450437501033,72056600
2020-01-16,302.41705322265625,302.41705322265625,301.07366684721774,301.3021337281493,54050300
2020-01-17,303.3583984375,303.56857016247767,302.3531383755547,303.1299315092865,95846000
2020-01-21,302.76434326171875,303.56855126120206,302.3257046358388,302.398801777143,77742400
2020-01-22,302.80096435546875,304.2723060684874,302.64562244176034,303.62343982713384,48914900
2020-01-23,303.148193359375,303.5594449783584,301.03716121185505,302.15208091700214,51963000
2020-01-24,300.45220947265625,303.88836021472963,299.1636529443787,303.8061154859915,87578400
2020-01-27,295.63616943359375,297.116630487524,294.86852399411237,295.2066505448216,84062500
2020-01-28,298.73419189453125,299.61149697791484,295.72755969424713,297.0617985757093,63834000
2020-01-29,298.4874267578125,300.32430953188833,298.2863747731424,300.0958426351734,53888900
2020-01-30,299.4561462402344,299.66634584075405,295.67274865407313,296.4220989348696,75491800
2020-01-31,294.0186767578125,298.9901194730198,293.1048090217675,298.8347496867189,113845600
2020-02-03,296.2027893066406,298.0670871911225,295.3803139687608,295.49912122993766,69083000
2020-02-04,300.7172546386719,301.5854399692841,299.492675464825,299.8125346860519,62573200
2020-02-05,304.1898498535156,304.40004936825125,302.1885061654508,303.6506715042541,65951100
2020-02-06,305.2135314941406,305.40543589404376,304.1351464583818,305.14955406449695,50359700
2020-02-07,303.5868835449219,305.22268676878366,303.0385573065691,304.1534770985751,64139400
2020-02-10,305.8531799316406,305.91715735245873,302.66379115886144,302.70035366918944,42070000
2020-02-11,306.3833312988281,307.99171968195316,305.85327235048885,307.2058067510786,54864500
2020-02-12,308.35723876953125,308.5674104828042,307.4524908196525,307.81803230663076,43992700
2020-02-13,308.0282897949219,308.99698746751847,306.6574880443758,306.9316372388718,54501900
2020-02-14,308.5216369628906,308.64044418603436,307.2422281925336,308.43939224433404,64582200
2020-02-18,307.7267150878906,308.58575305311757,306.3376181795073,307.52566305583684,57226200
2020-02-19,309.1979675292969,309.8742206443196,308.41205476200304,308.6953514933789,48814700
2020-02-20,307.9277038574219,309.4721423570291,304.9393389090685,308.64963919276863,74163400
2020-02-21,304.7566223144531,306.88592186587607,303.9341190417113,306.57521018265294,113788200
2020-02-24,294.64923095703125,304.82970245486194,293.5708458942109,295.307216805096,161088400
2020-02-25,285.720703125,296.65055194836293,284.84339802698764,296.0382762665826,218913200
2020-02-26,284.6698303222656,290.71048331893326,283.93874721059854,287.1189894242867,194773800
2020-02-27,271.8847351074219,284.72456262234533,271.8847351074219,279.14996516623097,284353500
2020-02-28,270.742431640625,272.23204033235453,260.9457695802284,263.833594623337,384975800
2020-03-02,282.4673767089844,282.53135414421934,269.0974871963839,272.5244912250123,238703600
2020-03-03,274.3796691894531,286.80827729307117,271.9396576937883,282.84209424548885,300139100
2020-03-04,285.9126281738281,286.1319753809504,277.20347032348707,279.753168952443,176613400
2020-03-05,276.408447265625,281.9008016738092,274.16948788672306,278.711411972993,186366800
2020-03-06,271.83905029296875,273.0453622263488,265.23180535005173,267.9002831419246,228667200
2020-03-09,250.6099090576172,259.71202207505866,249.89709348195655,251.58772614350622,309417300
2020-03-10,263.57769775390625,263.6690622000133,249.94278128953638,260.12327944250404,276444100
2020-03-11,250.7286834716797,257.65581500361225,247.54844229941548,256.5226281848996,255316300
2020-03-12,226.7397003173828,243.69194779831977,226.3467299817304,233.95011542645673,392220700
2020-03-13,246.1229248046875,248.09688293794719,227.1144685154295,240.42951739409546,329566100
2020-03-16,219.19117736816406,234.7726107780124,216.91564173418007,220.40660915986865,297240000
2020-03-17,231.02569580078125,234.10543861156927,216.6505646139592,223.93407541358795,262070500
2020-03-18,219.3282470703125,226.97731522464503,208.38011597518343,215.90124320983887,327597100
2020-03-19,219.7943115234375,226.0725919909202,212.21835456333,218.64284326233184,289322000
2020-03-20,210.3224334716797,224.72694441324552,210.04665824854578,222.94361386702494,347158800
2020-03-23,204.94488525390625,211.13137648969655,200.6336404665036,209.76171566084122,326025200
2020-03-24,223.51358032226562,224.38687102789407,214.91868012837566,215.4886054086695,235494500
2020-03-25,226.859619140625,235.6475802643827,220.38816470935495,225.0946770230059,299430300
2020-03-26,240.10585021972656,241.57661392737845,228.93705947674567,229.36910403044877,257632800
2020-03-27,232.9541778564453,239.74737193984004,230.77558000293203,232.8162972428731,224341200
2020-03-30,240.51953125,241.2365384930664,233.0552948085847,235.05004716701424,171369500
2020-03-31,236.93446350097656,242.06381801054945,235.52802532472109,239.51752951061562,194881100
2020-04-01,226.2713165283203,236.85179642878717,224.20302290730638,227.95353035659332,189554600
2020-04-02,231.49256896972656,232.27391576246694,224.8372560253544,225.38880648912135,177660400
2020-04-03,228.14654541015625,232.8622586960982,225.4163970895069,230.50898872250409,135561200
2020-04-06,243.47032165527344,245.43751218467895,228.12819082195605,237.01725559130563,188061200
2020-04-07,243.71853637695312,252.81902284832933,243.4979273640559,252.06523798355965,201427200
2020-04-08,251.8997344970703,253.71064128342437,243.8287956537258,246.31993213901734,153774500
2020-04-09,255.7329864501953,258.49071084159345,253.22344715493466,255.16303317810022,189999200
2020-04-13,253.39810180664062,255.09870410198187,249.4913256390023,254.75858925351815,114839100
2020-04-14,260.87152099609375,261.8918654699185,253.26020343605688,258.2884549436128,134143400
2020-04-15,255.32855224609375,261.0094585224513,253.21427976364757,255.1538941002778,121775000
2020-04-16,256.56024169921875,257.4151293397029,253.48997925212333,256.60619254108764,131798300
2020-04-17,263.49139404296875,264.09806873944035,259.59379105102954,262.3331407891114,146684800
2020-04-20,258.8492736816406,263.6293418674101,258.6286646448618,259.78689014098177,100109300
2020-04-21,250.98971557617188,255.5859232329497,250.05207126025303,254.38171907111592,126385700
2020-04-22,256.56024169921875,258.30679448549233,254.54710109226127,255.87081075308308,92951600
2020-04-23,256.5418395996094,261.00936672997125,256.2385023258337,257.8379731481398,104709700
2020-04-24,260.11767578125,260.7887319364583,256.00866661684114,258.0585845312066,85063200
2020-04-27,263.8681945800781,264.9896700484018,261.6344450330701,262.09406566675983,77896600
2020-04-28,262.65496826171875,267.86705353120357,262.3516027595808,267.5177371605155,105270000
2020-04-29,269.5308532714844,271.065999266743,266.9569877110257,267.98653393520914,118745600
2020-04-30,267.0212707519531,269.63191314520935,265.2838909183048,268.1519197995434,122901700
2020-05-01,259.9522705078125,267.1866954796315,258.78481603360234,262.2687486221893,125180000
2020-05-04,260.6693115234375,260.9726488665371,256.58787713450204,258.06784244223917,80873200
2020-05-05,263.0777893066406,265.89066671721116,260.79805974874677,263.4914593006196,79569900
2020-05-06,261.29437255859375,265.1643710660051,260.8623279708527,264.77830538088773,73632600
2020-05-07,264.4473876953125,266.3778004537861,263.9418160920804,264.5117413329673,75250400
2020-05-08,268.8229064941406,269.2917284965723,266.45124842032664,267.58192522789057,76452400
2020-05-11,268.878173828125,270.2570362580128,266.4697652724054,266.8926085627232,79514200
2020-05-12,263.5189514160156,270.47758767684087,263.3810427599695,270.0639458677684,95870800
2020-05-13,258.8583984375,263.9969547866996,256.4315875392969,262.95820745768185,144721100
2020-05-14,261.95623779296875,262.08491700872327,250.94371509495167,256.4224143490226,121977900
2020-05-15,263.16046142578125,263.2064122806066,258.6194060692483,259.5662237134552,111146300
2020-05-18,271.1762390136719,272.78491161799025,269.06199481206295,269.3837068905075,119703800
2020-05-19,268.3910217285156,272.28859787115033,268.3726469921375,270.5788216379113,95189300
2020-05-20,272.95037841796875,273.81446769296434,271.7002234133943,271.9300337939139,85861700
2020-05-21,271.06597900390625,273.63067103163144,269.9720792092253,272.82173390080567,78293900
2020-05-22,271.5807189941406,271.755377128521,269.5400016819818,270.7809833540963,63958200
2020-05-26,274.92669677734375,277.7855520274972,271.59904750423533,277.54654029417327,88951400
2020-05-27,279.01739501953125,279.05417253749494,272.8952427443175,277.72126102832135,104817400
2020-05-28,278.5025634765625,282.06002314727544,277.8315071665672,280.04688227031033,90405200
2020-05-29,279.74359130859375,280.3318913047763,275.2852642429645,278.03378746198035,119090800
2020-06-01,280.87420654296875,281.48090925059915,278.58530436878937,279.100077323199,55758300
2020-06-02,283.1998596191406,283.24583851794176,280.4605383804992,281.7934214913829,74267200
2020-06-03,286.96881103515625,287.92483007098406,284.9097190069347,285.18548024177693,92567600
2020-06-04,286.215087890625,287.7226577738084,284.1192178954162,285.9852774610932,75794400
2020-06-05,293.5505676269531,295.324696931107,291.5466279553278,291.6109815909454,150524700
2020-06-08,297.0988464355469,297.2918792842742,293.817147742069,294.35949682860377,73641200
2020-06-09,294.883544921875,297.1724477167715,293.56900800568155,294.43309742484524,77479200
2020-06-10,293.23809814453125,296.35434092882565,292.5210907508132,295.4626753703402,95000800
2020-06-11,276.3331298828125,286.9411829598361,275.7816075129834,286.3069041815128,209243600
2020-06-12,279.6424255371094,284.11912678025476,274.48549461766504,283.3469673510181,194678900
2020-06-15,282.2530212402344,283.38369810345534,272.7756459737203,273.9522736793171,135782700
2020-06-16,287.685791015625,290.14937937635153,282.82302403325144,290.0022973807095,137627500
2020-06-17,286.49072265625,289.0002612917581,285.75531284673434,288.70609736795177,83398900
2020-06-18,286.6011047363281,287.0791002022098,284.5144366960276,284.97405743157583,80828700
2020-06-19,284.96319580078125,290.26285198086515,283.01504638164135,290.0689696801593,135549600
2020-06-22,286.7913513183594,287.1883578938626,283.21823578587436,284.3631024413638,74649400
2020-06-23,288.111572265625,290.3736357062622,287.70532390749855,289.4411072237713,68471200
2020-06-24,280.7622375488281,286.6897503140339,278.92490610868884,286.0711358531049,132813500
2020-06-25,283.7721252441406,284.03988623160495,278.16776915357684,280.18976894126644,89468000
2020-06-26,277.0321350097656,282.88579689027085,276.45048811590635,282.67343082724625,127961000
2020-06-29,281.1038818359375,281.2423692160098,275.9981071297797,278.2878684607212,79773300
2020-06-30,284.7046813964844,286.4035537681701,280.5129799461542,280.6699229107989,113394800
2020-07-01,286.6990051269531,287.9639317029631,285.3602561815504,285.8218995785466,72396500
2020-07-02,288.27777099609375,291.4815764666122,287.61300354993097,290.13355781025984,69344200
2020-07-06,292.7279968261719,293.30967187564966,291.35230884827496,292.1001687186121,61713800
2020-07-07,289.7088623046875,293.1619451017001,289.3303114252415,291.1861264698139,82910000
2020-07-08,291.9247741699219,292.0355640626978,288.71175457352604,290.4752073276655,54638600
2020-07-09,290.2628479003906,292.7741885974815,286.84667618527334,292.53412506328704,83354200
2020-07-10,293.2265319824219,293.49429293476067,288.7670709526723,290.19815363911744,57550400
2020-07-13,290.6875,297.9537597898529,290.0319745156313,295.5716931672863,102997500
2020-07-14,294.45458984375,295.2301472460135,288.06543384919064,289.26569521963995,93657000
2020-07-15,297.15985107421875,298.2585645791441,294.7777554407008,297.67688940871585,87196500
2020-07-16,296.18115234375,296.6335538163291,294.61155366216747,295.25786563140133,54622500
2020-07-17,297.03973388671875,297.8245330469586,295.21161647331553,297.1874631078848,62774900
2020-07-20,299.44036865234375,300.18822867354294,296.024196371045,296.77205639224417,56308800
2020-07-21,300.0774230957031,301.8501178028075,299.08949955212785,301.40695821426857,57292200
2020-07-22,301.78546142578125,302.09940368262994,299.6065184526506,299.7173083426101,57792900
2020-07-23,298.1845703125,302.1270213059348,296.818124462174,301.42531461968196,75738000
2020-07-24,296.26422119140625,297.2890558358542,294.75925946179956,296.328858018481,73766600
2020-07-27,298.4247131347656,298.60013985296814,296.16264956413676,296.95669073754914,48293000
2020-07-28,296.531982421875,298.81250154862204,296.2365239348657,297.69530442770673,57495000
2020-07-29,300.178955078125,300.74217459378013,297.37215573588736,297.4090950917843,48454200
2020-07-30,299.1078796386719,299.5233698245188,295.1193034662908,297.2059117473767,61861700
2020-07-31,301.4715270996094,301.5731032762325,296.6796674453573,300.8990939222795,84986800
2020-08-03,303.5674133300781,304.3337288211006,302.58873177456934,303.1334674949773,53077900
2020-08-04,304.739990234375,304.739990234375,302.70874832852365,302.70874832852365,41917900
2020-08-05,306.6326599121094,306.89120717639355,305.77401024648213,306.04177121558547,42697700
2020-08-06,308.682373046875,308.8024048039593,305.72787305800415,306.05102897866146,43679400
2020-08-07,308.9040222167969,309.1902388250722,306.8081434818142,307.71297454516787,57308300
2020-08-10,309.8273620605469,310.0120025169385,307.41756883105035,309.35647677026515,44282100
2020-08-11,307.2698059082031,311.6462040748988,306.5404296941491,311.0091339906926,69601100
2020-08-12,311.5538330078125,312.32939037175544,309.67956233416606,309.7072598051472,53774400
2020-08-13,310.9906921386719,312.3017718416144,310.06740530395905,310.7875679079759,41816100
2020-08-14,310.9999694824219,311.53549168644105,309.8735582885843,310.602962860585,47260400
2020-08-17,311.98779296875,312.3847994629521,311.0091113811264,312.0154904409857,35481000
2020-08-18,312.6617736816406,313.0864776091208,310.7874749185557,312.38477080822076,38733900
2020-08-19,311.35992431640625,313.557322573065,310.79670488557355,313.04028437426666,68054200
2020-08-20,312.3293762207031,312.8094750881142,309.50412160274976,309.63336706931557,42207800
2020-08-21,313.4374084472656,313.6589882595692,311.65544353506925,311.99708331433936,55106600
2020-08-24,316.613525390625,316.68737593780014,313.40971903177535,315.8748790364872,48588700
2020-08-25,317.72137451171875,317.8044669230327,316.0132886974553,317.17663880879144,38463400
2020-08-26,320.9067687988281,321.17450165786835,317.76759961775787,318.3123353958914,50790200
2020-08-27,321.6083984375,323.05796511433385,319.94649388256835,321.7746114341692,58034100
2020-08-28,323.68585205078125,323.8151257187456,321.4422720409016,322.63331982174736,48588900
2020-08-31,322.5132751464844,324.35060666428654,322.28245347132435,323.4735012045628,66099200
2020-09-01,325.5509033203125,325.6524513348711,322.4486452873158,323.3442345333608,54908700
2020-09-02,330.2596435546875,331.22908325949226,326.31719155514446,327.46208615275333,69540000
2020-09-03,318.89398193359375,329.04089295769626,316.30876246960275,328.57000776099846,148011100
2020-09-04,316.2903137207031,321.14678232846006,309.1809952615708,319.5772119329768,139156300
2020-09-08,307.6483459472656,316.3549607309717,307.3436737413122,310.8798493187982,114465300
2020-09-09,313.7236022949219,316.18876205705584,310.78752911291656,311.65542088332745,91462300
2020-09-10,308.2761535644531,316.25333454581227,307.3159276821659,315.59780899777945,90569500
2020-09-11,308.43316650390625,311.11993430191217,305.6079113300187,310.05816018485217,84680200
2020-09-14,312.49554443359375,314.26826693128163,308.58081864580447,311.5999553914097,65605700
2020-09-15,314.0744323730469,315.78249013570075,312.504833796234,314.9515377853473,52920900
2020-09-16,312.82794189453125,316.74266767813356,312.5509390358151,315.31158485907184,82096000
2020-09-17,310.07659912109375,311.79392701921023,307.4452264147787,307.97150659133644,91523300
2020-09-18,306.5067138671875,310.99330512694877,304.02240791405023,310.8820717692347,105877900
2020-09-21,303.0954284667969,303.2437490415965,298.2380498714508,301.91817103397455,99450800
2020-09-22,306.1822509765625,306.7384460300399,302.06644718578764,304.5785896576303,63612100
2020-09-23,299.0816650390625,307.0166334444668,298.5810865385112,306.7385217044883,93112200
2020-09-24,299.8788757324219,302.9379070439711,296.44902874373327,297.7653565033435,76681300
2020-09-25,304.72705078125,305.5149634904111,298.15474645280483,299.0260842150794,71069400
2020-09-28,309.7882995605469,310.5020659374077,307.8972472441894,308.8891253586317,64584600
2020-09-29,308.10113525390625,310.32588735238784,307.4058984550522,309.58431274931326,51304000
2020-09-30,310.43719482421875,313.58892978637374,308.5739508757094,308.76860928712824,104081100
2020-10-01,312.43017578125,314.0060289873834,310.5484025217798,313.03270872151455,88698700
2020-10-02,309.4638366699219,312.40238366370073,307.00733868479756,307.48010881582076,89431100
2020-10-05,314.95159912109375,315.1369786568774,311.47541457094957,311.5217523825799,45713100
2020-10-06,310.4741516113281,317.1855221955296,309.9643227003537,315.0905333024478,90128900
2020-10-07,315.8785400390625,316.68501022213155,313.403484518265,313.43129285943087,56999600
2020-10-08,318.6781005859375,318.74299616214427,316.8982814154723,317.8160134938171,45242500
2020-10-09,321.5239562988281,321.98744765048014,319.7070781213472,320.3281406905713,59528600
2020-10-12,326.6964416503906,328.1703404575897,323.5725150946358,324.0638146970355,80388500
2020-10-13,324.56439208984375,326.73352777746965,323.6003223544785,326.55739883670304,73255500
2020-10-14,322.52508544921875,326.23301626563176,321.7927894812495,325.139183464214,57727900
2020-10-15,322.12640380859375,322.60842450210197,318.07549499777156,318.61313237555913,60357700
2020-10-16,321.9317932128906,325.1391450693449,321.7556642567683,323.4798383039487,89501900
2020-10-19,317.0372619628906,323.8227516799886,316.1380878968359,323.1924104328647,68425600
2020-10-20,318.3072204589844,321.55165885307974,317.6212625367953,318.381366603576,60051900
2020-10-21,317.7047119140625,320.43004263717467,317.39879185718223,318.26087876428136,63575000
2020-10-22,319.44732666015625,320.0313299802922,315.776485019769,317.91781166743255,55399300
2020-10-23,320.5319519042969,320.726610274408,318.07545436489823,320.6709935972334,49143900
2020-10-26,314.6086120605469,317.9364759234132,311.1138698437013,317.14853512100905,91473000
2020-10-27,313.52398681640625,315.285247709324,313.3107706813909,314.95154762591665,65994100
2020-10-28,302.8080749511719,313.5517975998681,302.3167754094889,307.85086148317663,127094300
2020-10-29,305.8857116699219,309.0559761451705,301.35275342695843,303.0398684553781,90597700
2020-10-30,302.6968994140625,305.6168888814722,299.0445857878949,304.3098400497384,120287300
2020-11-02,306.0896911621094,308.0919488492275,303.3458020708051,306.0896911621094,86068300
2020-11-03,311.49395751953125,313.55185999385526,306.173086523715,309.3248216610703,93294200
2020-11-04,318.4555969238281,322.5343145343358,314.7940044922087,315.97126216053266,126959700
2020-11-05,324.66644287109375,326.4740706248188,323.3872020963677,323.739460082367,82039700
2020-11-06,324.59222412109375,325.8436562639265,322.26548878904805,324.3790079432216,74973000
2020-11-09,328.6708984375,337.77387297534375,328.20740720794697,337.3938067723991,172304200
2020-11-10,328.18890380859375,329.24564918548936,324.9166565996286,327.6790464420353,85552000
2020-11-11,330.6269226074219,331.4519224764257,329.13446579265536,330.3766191804443,58649000
2020-11-12,327.4195861816406,330.6733048553963,325.61198669898636,329.6165308867587,67546200
2020-11-13,331.95245361328125,332.6940283304285,328.80996922022456,329.3290771800801,62892200
2020-11-16,336.0960388183594,336.2906972148393,333.33362089104185,334.622140095063,74541100
2020-11-17,334.2884216308594,335.49351584362677,332.17490268135197,333.68588866910596,66111000
2020-11-18,330.26531982421875,335.1041695450707,330.2282326036911,334.55725327164475,70591300
2020-11-19,331.65576171875,332.02654902065063,328.2908110827179,329.6349468775226,59940900
2020-11-20,329.3846435546875,331.60014506825297,329.3104974100037,331.39620780880034,70417300
2020-11-23,331.35919189453125,332.6199029395009,328.95831035799966,331.19234181614615,63230600
2020-11-24,336.6986083984375,337.24552471708824,333.05557370732873,333.9083818251607,62415900
2020-11-25,336.179443359375,336.6429345632087,335.0856109077494,336.615126222549,45330900
2020-11-27,337.11572265625,337.5884644727242,336.1052868833564,337.2732938319882,28514100
2020-11-30,335.6232604980469,336.60585962287183,332.9442959525929,336.33702679385095,83872700
2020-12-01,339.2940979003906,340.83289212462,338.2836904492131,338.87697278160647,74231400
2020-12-02,340.0079040527344,340.16547522877676,337.6070228786699,338.18174747696014,45927000
2020-12-03,339.9151611328125,341.30563466169116,338.81204987009494,339.9058822567246,62882000
2020-12-04,342.8445129394531,342.8445129394531,340.4065442272832,340.4992481431544,50749900
2020-12-07,342.139892578125,342.63119206392616,340.86993135761554,342.074997027919,48944300
2020-12-08,343.14117431640625,343.7066201446968,340.82371772977626,340.87005554580287,42458900
2020-12-09,340.0634765625,343.9567854109432,339.2291981156376,343.7992142553695,74098300
2020-12-10,339.9523010253906,340.9997674831479,337.8202243105125,338.6915901201066,57735400
2020-12-11,339.5536804199219,339.9615549854479,336.7356739717107,338.255910570185,57698600
2020-12-14,338.03350830078125,342.7981845770824,337.85737932801413,341.7229095602371,69216200
2020-12-15,342.6034851074219,342.6034851074219,339.2014749129828,340.5733910132798,63865300
2020-12-16,343.14117431640625,344.0588780721469,341.93607991779965,342.81672473642504,58420500
2020-12-17,345.0600280761719,345.263965399899,343.95691641000235,344.7819445843925,64119500
2020-12-18,343.6822204589844,345.51616164558806,341.67139953282106,345.3486003375375,136542300
2020-12-21,342.4533996582031,352.3213066638467,337.0260664305187,339.7630149194955,96386700
2020-12-22,341.8761901855469,342.8909048278069,340.74976800980517,342.7791972943252,47949000
2020-12-23,342.18341064453125,344.0918139440392,341.8575780688017,342.84436581711367,46201400
2020-12-24,343.5145263671875,343.5424532410676,342.07159053364666,342.6580548851289,26457900
2020-12-28,346.46563720703125,346.85661348489737,345.4416043676414,346.0653140903759,39000400
2020-12-29,345.8046875,348.16926748527214,345.2181946161471,347.9923877771309,53680500
2020-12-30,346.29815673828125,347.3315083324772,345.90718033712307,346.62398934581523,49455300
2020-12-31,348.05755615234375,348.7836834268124,345.5905871051007,346.1025893642061,78520700
2021-01-04,343.319091796875,349.5191144538357,339.6232833911593,349.3887700821715,110210800
2021-01-05,345.6837158203125,346.7729211198693,342.63025338281886,342.67681712955124,66426200
2021-01-06,347.7503967285156,350.9435220537929,343.62636577991566,344.17561345030657,107997700
2021-01-07,352.9170837402344,353.6618195734626,349.94740201873657,350.12428175085216,68766800
2021-01-08,354.92791748046875,355.14201412513074,351.0552285052697,354.3041791798379,71677200
2021-01-11,352.53533935546875,354.294789546003,351.6323323911676,351.7533583363595,51034700
2021-01-12,352.6098937988281,353.62460854416884,350.36633924065404,352.7216297535115,52547700
2021-01-13,353.55938720703125,354.55546486987174,351.75337320210355,352.5353542542608,45303600
2021-01-14,352.32122802734375,354.80683398556437,351.9861054675014,354.3041217359534,49989100
2021-01-15,349.7519226074219,351.5020547003936,347.8900545677973,350.70146508008384,107160000
2021-01-19,352.4981689453125,353.0381265986138,350.72939994936974,352.2095816653885,51233300
2021-01-20,357.3762512207031,358.21408610198193,354.39725118743416,354.7882275407677,61836100
2021-01-21,357.7020263671875,358.36300987967786,356.7804109135132,357.93475983810305,47840100
2021-01-22,356.4359436035156,357.5996108721701,355.46776448123836,355.8494507545385,52860500
2021-01-25,357.8417053222656,358.1954363497445,352.3212455515999,357.1714317593944,70402000
2021-01-26,357.2831726074219,359.2008944003585,357.0504391042999,358.79128116207573,42665300
2021-01-27,348.5509338378906,354.0527561056327,346.3166983590229,353.95965704196203,123351100
2021-01-28,351.54852294921875,355.5515267830559,349.92870728592044,350.3662188829247,94198100
2021-01-29,344.5107421875,350.65491209093165,342.83504399028214,349.6867328043069,126765100
2021-02-01,350.2452697753906,351.2785927627981,344.7993008040637,347.90861660624154,75817600
2021-02-02,355.1977233886719,356.7523950871064,350.3289585733125,353.4289551326765,64450700
2021-02-03,355.47705078125,357.1992838651661,354.2016761156529,356.0262982732305,52427100
2021-02-04,359.51739501953125,359.563930354463,355.5888524983493,356.5104680448607,47142600
2021-02-05,360.9324035644531,361.6399224767463,359.47085881489795,361.3885805309923,48669800
2021-02-08,363.53900146484375,363.58553679527535,361.52818085884974,362.3846241257551,38365200
2021-02-09,363.2970275878906,363.89283904052365,362.2916312738895,362.70121613525754,35551100
2021-02-10,363.13873291015625,365.18679913439,360.7369356197839,365.0378462808228,59154400
2021-02-11,363.7252197265625,364.6375452854998,361.2954955929545,364.21861361632875,42913300
2021-02-12,365.5219421386719,365.7639656617887,362.8501376743546,362.92462830443,50593300
2021-02-16,365.205322265625,366.94619235443565,364.48851345953494,366.75067579926497,50972400
2021-02-17,365.28924560546875,365.5405875852445,362.44056111873977,363.45530428971625,52290600
2021-02-18,363.73455810546875,364.47929399166895,360.9603643711448,362.68259806906747,59712800
2021-02-19,363.09210205078125,365.2798021216173,362.64524360763886,364.99121492183093,83241000
2021-02-22,360.2993469238281,362.71046232061997,360.02936813751376,360.3272738044918,67414200
2021-02-23,360.73687744140625,362.08674292738397,353.9410715012877,358.0930286391464,107284100
2021-02-24,364.7119445800781,365.1401946066292,358.6608745485557,359.64766215783163,72433900
2021-02-25,355.9239807128906,364.81441738369665,354.4810443890207,363.4459432788632,146670500
2021-02-26,354.0899963378906,358.9494723193458,352.1071310412466,357.8044418312601,152701600
2021-03-01,362.6732177734375,363.92069420530373,354.28552261817083,358.95880058810565,105348800
2021-03-02,359.84326171875,363.12945783435276,359.3405493685015,362.8967243179224,79595300
2021-03-03,355.07684326171875,360.11317098093735,354.97442575307235,359.1450201183431,119940200
2021-03-04,350.682861328125,357.47866839991167,346.1957524741158,354.89067292653556,183433000
2021-03-05,357.13409423828125,358.18605384824804,346.90314212795295,354.1830219555412,152039600
2021-03-08,355.3560791015625,360.9044370293171,355.07681030362994,358.09302696069,123149200
2021-03-09,360.4296875,362.9804372731695,358.69813568759565,359.2008479440805,113633600
2021-03-10,362.6732177734375,364.3675242968636,361.36062596963234,362.7756352759854,109899400
2021-03-11,366.35040283203125,368.32397808065963,364.68402325858307,365.1402001712224,86245000
2021-03-12,366.8439025878906,366.9835370260259,364.1814446012603,364.99135275230026,64653600
2021-03-15,369.03155517578125,369.2922155627964,364.95405965687513,367.0951965209388,73427200
2021-03-16,368.5660705566406,370.353447865086,367.7933794539433,369.645957368341,73722500
2021-03-17,369.82281494140625,370.6234044689322,366.13629619510306,367.28135513431295,97959300
2021-03-18,364.4420166015625,369.32010118927036,363.76242462104625,367.23481832610025,115349100
2021-03-19,363.76776123046875,365.71978255985357,361.59156456698724,364.14134878342554,113624500
2021-03-22,366.67236328125,368.05466830965446,364.2253325103038,364.28136920712717,73778600
2021-03-23,363.786376953125,367.48494163658637,363.0018346568089,366.0372793939017,90686600
2021-03-24,361.93707275390625,366.8218139815274,361.8903850062456,365.1873437728255,97588600
2021-03-25,363.97320556640625,364.7670683556702,358.5560867809132,360.4987874842971,116128600
2021-03-26,369.8385925292969,370.2401983720078,364.5242270663124,365.12196135499164,114409100
2021-03-29,369.6517333984375,370.55769790836075,366.8778031775711,368.36283249742354,108107600
2021-03-30,368.6711120605469,369.34358094645273,367.07398064220894,368.381579616897,76262200
2021-03-31,370.1654968261719,371.72526109112226,369.2128443577868,369.2408627097128,112734200
2021-04-01,374.1629333496094,374.218998554884,371.89336139475535,372.0988388044274,99682900
2021-04-05,379.5332946777344,380.0750207457854,376.7500437520767,376.82474984617124,91684800
2021-04-06,379.30914306640625,380.3551993878055,378.6366742165215,378.9729228929124,62021000
2021-04-07,379.7481384277344,380.0937075716996,378.6834126464064,379.141055188101,55836300
2021-04-08,381.55078125,381.6068179580441,380.06575148102456,380.99973461896406,57863100
2021-04-09,384.32464599609375,384.4927845941178,381.3078992229351,381.4293215703808,61104600
2021-04-12,384.46484375,384.7356783457787,383.1199057120697,383.7269890687831,56704900
2021-04-13,385.604248046875,386.2300292636302,383.9791265777558,384.3620630681728,56551000
2021-04-14,384.287353515625,386.6316316879288,383.74562736217496,385.57622623649513,61659900
2021-04-15,388.4154968261719,388.68635987083064,386.3794207731198,386.42610852089956,60229800
2021-04-16,389.71380615234375,390.3208894803555,388.2848131174657,389.70445720020575,82037300
2021-04-19,387.79913330078125,389.2281263712112,386.47289319771744,388.7798327038786,78498500
2021-04-20,384.95977783203125,387.68699217501296,383.4840687603821,386.5848990980943,81851800
2021-04-21,388.602294921875,388.80777231208793,384.2032146818028,384.34333492736897,66793000
2021-04-22,385.0531311035156,389.26540322576255,383.98840538810305,388.43417324213044,97582800
2021-04-23,389.2280578613281,390.63838128168265,385.53884219304297,385.6135482901479,73209200
2021-04-26,390.0406494140625,390.61039389838606,389.2934743721866,389.8818882565418,52182400
2021-04-27,389.95660400390625,390.5356974540181,388.817143509979,390.33954048578113,51303100
2021-04-28,389.844482421875,391.34820981136744,389.37749094113417,390.22741885643023,51238900
2021-04-29,392.3289489746094,392.9453812570922,388.94793462457886,392.57179370789436,78544300
2021-04-30,389.7510681152344,390.90922633880604,388.8544524767412,390.05929844599274,85527000
2021-05-03,390.5916442871094,392.12336135927444,390.0966345103683,391.7404249655094,68128300
2021-05-04,388.1820068359375,389.0973204297574,384.49279111679294,388.6023105837801,101591200
2021-05-05,388.3034362792969,390.05932889798106,387.74304077290196,389.82583314555814,60162200
2021-05-06,391.404296875,391.5350396849246,386.3701143834206,388.3781723084249,74321400
2021-05-07,394.2528381347656,394.9066375343284,391.48825686517847,392.17007461027134,67733800
2021-05-10,390.348876953125,394.8319841776763,390.2274545965479,394.60783736731895,81852400
2021-05-11,386.8651123046875,387.8551320603856,382.9890883362958,385.8284047975115,116888000
2021-05-12,378.6460266113281,385.3520172707222,377.32910724736956,384.08181415543856,134811000
2021-05-13,383.19451904296875,385.1278705672436,380.14972554113865,380.1964417898234,106394000
2021-05-14,389.0785827636719,389.9285106204482,385.90304661385784,385.93106496065724,82201600
2021-05-17,388.08856201171875,388.9011510722619,386.0711555395105,387.96716817788194,65129200
2021-05-18,384.7449645996094,388.59297005214694,384.5861749461466,388.3501253478743,59810200
2021-05-19,383.7362365722656,383.9136956201269,378.57131179137997,380.0563698240923,106467100
2021-05-20,387.8644714355469,389.1253542262279,384.4928063797059,384.6142002311314,78022200
2021-05-21,387.5468444824219,390.5916376819598,387.0892020087102,389.34942453489305,76578700
2021-05-24,391.4976501464844,392.5717248506236,389.54560067622776,389.78844536691764,51376700
2021-05-25,390.6290588378906,392.9359980945385,390.0499939116139,392.5810799776849,57451400
2021-05-26,391.404296875,391.90862721701114,390.180781318248,391.2174888575059,43088600
2021-05-27,391.6097106933594,392.9452994425397,391.3294987126263,392.4316202322079,56707700
2021-05-28,392.3102111816406,393.44032258439506,392.07671544123446,393.178808495256,58520200
2021-06-01,391.96466064453125,394.81329741149153,391.525687491623,394.67320566118025,54216600
2021-06-02,392.5810546875,393.42166217448545,391.60973290730567,392.61842198763014,49097100
2021-06-03,391.1241149902344,392.26357557779556,388.79850605859133,390.2648664505085,58138800
2021-06-04,394.701171875,395.0000532381176,391.1893871156072,392.9732978416649,55938800
2021-06-07,394.31817626953125,394.869222667166,393.38419352718944,394.69176366588977,51555000
2021-06-08,394.4023132324219,395.2709105225555,392.5717146579376,395.17750652833854,47134300
2021-06-09,393.8139953613281,395.31772307673054,393.5898485229195,395.24298846199156,48436300
2021-06-10,395.64459228515625,396.59727334915283,393.72058925793334,395.0375089324138,51020100
2021-06-11,396.29833984375,396.41041324763955,394.90671424062083,396.1956153911513,45570800
2021-06-14,397.185546875,397.2882713047734,395.16814054455347,396.4103251655172,42358500
2021-06-15,396.45709228515625,397.3723773329353,395.5791460332352,397.33503853707737,51508500
2021-06-16,394.2435302734375,396.8213323424478,392.19813383077667,396.59718555484613,80386100
2021-06-17,394.11273193359375,395.0934024940287,391.63768315967735,393.83254848858195,90949700
2021-06-18,388.7960510253906,391.52280806426444,388.5899013988071,390.82940868218697,118676300
2021-06-21,394.362060546875,394.54947970964827,389.74246700562156,390.55768603100165,72822000
2021-06-22,396.47039794921875,397.30437604962555,393.63117206610633,394.352710107166,57700300
2021-06-23,395.9924621582031,397.35115077864344,395.9081321276498,396.54531142259333,49445400
2021-06-24,398.3351135253906,398.75676373658587,397.88532470396706,398.1383434268328,45110300
2021-06-25,399.74993896484375,400.1997276924306,398.75668054638095,399.08464970632076,58129500
2021-06-28,400.5559387207031,400.7245988255164,399.07543014042216,400.27483854601434,53159600
2021-06-29,400.7713928222656,401.57723223614346,400.237273994288,400.9400528954754,35970500
2021-06-30,401.10870361328125,401.78337248653116,400.28410514640404,400.31221515795005,64827900
2021-07-01,403.3295593261719,403.48886848690523,401.8021816752853,401.86778124712555,53441000
2021-07-02,406.4123840332031,406.7684632777236,403.4138490651717,404.4914663355306,57697700
2021-07-06,405.672119140625,406.68413685470637,402.9359824093808,406.4686076794865,68710400
2021-07-07,407.1058044433594,407.38693319644403,404.3415575796705,406.35618496076756,63549500
2021-07-08,403.78857421875,404.54757298676634,400.6026209845462,401.78329844418977,97595200
2021-07-09,408.0990295410156,408.39888874783514,403.59187628680496,405.29729335492465,76238600
2021-07-12,409.56085205078125,409.81387079491634,407.5837141699606,408.014743954132,52889600
2021-07-13,408.1646423339844,410.2729791942714,407.90227266855015,408.7737117077264,52911300
2021-07-14,408.7735900878906,410.34783620826914,407.5273416969038,409.8605579773333,64130400
2021-07-15,407.37750244140625,408.10839135369446,405.4753153622365,407.4337224657248,55126400
2021-07-16,404.18218994140625,408.60501287947545,403.78864977864345,408.55817239214764,75874700
2021-07-19,398.2132873535156,404.24781810954704,395.4021716073947,399.35647556745073,147987000
2021-07-20,403.91986083984375,405.19424821912867,398.0821000063619,398.87858854389634,99608200
2021-07-21,407.1900939941406,407.33067265477706,403.8729980876093,405.1192467876088,64724400
2021-07-22,408.04278564453125,408.2864248103382,406.3842377598322,407.3681167667281,47878500
2021-07-23,412.24072265625,412.57804279229185,409.28905708130054,409.97307688921177,63766600
2021-07-26,413.2527770996094,413.26215663692216,411.6036085131249,411.65044900738826,43719200
2021-07-27,411.36932373046875,412.2407627628377,408.5394488652319,412.21265274876606,67397100
2021-07-28,411.20062255859375,412.57807039855686,409.77633422865034,411.9971110612924,52472400
2021-07-29,412.9059753417969,413.98356380892966,412.1188664980787,412.1282460330738,47435300
2021-07-30,410.9007873535156,412.3531856804309,410.207359374989,410.33855849930256,68951200
2021-08-02,410.03875732421875,413.1684631203234,409.68267804628834,412.6156137242241,58783300
2021-08-03,413.3745422363281,413.49636182074306,408.6425090931806,410.83517582420905,58053900
2021-08-04,411.34124755859375,413.3464954516936,411.1069878900075,412.09086705960937,46732200
2021-08-05,413.9461669921875,414.0304970317783,412.18452990878626,412.5031195904007,38969700
2021-08-06,414.6301574707031,415.0518362349307,413.9835986168319,414.26472732503214,46930000
2021-08-09,414.2928466796875,414.92064647614995,413.5244682278816,414.60205680992107,41222600
2021-08-10,414.80816650390625,415.5203248634887,414.05854719624097,414.74256695054606,43339300
2021-08-11,415.8389587402344,415.93266831269824,414.75199061117655,415.87644828844924,44034300
2021-08-12,417.085205078125,417.2257837341095,414.7894778443805,415.68902682349017,38909400
2021-08-13,417.84423828125,417.86296875743454,417.0477498031309,417.5349995492506,39470300
2021-08-16,418.8281555175781,418.95932605512974,414.9862914344037,416.5417789840265,73740000
2021-08-17,416.08258056640625,416.9446399663895,413.0934254851267,416.26997110737653,92673900
2021-08-18,411.52862548828125,416.63549754497274,411.28501488582106,415.0706304246031,89351900
2021-08-19,412.1657409667969,413.36517769933806,408.6612261268582,408.80177618265736,92812200
2021-08-20,415.4454345703125,415.7734038110684,412.02524927934286,412.512527670003,72008700
2021-08-23,419.0999450683594,420.00887376629044,415.5204503118759,417.13215804647064,54973000
2021-08-24,419.76519775390625,420.2993166380276,419.2498379439889,419.76519775390625,38744700
2021-08-25,420.64599609375,421.16135587884156,419.57775837696613,419.9525966891945,40529700
2021-08-26,418.16278076171875,420.5990578135191,418.0690711990779,420.3647982049888,57829600
2021-08-27,421.9017028808594,422.27651266668664,418.91254694032995,418.96876697839633,77235100
2021-08-30,423.7569885253906,424.544097540426,422.33267151100796,422.57631070476276,48357400
2021-08-31,423.129150390625,424.0005894306205,422.52946055313254,423.6632692588089,59300200
2021-09-01,423.3540344238281,424.5815527206417,423.11977477029654,424.06619292133183,48721400
2021-09-02,424.656494140625,425.4623335511139,423.45708596482183,424.77831372503533,42501000
2021-09-03,424.553466796875,425.0688552215791,423.11979877975574,423.5227471397682,47170500
2021-09-07,423.0354309082031,424.30043871518234,422.3607619842241,424.20672913760086,51671500
2021-09-08,422.52008056640625,423.23223905655976,420.5991342695839,422.5013500889307,56181900
2021-09-09,420.7115783691406,424.0755433312676,420.46793919543404,422.32328581858627,57970400
2021-09-10,417.39447021484375,423.06354222411983,417.27265062322766,422.64189201792766,89948200
2021-09-13,418.4626770019531,420.6553724465294,416.1481905625877,420.3930027876443,83738600
2021-09-14,416.2044982910156,420.1119337155956,415.31430007401667,419.9057840546144,78197100
2021-09-15,419.6808166503906,420.1774459218341,415.5203633365021,416.6260619263352,78792200
2021-09-16,419.0155944824219,420.1306441908273,416.063899796155,419.15614456363676,77786700
2021-09-17,414.9339294433594,418.6658919018536,414.5767094129711,418.2428908298914,118425000
2021-09-20,408.01519775390625,410.38408955076596,403.1457660287209,408.8048283528595,166445500
2021-09-21,407.6298522949219,411.6532253331846,407.10343179928117,410.3559645804395,92526100
2021-09-22,411.6060791015625,413.64597940866713,407.74252679645014,409.90460825882724,102350100
2021-09-23,416.607177734375,418.21466778281064,413.2418450775607,413.47685522277226,76396000
2021-09-24,417.2933654785156,418.00780541065916,414.7552447526697,414.97146438680744,62094800
2021-09-27,416.0995788574219,417.4250108387706,415.40392931593607,416.2593696919336,61371100
2021-09-28,407.7143859863281,413.65544911085703,406.98115550934745,413.32642918282806,130436300
2021-09-29,408.400634765625,410.8353363854079,407.83660468931265,409.0962556033454,82329200
2021-09-30,403.4090270996094,410.58151260645667,403.0705975741562,409.8764821735044,140506000
2021-10-01,408.2032165527344,409.88589724112427,401.613551525623,405.138703737529,129240100
2021-10-04,402.9389953613281,407.9399892875987,400.79567536580527,407.037558391636,128570000
2021-10-05,407.1315002441406,409.3781818674235,403.6439584161272,404.44296980055765,90682500
2021-10-06,408.82354736328125,409.030357390263,401.90486407471866,403.5311155394908,113032200
2021-10-07,412.3582458496094,415.1971583599053,411.9258351717762,412.1044451950091,72437500
2021-10-08,411.6060791015625,413.5143886692366,410.9762680936143,413.1289686595899,74557400
2021-10-11,408.6261901855469,413.86222243707743,408.56038046823124,410.9480912711501,65233300
2021-10-12,407.6203918457031,409.951702812476,406.8307612007708,409.5474922480039,71181200
2021-10-13,409.0868225097656,409.90465316392994,405.6650899688843,408.645002322282,72974000
2021-10-14,415.9679260253906,416.1183359496485,412.28295460047235,412.7529748558683,70236800
2021-10-15,419.1358642578125,419.50249383265776,417.4625932709582,418.0830234599393,66260200
2021-10-18,420.3767395019531,420.71514033276804,416.69176789132155,417.34980775714325,62213200
2021-10-19,423.61981201171875,423.6855930358415,421.3918922060494,422.00294140527114,46996800
2021-10-20,425.2837219238281,425.58454176597354,423.9676709741409,424.08047124300566,49571600
2021-10-21,426.3929443359375,426.6185448638883,424.24965325713134,424.682063831623,41305400
2021-10-22,425.9511413574219,427.40822132656245,424.0052506620859,425.96055094238534,58845100
2021-10-25,428.2354736328125,428.5644935725112,425.26497065295007,427.04163242690424,45214500
2021-10-26,428.6208801269531,430.99918156529145,428.2448696453988,429.78654991386077,56075100
2021-10-27,426.72198486328125,429.7489164065924,426.6467655584889,429.0814956872959,72438000
2021-10-28,430.83941650390625,430.9146071296096,428.14150456050857,428.1508854588699,51437900
2021-10-29,431.71356201171875,432.00497224630874,428.2448105739149,428.5362208085048,70162400
2021-11-01,432.4562683105469,433.07669852419264,430.7265971184563,432.70065934906575,48433600
2021-11-02,434.2047424316406,434.51497189123603,432.4938616741639,432.6254811267831,48908400
2021-11-03,436.8556823730469,437.25989295856164,433.198910555134,433.6407307983925,52509800
2021-11-04,438.9142761230469,438.99887631835037,437.1093858933005,437.4571962588007,52847100
2021-11-05,440.43719482421875,442.43007618696566,438.92374331887703,441.1422252320449,66390600
2021-11-08,440.8132019042969,442.0352718144265,440.1269906728055,441.53705147758245,50405200
2021-11-09,439.3561096191406,441.4148004973564,437.9460489457193,441.1797903851195,51149100
2021-11-10,435.8216552734375,439.3562174087155,434.3364036223292,437.6641269728258,69429700
2021-11-11,435.9626159667969,437.3914960298939,435.94382548251065,437.31627671722447,34848500
2021-11-12,439.2526550292969,439.807275407171,436.28212400629286,437.2315739636778,53466700
2021-11-15,439.40313720703125,440.7003977259758,438.2751057858588,440.54060690132917,46980500
2021-11-16,441.1422424316406,442.2796835013746,439.0647607814874,439.1399514053057,48857500
2021-11-17,440.0705871582031,441.0576182388675,439.4501569663317,440.8790082432791,47858300
2021-11-18,441.56524658203125,441.8284567817868,438.3784954289363,441.1046072166389,50625600
2021-11-19,440.775634765625,442.70270645083684,440.4090051747564,441.4524364328998,57315600
2021-11-22,439.5347595214844,445.1468026589416,439.3279494564215,442.6557009805207,72762000
2021-11-23,440.1175842285156,440.9730245653836,436.60184177692975,439.20574375407494,73206500
2021-11-24,441.29266357421875,441.4148734428188,437.2974910059745,438.1153217416672,61858800
2021-11-26,431.45037841796875,436.0847710795946,430.32231837166336,434.61831023205275,112669600
2021-11-29,436.7427978515625,438.5852690969573,434.0448863560093,436.2445775616634,86268800
2021-11-30,428.244873046875,436.207017697208,428.0004533224309,434.29873651759567,148559600
2021-12-01,423.4882507324219,436.8086374124799,423.290850257439,433.9603158081163,131939200
2021-12-02,429.9744873046875,431.54436744671597,423.3096040929344,423.7044336964784,127637800
2021-12-03,426.2331848144531,432.7006394884692,422.0030024782896,431.638417799551,137331600
2021-12-06,431.28118896484375,433.1612699645703,426.36476682296546,428.78067779267633,98977500
2021-12-07,440.2021484375,440.76617845486504,431.14955415645403,436.5641964227451,95484700
2021-12-08,441.36785888671875,441.81908870916527,438.83914733929845,440.5970473857132,72238800
2021-12-09,438.3879089355469,441.4712407407317,438.19050845590453,440.07997042228766,61272600
2021-12-10,442.5146484375,442.665058357532,438.53829554873346,441.0952068137605,77159800
2021-12-13,438.5947265625,442.3454791791736,438.3126971846737,441.99766876550603,87724700
2021-12-14,435.5772399902344,437.8145414206378,432.65372721686475,435.3234393317385,97264100
2021-12-15,442.38311767578125,442.6275087271845,433.1143023252697,435.6336329677367,116899300
2021-12-16,438.48187255859375,444.5169160885959,436.9307828900091,444.23491543308455,116568600
2021-12-17,433.815185546875,438.4092618245341,432.1077368438548,435.39999504107936,135511600
2021-12-20,429.2022399902344,429.5984279577143,425.5798060591172,428.73056845563246,107134800
2021-12-21,436.8245544433594,436.96605018332065,430.4569870481223,432.62666516367057,69806300
2021-12-22,441.192138671875,441.30533523820264,436.37164043974565,436.56976321936594,58890200
2021-12-23,443.937255859375,445.4371678906433,442.08831149730497,442.19206541682075,56439700
2021-12-27,450.2200012207031,450.26715686699845,445.2674492405583,445.3146048868536,56808600
2021-12-28,449.85198974609375,451.68207754216996,449.087884188701,450.653837085784,47274600
2021-12-29,450.4275207519531,451.4463187392995,448.95590766548065,449.9558491527363,54503000
2021-12-30,449.1822509765625,451.8613419081985,448.72002207295793,450.8519578886304,55329000
2021-12-31,448.05023193359375,449.84257807075835,447.77668316160356,448.6917271226337,65237400
2022-01-03,450.6444091796875,450.77649102777576,447.0031187538817,449.31429199851436,72668200
2022-01-04,450.4934387207031,452.7857840929789,448.63505185674353,452.06883419971206,71178700
2022-01-05,441.8430480957031,450.89914766079016,441.74870802750024,450.12559940549204,104538900
2022-01-06,441.4279479980469,444.1447805813084,439.060147736231,441.38079236108484,86858900
2022-01-07,439.6827697753906,442.6165817047028,438.32435344615055,441.43740286255314,85111600
2022-01-10,439.13568115234375,439.3526316532516,430.7304901894249,436.48488919074714,119362000
2022-01-11,443.1355285644531,443.2298686550142,435.8717734195557,438.87162708349723,74303100
2022-01-12,444.33343505859375,446.38994479619777,442.3712941726711,444.8711475087788,67605400
2022-01-13,438.2111511230469,446.08807144277097,437.18291064083445,445.4371624273771,91173100
2022-01-14,438.39044189453125,438.73947426347723,433.8435208770397,435.06044163485194,95890900
2022-01-18,430.6266784667969,433.9000801446297,429.51354052849086,433.6925435130348,109709100
2022-01-19,426.15521240234375,433.56987477528105,425.8816348637501,432.17374552013666,109357600
2022-01-20,421.4385986328125,432.7492750334753,419.3160763117743,428.04200140937587,122379700
2022-01-21,413.1654052734375,422.6742906855869,413.1371061330772,420.3159330270776,202271200
2022-01-24,414.9200134277344,415.4294267475225,396.9210402768621,407.5525063368311,251783900
2022-01-25,409.85430908203125,414.80686073493035,402.9490301538802,408.52419175491247,167997300
2022-01-26,408.8260803222656,418.8821222815148,404.56215063672164,415.7502159505603,186391100
2022-01-27,406.8072814941406,416.5708886311564,405.11871802199556,413.4295686804275,149878300
2022-01-28,416.91046142578125,416.95761706161477,403.5810198759928,408.1656531591192,164457400
2022-01-31,424.41949462890625,424.76852696731544,414.89172362734763,416.2406973417306,152251400
2022-02-01,427.2873229980469,427.92878947837016,421.617821033728,425.14591546405666,123155400
2022-02-02,431.43792724609375,432.16429099295607,427.38153506884584,429.6927369366117,117361000
2022-02-03,421.2970886230469,427.3061803398797,420.4574993371218,425.40063739567904,118024400
2022-02-04,423.278076171875,427.12690349554987,418.68397092224063,421.0612140470099,118454400
2022-02-07,421.91961669921875,425.4382678088837,420.58949956003295,424.04213853628335,84472900
2022-02-08,425.3912048339844,426.31569157716,419.99528032572806,421.4197378367775,81012000
2022-02-09,431.6171875,431.9379206826289,429.2305307331496,429.42862471301396,92589900
2022-02-10,423.8629455566406,431.7775795121979,421.86306271080866,425.7684883309894,140103700
2022-02-11,415.5049743652344,426.0232462128688,414.0711029389675,423.94790826342097,153214600
2022-02-14,414.146484375,416.5803257355876,410.67498861776903,414.9955162101405,123006300
2022-02-15,420.82537841796875,420.99517327307245,418.0708037959125,418.5896597934599,88482700
2022-02-16,421.2970886230469,422.6743616661116,416.90110575473415,418.7783495538221,84863600
2022-02-17,412.2975158691406,421.2687175900961,411.6937912802445,418.10851257856154,102259100
2022-02-18,409.6278991699219,413.806902341528,407.3544387638589,412.55223985255054,132642900
2022-02-22,405.2319030761719,410.8259207595827,401.7320794413733,407.4204659812032,124391800
2022-02-23,398.0436706542969,408.7128798332859,397.47765898241863,408.14686816140767,132578000
2022-02-24,404.0338439941406,404.46780255410187,387.3744299437548,387.732876144503,213942900
2022-02-25,412.9483947753906,413.03329219005104,403.61871876539095,405.26956900150043,121804500
2022-02-28,411.89190673828125,413.37296233027865,406.29788900505855,407.5525226744369,145615000
2022-03-01,405.6186828613281,412.4013221597528,402.9112639395008,410.3919967190823,137785900
2022-03-02,413.08056640625,414.8068717900214,407.11863049118716,407.87329353346485,117726500
2022-03-03,411.0240478515625,416.1180952528959,409.22225892771945,415.51437058927706,105501700
2022-03-04,407.6845397949219,408.81653407408726,403.63759043469,407.28832308466133,113978200
2022-03-07,395.6664123535156,407.8072341448679,395.60037142345385,407.09972677904506,137896600
2022-03-08,392.6666259765625,403.0056598874273,391.60064350287837,395.8456881080304,164772700
2022-03-09,403.19427490234375,405.1753011556901,398.86433355936276,401.05289644474624,116990800
2022-03-10,401.37359619140625,402.2697547820951,396.61913933731984,398.5812801406087,93972700
2022-03-11,396.27008056640625,404.47714697175655,395.76066731177804,403.8639798109582,95636300
2022-03-14,393.37408447265625,400.4963135753872,392.2326473482891,397.04370305998077,95729200
2022-03-15,402.0245666503906,402.6565904451957,394.71365716973366,395.98714740326733,106219100
2022-03-16,410.9391174316406,410.99571571466925,400.7321381601262,405.5337798825797,144954800
2022-03-17,416.0803527832031,416.0803527832031,408.6468044640496,409.02413595065417,102676900
2022-03-18,420.63751220703125,420.9592417518536,413.72972677495335,414.4678189961287,106345500
2022-03-21,420.51458740234375,422.47335203270006,417.00389114982016,420.4672563901048,88349800
2022-03-22,425.4351501464844,426.37195178227597,421.9055391743934,421.9055391743934,74650400
2022-03-23,419.956298828125,424.3943252385868,419.871137651901,422.89922534823637,79426100
2022-03-24,426.286865234375,426.29633721311484,420.86473496549416,421.981331093405,64736900
2022-03-25,428.36865234375,428.64307980820996,424.33751705816746,426.92085470819296,77101300
2022-03-28,431.4156799316406,431.4156799316406,425.8799725760659,427.7725201247763,68529800
2022-03-29,436.7525939941406,437.2446747767382,432.61738274150923,435.3047964568444,86581500
2022-03-30,434.05584716796875,436.42153190536123,431.94564598613914,435.60772133914475,79666900
2022-03-31,427.3751220703125,434.11258705050625,426.9209002404847,433.2893334473063,121699900
2022-04-01,428.5863037109375,429.0972707248986,425.0093902232998,428.9553354432427,89048800
2022-04-04,432.25787353515625,432.3619786728985,427.96181114365424,428.7850647544049,59601000
2022-04-05,426.7978820800781,433.23253253806155,425.6528988378104,430.7627717165602,74214500
2022-04-06,422.53021240234375,424.8107359719399,419.6440885519103,422.8803580036576,106898000
2022-04-07,424.65924072265625,426.47609894481815,419.70077574327007,421.6500972677455,78097200
2022-04-08,423.5237121582031,426.4193072695884,421.9812814601947,423.90221584948597,79272700
2022-04-11,416.2847900390625,421.0918483203158,415.78326607146334,420.2496507622423,89770500
2022-04-12,414.74224853515625,421.80144123818826,413.19034602845363,419.2748781154879,84363600
2022-04-13,419.4925231933594,420.24953047865523,414.31640574376314,414.4962000276668,74070400
2022-04-14,414.2691650390625,420.8363067294956,414.16505991706254,419.71968183285964,97869500
2022-04-18,414.43951416015625,416.1238802748247,412.2062931005156,413.341833148195,66002500
2022-04-19,421.1297302246094,421.84887872712875,414.1651395408323,414.3354619063248,77821000
2022-04-20,420.8173522949219,423.52370998577396,419.6534541721469,422.9086378808468,65224400
2022-04-21,414.5246887207031,425.83267191463915,413.61627398000866,424.4416483063958,85417300
2022-04-22,403.15045166015625,414.54356611501663,402.5826816695929,413.43644206750025,132471800
2022-04-25,405.48779296875,405.6581153210633,396.33731266857023,400.9078312682018,119647700
2022-04-26,393.74456787109375,403.1505325635227,393.716180809768,402.95179425625525,103996300
2022-04-27,394.85162353515625,400.19809313911514,392.7130645715548,394.82323647876274,122030000
2022-04-28,404.8254089355469,406.55710623337256,395.16396112082083,399.601987737978,105449100
2022-04-29,389.86474609375,402.98955707599237,389.1171818200173,400.832054296418,145491100
2022-05-02,392.2115478515625,393.5741843394114,383.2597775315031,389.93102468617633,158312500
2022-05-03,394.0094299316406,396.4224162058567,391.1516650055243,392.71303964199615,100028200
2022-05-04,406.0082092285156,406.5759792490273,391.48290152050896,394.67183940897127,144247900
2022-05-05,391.57745361328125,402.16625689929134,387.4422428392872,401.74042225256017,172929100
2022-05-06,389.24029541015625,392.5143949581733,383.9317127901109,389.01319891928415,151770800
2022-05-09,376.77783203125,384.5751184962438,375.19754216123187,383.3355021930368,155586100
2022-05-10,377.6484069824219,384.26285159656214,373.60782825671424,382.75827972149085,132497200
2022-05-11,371.6489562988281,382.3323933257538,370.90139206919764,376.68313878017256,142361000
2022-05-12,371.2610168457031,374.5351157341159,364.4573066901353,368.4505828254061,125090800
2022-05-13,380.1370544433594,381.5186058960115,374.35530738560897,375.3962141833524,104174400
2022-05-16,378.5946350097656,382.26618152652463,376.2384227760437,378.49055876588955,78622400
2022-05-17,386.3824768066406,386.61904522716617,380.9508462343475,384.6886388298432,83029700
2022-05-18,370.8067321777344,382.10524045364286,369.5671161617557,381.8213699453945,117674500
2022-05-19,368.5357666015625,372.96434969897865,366.3120175133911,367.7409001168937,98510700
2022-05-20,368.6966247558594,375.6990443299585,360.09500032544264,372.12213091455766,131432200
2022-05-23,375.5950012207031,376.3614806717681,369.406362617675,371.72471605038334,76414900
2022-05-24,372.727783203125,373.9200684973476,366.17008413397616,371.46922293735594,91448800
2022-05-25,376.020751953125,377.98901729728556,370.83519088442847,371.2326096418207,91472900
2022-05-26,383.53424072265625,385.17130483180716,377.04281616113974,377.25099755722835,82168300
2022-05-27,392.94964599609375,393.0631942254229,385.7958187685275,385.99452816985354,84768700
2022-05-31,390.74481201171875,394.08515718858496,388.00062391684565,391.33149711527295,95937000
2022-06-01,387.5841979980469,393.87691162412517,385.0671067720199,392.86442082555544,86585800
2022-06-02,394.96514892578125,395.01245105424977,385.1712114606002,387.4233472328848,79609600
2022-06-03,388.48321533203125,391.795173302903,387.50855457000824,390.24327056369185,71874300
2022-06-06,389.66607666015625,394.22709420031765,388.49267756993027,392.49542593941146,57508900
2022-06-07,393.4037780761719,393.85799980122914,385.710569071012,386.1742627730429,59272400
2022-06-08,389.1267395019531,393.4796050518694,388.33187292156634,391.6911335875091,64350000
2022-06-09,379.8721618652344,389.61877058958953,379.8721618652344,387.34771921360226,86289800
2022-06-10,368.857421875,374.5161481558554,368.8101197482245,373.6645077280553,132893900
2022-06-13,354.85272216796875,361.2968452923,353.24404494294527,359.4421564836055,170004900
2022-06-14,353.7833557128906,357.6346967344851,350.6795790257293,356.60326183152415,104011800
2022-06-15,358.8269958496094,363.27446487884,352.1273619331276,357.08582684228884,125666800
2022-06-16,346.9512939453125,351.01081676127995,344.5193632718366,350.60392594515343,134473300
2022-06-17,347.69921875,351.04450954430285,344.1924117569051,347.36661545178714,111113900
2022-06-21,356.4520263671875,357.83954577017596,353.35383919081494,353.4298843377524,76811900
2022-06-22,355.8057861328125,359.9208378596493,351.8047441204501,352.2229054186672,90059400
2022-06-23,359.2936096191406,360.0253774175742,354.380257681737,357.944112743824,79292100
2022-06-24,370.7170104980469,370.72652339416055,362.4393697452781,362.467879430887,98050300
2022-06-27,369.30096435546875,371.93345521638525,368.20805445306024,371.6388454775464,66009600
2022-06-28,361.7550964355469,373.6441279914071,361.6410576968473,370.8595757781449,86548900
2022-06-29,361.4604187011719,363.2946090766125,359.6357412197438,362.3062541919747,65676000
2022-06-30,358.5238037109375,361.76453925396646,354.06660685286846,357.563929508268,112508300
2022-07-01,362.3157043457031,362.7528913914141,355.2450145074344,357.86802077080847,74839700
2022-07-05,363.00006103515625,363.01908682641243,354.3897883879628,357.2218760257325,81438000
2022-07-06,364.2259826660156,366.7159247303021,360.75716958402745,363.1425568197513,70426200
2022-07-07,369.68109130859375,370.47939144659864,364.24502265222054,366.00319713599873,64525900
2022-07-08,369.376953125,371.24916611652566,366.5163562235368,368.04642405277673,72397800
2022-07-11,365.1573486328125,367.6662874925925,364.4635744126361,366.696929365384,58366900
2022-07-12,361.9261169433594,366.99155941529256,360.17745545859367,364.60614303529803,62219200
2022-07-13,360.02532958984375,362.96197129328345,356.0623395287953,356.48050078741414,84224600
2022-07-14,359.151123046875,360.2345200908438,352.6221440895714,355.06455113718863,89704800
2022-07-15,366.0126953125,366.12673404152474,361.650539910931,363.56074662755304,79060400
2022-07-18,362.9905090332031,369.7760736131692,361.764534839165,369.1013252129824,63203600
2022-07-19,372.7982482910156,373.3684709198661,366.25978635540963,366.91550902545094,78506000
2022-07-20,375.17413330078125,376.5901914099878,371.619791193265,372.98831383414614,71843800
2022-07-21,378.99468994140625,379.0421964177249,372.1900977757156,374.5945113326409,64903900
2022-07-22,375.47821044921875,380.3155455725048,373.25436867758987,379.1181101586879,72197300
2022-07-25,375.9344787597656,376.7897982483448,373.69161069797406,376.1055368569356,53631500
2022-07-26,371.48681640625,374.49944608525396,370.59347428625193,374.29036539753673,52946400
2022-07-27,381.1329040527344,382.8815653652331,374.4898588407444,374.7844685236655,82342100
2022-07-28,385.91326904296875,386.6070143182949,378.38639383024014,381.9407652653173,73966600
2022-07-29,391.53936767578125,392.52775161157655,386.5784802133014,387.3482705951752,87003700
2022-08-01,390.3799133300781,392.8888811641739,388.1275616169894,388.84033261494034,69997500
2022-08-02,387.804443359375,392.49923066625485,386.6260045869153,388.81182405248916,63435400
2022-08-03,393.87725830078125,395.0461841555904,389.6481388511842,389.9332356443753,67820600
2022-08-04,393.6112060546875,394.4855223283824,391.9670703405135,393.8012609389681,45656600
2022-08-05,392.9459228515625,393.5921616324373,389.2680289335886,389.32504829644654,56814900
2022-08-08,392.48974609375,396.8899240250277,391.3873233872075,394.63757214293867,53886100
2022-08-09,390.93121337890625,392.26171369385696,389.8573002309609,391.7580232530995,44931800
2022-08-10,399.1422424316406,399.284819832152,396.0345713490144,397.9923133525369,68665700
2022-08-11,399.1422424316406,403.8560554717358,398.40096176043045,401.99332639825303,59489700
2022-08-12,405.8992919921875,406.00381780743163,400.13059229638225,401.08095353775815,61694500
2022-08-15,407.5719299316406,408.0946460440883,403.6279363687809,403.6849557261061,54048300
2022-08-16,408.3702697753906,410.29950209001703,405.69024389909407,406.4980568196023,59289000
2022-08-17,405.47161865234375,408.1801539962864,403.46637035029323,404.7683606131751,63563400
2022-08-18,406.6501159667969,407.33434826924736,404.37873850839094,405.6712159722093,49023200
2022-08-19,401.1855773925781,404.1507003354797,400.31123213885485,403.88460030221233,68016900
2022-08-22,392.83184814453125,396.5192546194772,391.92899331076484,396.34816754384633,77695600
2022-08-23,391.8814697265625,394.7990857432436,391.33024395653683,392.4041568162922,49105200
2022-08-24,393.135986328125,394.50447996842576,390.9691636437866,391.6533959625738,49177800
2022-08-25,398.68609619140625,398.73360265745475,393.5351249523274,394.6280346959815,50942300
2022-08-26,385.1910095214844,399.1137994167783,385.13399015284614,398.5721154147152,103087000
2022-08-29,382.6439208984375,385.69457212046717,381.28491139174105,382.2352725577197,65370800
2022-08-30,378.44342041015625,384.0410632057968,376.3431297512481,383.80347284610536,85652400
2022-08-31,375.5638122558594,381.3230000374987,375.43077674086555,380.07802891985665,76029700
2022-09-01,376.74224853515625,377.08436469022797,370.678938652205,373.3874742240931,78740100
2022-09-02,372.7697448730469,381.6271200488621,370.9545511254495,380.41065862148133,99632100
2022-09-06,371.36322021484375,374.5564205138696,369.1393780774377,373.61557203339373,76637400
2022-09-07,378.03472900390625,378.80451936163286,370.8310028776724,371.04956742201074,70964200
2022-09-08,380.50567626953125,380.9618311489722,374.5564050265275,375.7633824847431,80821700
2022-09-09,386.4169006347656,387.28173287628084,382.48239103068937,382.7484910278691,76706900
2022-09-12,390.5700378417969,391.2923218090903,388.1846213728781,388.48874399097315,69256300
2022-09-13,373.58709716796875,383.09071180463684,372.46567760149713,381.8837341840326,122947100
2022-09-14,375.0125427246094,376.5331264751755,371.70527524233233,374.8889911257345,85023700
2022-09-15,370.75494384765625,376.3050503313671,369.48146319239925,373.4539664457312,87633800
2022-09-16,367.926513671875,368.58495903524056,364.6342868550473,366.57147330224217,103084800
2022-09-19,370.77978515625,370.77978515625,364.70111961719556,364.77747715242447,73278500
2022-09-20,366.5237731933594,368.4609306805626,363.7659614872204,367.44941174370973,77274900
2022-09-21,360.13018798828125,371.5050138173394,360.12063601648464,368.4513532726731,106746600
2022-09-22,357.10516357421875,360.9985532046951,356.36083780125125,359.35721571534805,89472600
2022-09-23,351.1219177246094,353.66978968711527,346.67503807204696,353.63161092219536,122346900
2022-09-26,347.64837646484375,353.27853570562985,346.42691809015844,349.6523393463072,92581200
2022-09-27,346.7610168457031,353.45995045767097,344.36580101950085,351.1887938112618,108294100
2022-09-28,353.58392333984375,355.27296245080464,346.01660643811806,347.71519752115427,110802200
2022-09-29,346.19793701171875,350.32034122123895,343.2492605532847,350.034073262893,112952300
2022-09-30,340.844482421875,349.17522920833704,340.7109004194997,345.25318357199444,153711200
2022-10-03,349.8431701660156,351.6944470852205,342.78161312339256,344.5660844856892,89756500
2022-10-04,360.6836242675781,360.71225105913686,349.80500664731017,355.3683600338881,103602800
2022-10-05,359.8439025878906,362.1055067151951,353.9847287224127,356.3131384107271,88065700
2022-10-06,356.1318054199219,361.3993391526018,355.6355688484854,358.441111032702,82333500
2022-10-07,346.19793701171875,356.21772325997466,344.43254027693825,352.09528992858685,107789500
2022-10-10,343.5545654296875,347.55293916401916,341.31206538570666,347.3143728510966,76042800
2022-10-11,341.37890625,346.42697853829924,339.44174858833856,341.8560389658956,92482800
2022-10-12,340.2528076171875,343.36372158176107,340.0046893387279,341.7891897787711,76991800
2022-10-13,349.23248291015625,350.7020596679561,332.1892890254387,333.2389867095814,147254500
2022-10-14,341.2738952636719,353.32627035722425,340.6345247152281,351.6944557677686,123737000
2022-10-17,350.0436096191406,351.15056087847387,340.9399103655982,347.362126415413,93168200
2022-10-18,354.1564636230469,358.27889645424324,350.71155095897484,357.97352458781444,97162900
2022-10-19,351.64678955078125,354.8435843710711,348.831695054884,352.114370264022,79746900
2022-10-20,348.6980895996094,355.62606505287266,347.9346598802896,351.19826004641624,88283100
2022-10-21,357.1719665527344,357.65862205185954,346.91361459894165,348.4213409562037,131038400
2022-10-24,361.54248046875,362.67805847697105,356.0459031598392,358.698788584184,85436900
2022-10-25,367.3157653808594,367.6306600761956,361.35160801427605,361.4661151762165,78846300
2022-10-26,364.5484313964844,369.8541443090124,363.90908993272876,364.1667310883198,104087300
2022-10-27,362.6016845703125,367.3920851710098,361.9813889212359,365.55036040862007,81971800
2022-10-28,371.2283020019531,371.70543468470186,362.3154669828309,362.49677973202483,100302000
2022-10-31,368.5467834472656,370.6366267278111,367.64024890976526,368.7662749442344,96631300
2022-11-01,366.9340515136719,372.53561281137877,365.7603239323339,372.2970465066368,85407600
2022-11-02,357.7254638671875,370.85616501782636,357.6205086522629,366.34247921682703,126990400
2022-11-03,354.0419006347656,357.0860086039778,351.92343096844655,354.4808544223858,87100100
2022-11-04,359.1376953125,361.5424330085425,353.07810578080847,359.75796183612107,103505200
2022-11-07,362.5730895996094,363.16472938893213,358.3552244250396,360.435515659066,68286900
2022-11-08,364.52935791015625,367.50666109536877,360.44510344190144,363.68004778364957,84641100
2022-11-09,357.0192565917969,363.7086651999319,356.52302003221314,362.5539832992573,78495500
2022-11-10,376.63897705078125,376.9729757332263,368.0028876550996,370.30264142200895,141455800
2022-11-11,380.2842712402344,381.085850591747,375.60834800694585,377.4978037709963,93839900
2022-11-14,377.0492858886719,381.8778657875463,376.77254080840333,378.5188625471577,71903500
2022-11-15,380.2651672363281,383.91046764433503,376.44810606485254,382.8035164099832,93194500
2022-11-16,377.3642272949219,379.5876526465697,376.73440869768956,378.63338733958733,68508500
2022-11-17,376.20953369140625,376.88708300619,372.2970693510568,372.60241210724644,74496300
2022-11-18,377.9176330566406,379.6162238896307,375.0643895252909,379.5494183386701,92922500
2022-11-21,376.54351806640625,377.7172747970653,374.7017931399619,376.59124880158924,51243200
2022-11-22,381.6106262207031,381.7728641092099,377.07786677530646,378.49018967584743,60429000
2022-11-23,384.0154724121094,384.5021279345099,381.04769204993397,381.27670641341655,68261600
2022-11-25,383.9295349121094,384.4830250793276,383.175686313319,383.45240227506304,30545400
2022-11-28,377.80322265625,382.4791173493977,377.0397928537372,380.8377796763317,67881600
2022-11-29,377.1542663574219,379.1295732981502,375.312512286855,377.9367417321205,52310000
2022-11-30,389.0348205566406,389.0348205566406,375.4842725098609,377.4023257136843,144566700
2022-12-01,388.7485656738281,391.2487358630156,386.2388435135502,390.07497917155587,76398200
2022-12-02,388.30010986328125,389.2066444558519,383.7482747120534,383.853229920111,85342700
2022-12-05,381.3148498535156,386.4106228219642,379.9598094992948,385.4754615098056,77289800
2022-12-06,375.8182373046875,381.69651421862574,373.728423384414,381.15260520692095,77972200
2022-12-07,375.17901611328125,377.545604965489,374.0434378729196,374.9690765447639,65927900
2022-12-08,378.1180419921875,379.1868143806111,375.2838731198775,377.06837354618364,60737900
2022-12-09,375.29345703125,379.43496494979524,375.1693978824169,376.877540928146,81447700
2022-12-12,380.7041320800781,380.7041320800781,375.41749445562255,376.0854626556509,75405800
2022-12-13,383.58599853515625,391.7163278716569,380.8186351718438,391.45868674150205,123782500
2022-12-14,381.1335754394531,386.9545999060633,378.1848989989114,383.2424937114521,108111300
2022-12-15,371.8103942871094,377.1733606249857,370.1499819805847,376.2667969393166,117705900
2022-12-16,367.4206848144531,370.59380455921166,365.28292038092803,369.25170439241776,119858000
2022-12-19,364.3050842285156,367.9479610000422,362.6370475272463,367.6124286419873,79878100
2022-12-20,364.8036804199219,366.42379682476735,362.22491663969316,363.54785469861747,74427200
2022-12-21,370.25836181640625,371.3895586231339,366.864742140629,367.40158229485894,78167400
2022-12-22,364.9761962890625,370.23916053307846,359.2722332289845,367.209831595386,100120900
2022-12-23,367.07562255859375,367.21941379519086,362.39741929068407,363.950423157118,59857300
2022-12-27,365.6280822753906,367.30571508666856,363.95044946411275,366.960616093891,51638200
2022-12-28,361.0841369628906,367.53584456423454,360.85407094628073,365.56100398447626,70911500
2022-12-29,367.58367919921875,368.45605164881476,363.4039622569558,363.93123576240765,66970900
2022-12-30,366.61553955078125,366.75933081805135,362.78094972705276,364.89958166869377,84022200
2023-01-03,365.072021484375,370.4500180533657,362.2056465586836,368.4752072280289,74850700
2023-01-04,367.8905029296875,369.92283055639075,364.28597966385496,367.3344711039099,85934100
2023-01-05,363.6916198730469,366.0498840558089,363.09726322382664,365.9348510599075,76970500
2023-01-06,372.0317687988281,373.1533988238213,363.7203144875391,366.78796777872327,104189600
2023-01-09,371.8209533691406,377.419479732033,371.63883728473166,374.2271676198182,73978100
2023-01-10,374.42840576171875,374.4955180862106,370.29663872249137,371.2361234986063,65358100
2023-01-11,379.16412353515625,379.24083169297677,375.1953394078577,376.01019536505663,68881100
2023-01-12,380.54461669921875,382.0113458697923,376.19237910493234,380.26663005159156,90157700
2023-01-13,382.02093505859375,382.5961292686462,377.07431166109114,377.3427317250366,63903900
2023-01-17,381.3211669921875,383.67946066780075,380.64053552756593,382.00182771240605,62677300
2023-01-18,375.3008117675781,383.57394241937,375.0995040316948,382.5098579883935,99632300
2023-01-19,372.5686340332031,374.907706111415,371.2456963150845,373.258831880303,86958900
2023-01-20,379.5093078613281,379.6626949440639,372.31945292080763,373.9683274907241,91806400
2023-01-23,384.0628662109375,385.99932319331543,379.35590453409674,380.314551818449,84178800
2023-01-24,383.650634765625,384.56133208460926,381.19650018692624,382.3852133953482,59524900
2023-01-25,383.7944030761719,384.12993543916394,377.2851805542504,379.57636134944494,84800300
2023-01-26,388.0124816894531,388.1754645974599,383.4876654146606,386.4594777963223,72287400
2023-01-27,388.9040222167969,391.28147800741476,386.7566616675893,386.967565239786,68346200
2023-01-30,384.0245056152344,388.3767724039486,383.7273273025726,386.1431078861568,74202000
2023-01-31,389.6709899902344,389.71891065606565,384.19709249266276,384.5422207556733,86811800
2023-02-01,393.81231689453125,396.5636593442866,385.7117643976384,388.45348175657574,101459200
2023-02-02,399.5450439453125,401.01177323006914,395.80632510726565,397.70442814895335,101654500
2023-02-03,395.29815673828125,399.7271018745294,394.09025197181745,394.5695755451013,94736800
2023-02-06,392.8824462890625,394.2820925400618,391.22400503082395,392.84412145755863,60295300
2023-02-07,398.020751953125,399.26698166926644,390.7158646278332,391.9620943439746,90990700
2023-02-08,393.66851806640625,397.38807436741587,392.9782908223468,396.0459739638543,76227500
2023-02-09,390.2557373046875,397.4264298512411,389.02866989488314,397.2730427680662,78694900
2023-02-10,391.1664733886719,391.54992647804596,388.26177308465975,389.0765999287314,70769700
2023-02-13,395.75836181640625,395.8925864844252,391.3581741107854,391.8183353582287,64913500
2023-02-14,395.5762634277344,397.8865778364983,391.6170451224685,394.2341337099117,88389300
2023-02-15,396.8607482910156,396.9374271887405,392.5372403851114,393.3808545380282,61555700
2023-02-16,391.396484375,395.83502566820573,391.2622889776,391.88540381719497,76431500
2023-02-17,390.4187316894531,390.6583935285287,387.341452611694,389.26834315965215,89257800
2023-02-21,382.5865783691406,387.4469275943241,382.3277541092348,386.3924096279732,82655900
2023-02-22,382.0592346191406,384.5421271702139,380.6020722608725,382.9986900810886,83742300
2023-02-23,384.091552734375,385.5678774681562,379.8639154891751,384.95432927805933,96242400
2023-02-24,379.9885559082031,380.82257423444287,377.3618721210869,379.0682628505167,108194400
2023-02-27,381.2828369140625,384.69561928163296,380.3433519399528,383.33432711552274,80444700
2023-02-28,379.87359619140625,382.7687005643169,379.76812977335084,380.80348526155615,96438600
2023-03-01,378.41644287109375,380.2858168924637,377.1126965271028,379.05874946346245,99706800
2023-03-02,381.3594970703125,382.20311141280865,376.10609910014693,376.4416315212209,85127800
2023-03-03,387.4756774902344,387.724935164796,382.5290536184137,383.1809267997028,90120000
2023-03-06,387.7440490722656,390.6008283701899,387.3030795348652,388.3000515971973,72795900
2023-03-07,381.8004455566406,387.9358116155142,381.1869265041094,387.69614979307676,108310600
2023-03-08,382.4236145019531,383.1809248459443,380.18994978883694,381.91553257565727,74746600
2023-03-09,375.36798095703125,384.8777762237913,374.3805752859118,383.20970982130785,111945300
2023-03-10,369.9515380859375,376.9017301661393,368.42729257488133,374.82145290553643,189253000
2023-03-13,369.4242858886719,374.24630958503957,364.90906558564376,366.0210998932848,157790000
2023-03-14,375.5308837890625,377.17975816787913,371.0443925918974,374.35173718346283,149752400
2023-03-15,373.18218994140625,373.38349766674736,367.8425178859198,369.9323910671056,172996900
2023-03-16,379.7297668457031,380.0748950855989,370.31587262158683,370.82395451887174,143254200
2023-03-17,375.28973388671875,379.533507168689,373.9040108000652,378.3979930571189,140553400
2023-03-20,378.8983154296875,379.3121292855333,375.3666692245707,376.06913373609086,93055800
2023-03-21,383.8734436035156,384.3545965453815,380.6689485650316,382.26637985609574,91524200
2023-03-22,377.3298645019531,387.3186074115467,377.29139339893555,383.70035612186416,111746600
2023-03-23,378.3498229980469,384.239130397535,375.6361133164018,380.1974338773298,119351300
2023-03-24,380.83258056640625,380.9191845780308,374.7219318967555,377.06996076940004,107682400
2023-03-27,381.5447082519531,383.8831342228275,380.64977069262744,383.1132717788515,74010400
2023-03-28,380.6882629394531,381.54470001628135,378.850254938649,380.85183851528325,62871700
2023-03-29,386.22149658203125,386.46207306808367,383.6521267894026,384.8550092196648,77497900
2023-03-30,388.48284912109375,389.1083419949658,386.6159735874044,388.85813309852045,69840000
2023-03-31,393.9584045410156,394.25671700401034,389.30081840141827,389.40668731548556,112062600
2023-04-03,395.45965576171875,395.8638078292274,393.0442583450311,393.43880732243116,67391100
2023-04-04,393.26556396484375,396.39305813101834,391.8894442126204,396.10434874148575,66601500
2023-04-05,392.2359619140625,393.2945044696635,390.58079429091845,392.53427444783404,65200200
2023-04-06,393.7659912109375,394.0450681714436,390.38828778154027,391.43719778873736,63743300
2023-04-10,394.1701965332031,394.2471974686238,390.6674175201204,391.28327816722464,63681000
2023-04-11,394.2759704589844,395.6809288356751,393.50613749381705,394.7956238624572,59297900
2023-04-12,392.66900634765625,396.63373228939827,392.0820137020243,396.3450228287615,86420400
2023-04-13,397.8846130371094,398.2406615136449,392.6111662470231,393.75631259262076,85814800
2023-04-14,396.9127502441406,399.443619886818,394.6032215680084,397.2495632394048,78161500
2023-04-17,398.3369140625,398.35614960865223,395.59433632263926,396.8260867230395,66436400
2023-04-18,398.59674072265625,400.0498321097644,397.2206502574761,399.9150951800139,63560000
2023-04-19,398.5293884277344,399.43392897608123,396.62401213094887,396.68174813685937,55227300
2023-04-20,396.35455322265625,398.1059569841909,394.805225474454,395.709795357126,75840400
2023-04-21,396.66253662109375,397.1244246963598,394.7090566567866,396.65290416377644,73457400
2023-04-24,397.0763244628906,397.4997414469219,395.12284448225694,396.46043453439125,64332100
2023-04-25,390.773193359375,395.6617241074058,390.7154573508528,395.1035702020275,97766700
2023-04-26,389.1180419921875,392.46687746099377,388.5599174310108,391.38909943441206,80447000
2023-04-27,396.8646240234375,397.1340685308111,391.40833604006144,391.65854499949717,92968400
2023-04-28,400.2519226074219,400.26155506482286,395.92154566069996,395.97928167060974,89433100
2023-05-01,399.8477478027344,401.8781992260224,399.61677440898023,399.8092473425676,62122300
2023-05-02,395.3538513183594,399.1838403305297,392.44769734567666,399.13570740314333,103998500
2023-05-03,392.6401062011719,398.2696024994155,392.3995296872918,395.85420490253955,91531800
2023-05-04,389.8590087890625,391.91832822239473,388.5213894409254,391.59114772802405,94901900
2023-05-05,397.0763244628906,398.125234465571,393.2367329689119,393.4965450134205,87891800
2023-05-08,397.1820983886719,397.6632513030807,395.77714010142626,397.4034393015075,50046800
2023-05-09,395.44036865234375,396.55664705489033,395.20942462672946,395.6328415851866,49220100
2023-05-10,397.2879943847656,398.9142936957152,393.45800635276555,398.2791682813285,96142900
2023-05-11,396.59515380859375,396.8838338451928,394.5165694433399,396.4219457866343,70157100
2023-05-12,396.0755615234375,398.0483066355821,393.650560739882,397.8365981203093,70481500
2023-05-15,397.4419860839844,397.8461381335402,394.7667767427343,396.68175616777665,54289400
2023-05-16,394.7860107421875,397.2591440489676,394.7763782852964,396.3353092048242,57705500
2023-05-17,399.57830810546875,400.18453618231763,395.1613273420889,396.8068622851723,87287000
2023-05-18,403.4275207519531,403.8509377054382,399.0394081133319,399.2607196795313,97177200
2023-05-19,402.8404846191406,404.8613328497813,401.61836671819003,404.33207636027197,103793300
2023-05-22,403.004150390625,404.54384591155565,401.61842735851235,402.85981035962357,60745400
2023-05-23,398.48126220703125,402.9367433972177,398.08671324851565,401.35854756315524,86383500
2023-05-24,395.5943298339844,397.2591296170941,394.4299479150844,396.8742131296412,89213700
2023-05-25,399.0201416015625,400.4732329300767,396.86458575045214,399.10674560980397,90961600
2023-05-26,404.187744140625,404.90947362025605,399.59755522238083,399.67452677861917,93830000
2023-05-30,404.3417053222656,406.6512337191027,402.955982410714,406.1219771957275,72216000
2023-05-31,402.0995788574219,403.41793341434715,400.53101533620446,402.5133634004825,110811800
2023-06-01,405.9198913574219,406.9784337458306,401.0794937409788,402.3304796935779,88865000
2023-06-02,411.78997802734375,412.5790465929496,407.9696222034908,408.49887873292437,91426200
2023-06-05,411.0008239746094,413.4258240828395,410.2983301497353,412.1363378006442,65460200
2023-06-06,411.89581298828125,412.4250695118066,409.9327006351518,410.5870909976928,64022200
2023-06-07,410.4715881347656,413.4258744271593,410.0481711705742,412.2903604628489,85373300
2023-06-08,412.9543762207031,413.40666121291997,409.7691457275,410.53897877639116,61952800
2023-06-09,413.6953125,415.7065283650919,412.70413856902655,413.75304850629004,85742800
2023-06-12,417.4482727050781,417.52527361997466,413.9551270818145,414.67685648093624,76104300
2023-06-13,420.2004699707031,420.8451984353185,418.24699029785324,418.91098367422893,95899700
2023-06-14,420.700927734375,422.5100677032549,417.2462527373111,420.53735216092747,100612100
2023-06-15,425.91656494140625,427.16755076971987,419.78668152163175,419.8828886105457,110303100
2023-06-16,424.4658508300781,428.4742491472454,423.99257880127806,427.9043831698667,114165800
2023-06-20,422.26361083984375,423.4130109410261,420.1869737539229,422.52441742791524,76160400
2023-06-21,420.10003662109375,422.08007971224396,419.510834231047,421.2784119248558,76982300
2023-06-22,421.61651611328125,421.7227488220665,418.80580025695025,419.14386433493524,70637200
2023-06-23,418.4291076660156,420.2159925909701,417.71436548656794,418.1586622892244,92074500
2023-06-26,416.719482421875,419.78130707914215,416.47801229853,417.8592143297431,72823600
2023-06-27,421.2880859375,421.9062340935396,417.1444505822348,417.5984155696539,72813700
2023-06-28,421.5006103515625,422.5147730975973,419.58815632826764,420.2063045276252,75636000
2023-06-29,423.16192626953125,423.3261389375307,420.67963558379535,421.08528892018165,67882300
2023-06-30,428.1555480957031,429.14073568910436,426.05957423925753,426.3783313417032,104964000
2023-07-03,428.6482238769531,428.9283080699069,427.5277986761149,427.8079123454097,32793400
2023-07-05,428.0106506347656,428.7447292814146,426.8226069528998,426.8322751907773,58418400
2023-07-06,424.6590270996094,425.08401688065084,422.1477318870011,424.42722521043544,80658300
2023-07-07,423.5869140625,427.5373915505045,423.3454439189286,423.664201015191,86134200
2023-07-10,424.6590270996094,424.8328785164898,422.6596473764828,423.2295133382579,62443500
2023-07-11,427.36346435546875,427.85607282742535,424.44651594855435,425.4220646553444,64463800
2023-07-12,430.8019714355469,432.21217806227327,429.72985832515656,431.1593719486746,91924500
2023-07-13,434.2213134765625,435.0133427036208,432.18331940291864,432.61794802044653,72425200
2023-07-14,433.9507751464844,435.9597935487755,433.1877213239847,435.109843497716,69815800
2023-07-17,435.45758056640625,436.51038682135163,433.7576213779186,433.8059330908804,52680200
2023-07-18,438.69329833984375,439.3404218148386,434.69453863237396,435.12919667930265,80668200
2023-07-19,439.6687927246094,440.85680681351107,438.61595709471186,439.48527308096357,65891700
2023-07-20,436.7518615722656,439.5722457578469,436.0371193951603,438.6739839174844,70591600
2023-07-21,436.7518615722656,438.6739839174844,436.74222281063936,438.47112777830426,71275600
2023-07-24,438.7029724121094,439.5143085643416,436.86777572408096,437.9012750217946,54023400
2023-07-25,439.900634765625,441.15626767500714,438.3841952460214,438.4325069587421,55191200
2023-07-26,439.9682312011719,441.39771546076753,437.91090104233945,438.96370723872633,71052900
2023-07-27,437.05126953125,443.7641509737044,436.14333947921443,443.35846818342566,92194400
2023-07-28,441.3301696777344,442.1608128318353,437.0512962860115,440.3256456163928,80011800
2023-07-31,442.17047119140625,442.52784228350436,440.48981896786944,441.80343186125066,62040400
2023-08-01,440.9051513671875,441.6488687577706,439.94890960634154,440.70229523457317,55291500
2023-08-02,434.77178955078125,438.0461090832154,434.01840394785836,437.78533196247287,93933400
2023-08-03,433.5258483886719,435.4093273640729,432.1060027164115,432.75315569310766,64276100
2023-08-04,431.5650939941406,437.44730311288595,431.0435102343316,435.34169055011716,100128900
2023-08-07,435.33197021484375,435.4865146243049,432.7047742066685,433.4002093110776,58357500
2023-08-08,433.4388732910156,435.3223520518387,430.0775985479417,432.7917203880473,71361300
2023-08-09,430.541259765625,433.87355948928627,429.77820586959297,433.7093468244431,78789600
2023-08-10,430.69580078125,436.28825743462227,429.527093565885,432.8980072622996,93005500
2023-08-11,430.4446105957031,431.45880273974404,428.22309738246776,428.8219385368356,68690900
2023-08-14,432.82073974609375,432.82073974609375,429.21802398769285,429.52711285274876,47867400
2023-08-15,427.7789001464844,431.400952625637,427.20900461725313,431.0435520209029,75707500
2023-08-16,424.6397705078125,429.02484730566357,424.5335083117714,427.3635314579317,80107200
2023-08-17,421.4040832519531,426.36869453841894,420.88249943989206,426.10791737055774,95711300
2023-08-18,421.60687255859375,422.6403718520157,418.23595877170976,418.5836616313642,98852000
2023-08-21,424.3500061035156,425.09372360106846,420.4671764574395,422.62107146680034,68719000
2023-08-22,423.2005310058594,426.1271477129419,422.6403332909712,426.1271477129419,64994200
2023-08-23,427.9140625,428.5322402058597,424.1181589807745,424.2630351692306,68441000
2023-08-24,421.98358154296875,430.0293538199984,421.95457682823127,429.51743829068363,88517300
2023-08-25,424.95843505859375,426.2430431246683,420.15800790417546,423.7124409886771,102325100
2023-08-28,427.65325927734375,428.2714074691659,424.95844443108183,427.1509825528838,61595400
2023-08-29,433.83489990234375,434.1150135078099,427.3634885979469,427.5470082557006,83081900
2023-08-30,435.62176513671875,436.2592497912926,433.4678410527647,434.17294441532357,69053900
2023-08-31,434.9843444824219,437.3797095627112,434.8008248059368,436.2399775018421,66084600
2023-09-01,435.79559326171875,438.19098733790463,434.3371043810238,437.70804712324605,58944100
2023-09-05,433.91217041015625,435.6700800917991,433.84458117342785,435.35135247874024,55166200
2023-09-06,430.99517822265625,433.2070527201014,428.66740278671307,433.1007905422567,70758500
2023-09-07,429.6719665527344,430.34806524877047,427.6436115119561,427.99131435968866,70355400
2023-09-08,430.319091796875,431.85483833340237,429.3628794853081,429.72025057240546,61659700
2023-09-11,433.149169921875,433.4582293140434,431.2367157088773,432.94631377147886,60180100
2023-09-12,430.7730712890625,433.2264162204621,430.1935665209915,431.7003378706483,67565400
2023-09-13,431.2752990722656,432.4343379531001,429.8940675950137,430.9951854819559,60199300
2023-09-14,434.9939880371094,435.68942327241507,432.4440784918802,433.74802324262066,83430800
2023-09-15,429.7530212402344,433.7368084981918,429.3168595859164,433.4072542770486,111848900
2023-09-18,430.0050964355469,431.3039383717458,428.96795152295476,429.44289301849346,55752200
2023-09-19,429.1132507324219,429.675454034148,426.42833506959016,429.0841732913192,66514600
2023-09-20,425.1683349609375,430.79019131325117,424.9647632633325,430.3734047367829,82562600
2023-09-21,418.1409606933594,422.5802845540439,417.98587113932,422.31858757052555,104095800
2023-09-22,417.2007141113281,420.7676848012683,416.78389802992604,419.1683664368396,100829700
2023-09-25,418.95513916015625,418.993889361631,415.55293063128704,415.9891218304828,70874500
2023-09-26,412.8001708984375,416.6191660672769,411.96656825523684,415.91157553365485,96168400
2023-09-27,412.96490478515625,414.53517529607944,409.3204041006066,413.9729720120895,104705800
2023-09-28,415.35906982421875,417.035947852058,411.8211763569914,412.4124571151363,92258300
2023-09-29,414.35107421875,418.5868563011905,412.82928558629357,418.4123916323294,115111300
2023-10-02,414.186279296875,415.43666857523283,411.42380373877234,413.51746849079825,83798600
2023-10-03,408.6418762207031,414.2443562753585,407.2751774209986,412.0053047214586,103760600
2023-10-04,411.6177062988281,412.364047157279,407.6436209279744,409.10725477824377,87453000
2023-10-05,411.46258544921875,412.3058609268304,408.23487076244464,411.3268709869175,70142700
2023-10-06,416.3478088378906,417.8889725902115,407.6823752264937,409.01029452111743,113273300
2023-10-09,419.0133056640625,419.5851817448939,413.89546879833836,414.44794019758774,80374400
2023-10-10,421.1942443847656,423.7919280682824,419.2459668319729,419.643378299873,78607300
2023-10-11,422.9195251464844,423.17151977952034,419.8759482263836,422.2604167519184,62451700
2023-10-12,420.3411865234375,423.9081571332996,417.98582518977616,423.53015042088333,81154200
2023-10-13,418.24761962890625,423.045605313089,416.6773783738098,421.8436685163455,95143100
2023-10-16,422.6481628417969,423.7143850912576,420.25402134631616,420.49634324027045,75433200
2023-10-17,422.6287536621094,424.6836681484373,419.1684195342952,419.5173488593283,75324700
2023-10-18,416.9971923828125,421.81455273319096,415.91159504982164,420.85496751569167,93559800
2023-10-19,413.333251953125,419.5270131332278,412.65476846702256,417.714450283055,121323000
2023-10-20,408.25421142578125,413.4399055549237,408.14757441721036,412.8971069121286,123919900
2023-10-23,407.5466613769531,411.4141390664612,404.9683527773846,406.72276099004836,92035100
2023-10-24,410.6192932128906,411.7727477741345,407.8180379697815,409.6693807564813,78564200
2023-10-25,404.72601318359375,408.9618247136512,404.21229195450024,408.9327472697519,94223200
2023-10-26,399.8795471191406,404.5127401955018,398.95874174042217,403.65979204119725,115156800
2023-10-27,398.06695556640625,401.8665753160578,396.642101857825,401.46916391920945,107367700
2023-10-30,402.8262023925781,403.88272225418063,399.5597081383843,400.85854988329856,86562700
2023-10-31,405.3560485839844,405.67590044700427,401.48857130380884,403.39806888205027,79665200
2023-11-01,409.6791076660156,410.49330571448974,405.7922548569512,406.32538079437717,98068100
2023-11-02,417.5303039550781,417.68539350879695,413.4592845158063,413.4786596174057,94938900
2023-11-03,421.339599609375,422.8904655764815,419.71120365505175,419.8372157670484,100167800
2023-11-06,422.30889892578125,422.75476292041225,420.36062146659094,422.0956544795997,67831700
2023-11-07,423.5107727050781,424.1505059932791,421.1651135619809,422.3088656922616,64256100
2023-11-08,423.8209533691406,424.635151307966,421.51404441898217,424.11172778289733,61746000
2023-11-09,420.5157165527344,425.0035227425126,420.08922765476564,424.9647429571584,83174400
2023-11-10,427.0777282714844,427.38790735412255,420.5059605571527,422.58995223462995,89462200
2023-11-13,426.670654296875,427.7756266322396,424.95502612182986,425.740146607046,52236100
2023-11-14,434.9483947753906,436.23753414765645,432.3894615518305,432.61240832792026,97176900
2023-11-15,435.8692626953125,437.51706352995177,435.01628483174915,436.2860492849091,77327600
2023-11-16,436.40234375,436.72219562577186,434.3571316402488,435.42335386000235,66665800
2023-11-17,436.94512939453125,437.55578526494025,435.4911981146269,436.41200351038174,83133200
2023-11-20,440.3085632324219,441.1518386514175,436.6834077524104,436.69311009341754,69936200
2023-11-21,439.3489685058594,440.18257120218567,438.0792041489343,439.2617361737396,49244600
2023-11-22,441.04522705078125,442.3634735504526,439.9499569252717,441.00647684513626,59394900
2023-11-24,441.3166198730469,441.51048921964684,440.7641484378246,441.0937026627971,29737400
2023-11-27,440.52178955078125,441.5007498020653,440.1340508901427,440.68655185927656,50506000
2023-11-28,440.9579162597656,442.2567578452073,439.57184235667916,440.13401604160293,62115000
2023-11-29,440.6478271484375,444.24390548723534,440.2504452581405,443.10982596571546,63146000
2023-11-30,442.38287353515625,442.7318324677561,439.4168557194586,441.4911454702114,79752700
2023-12-01,444.9998779296875,445.5329741995201,441.18088297834976,441.77213412924385,89183400
2023-12-04,442.6639099121094,445.019271433423,440.3860783753154,441.60739008872554,72430900
2023-12-05,442.5766296386719,443.53621469221554,440.8997517995739,441.277788081457,69793500
2023-12-06,440.7932434082031,444.74792384542485,440.35705215116445,444.71884640030964,69124700
2023-12-07,444.1566467285156,444.80605282503006,442.27622650644105,442.87718005735604,66995400
2023-12-08,446.06610107421875,446.5991973452758,443.1679114532356,443.4102333183171,83194400
2023-12-11,447.8011169433594,447.9756111721654,445.35852312344826,445.5717675539386,65002200
2023-12-12,449.84637451171875,449.94330918636626,446.45386796122364,447.45223299144266,68327600
2023-12-13,456.0497741699219,456.3017983886153,449.86571511357835,450.22434675999136,93278000
2023-12-14,457.5134582519531,459.18063413890565,454.83821495932193,457.98839971929596,119026000
2023-12-15,456.7601318359375,458.09346468799856,454.911024624647,456.9158501916579,141553700
2023-12-18,459.32940673828125,460.31236579340026,457.30512766166345,458.36593103885957,70375300
2023-12-19,462.12255859375,462.2004326198957,459.79658439176796,459.8744287176748,55761800
2023-12-20,455.7187805175781,463.1541458673366,455.2905624937439,461.26610177140515,102921000
2023-12-21,460.03985595703125,460.31235562864003,456.2832215195996,458.7065232314146,86667500
2023-12-22,460.96441650390625,462.6480933014032,459.06666039020405,461.1687838422537,67160400
2023-12-26,462.9108581542969,463.8159432234597,461.2953136791012,461.373187704544,55387000
2023-12-27,463.74786376953125,463.893840449239,462.1712562282074,462.70651395388256,68000300
2023-12-28,463.9229736328125,464.7599262845027,463.50449730696744,464.1078873024159,77158100
2023-12-29,462.5799865722656,464.2539217843669,460.62380998189565,463.72837604213146,122283100
2024-01-02,459.9911804199219,460.9838811377681,457.8890273530107,459.51431341639926,123623700
2024-01-03,456.234619140625,458.570335093064,455.6312290704376,457.83068032303305,103585900
2024-01-04,454.7650451660156,458.3464782249613,454.5411944622418,455.7577162648923,84232200
2024-01-05,455.3879089355469,457.84040614563645,453.93779478135224,454.96940287212124,86118900
2024-01-08,461.8890075683594,462.0349842457667,455.7577198150965,455.884242835596,74879100
2024-01-09,461.188232421875,462.21009873679486,458.72599376856454,459.2320560873438,65931400
2024-01-10,463.7965393066406,464.66271715621303,461.17858179983745,461.460823196919,67310600
2024-01-11,463.59210205078125,465.3146861106975,459.6116465550996,464.7988820904805,77940700
2024-01-12,463.9132385253906,465.7818289024957,462.50209119029734,465.04217421360715,58026400
2024-01-16,462.2101135253906,463.84511156166917,460.3902018147457,462.531291886232,85014900
2024-01-17,459.640869140625,460.1274778564824,457.28566988777015,459.18345575970955,68843900
2024-01-18,463.7283630371094,464.28310409945385,459.7673906749951,461.314802822399,91856200
2024-01-19,469.50927734375,469.79151871434675,463.7770421286305,464.8572992191645,110834500
2024-01-22,470.50201416015625,472.2245984500442,469.84994536440996,471.04701358634367,75844900
2024-01-23,471.8741455078125,472.1174498429628,469.9569358590548,471.0469345284904,49945300
2024-01-24,472.3900146484375,475.6794645582401,471.8936642634199,474.745184157241,81765000
2024-01-25,474.9592590332031,475.2317587014155,472.38998069009165,474.52129934846636,72525000
2024-01-26,474.35589599609375,476.02008943226616,473.5092016110277,474.53106799985125,76641600
2024-01-29,478.1125183105469,478.2585246858996,474.12235058965683,474.66734997690736,61322800
2024-01-30,477.7427062988281,478.4531359964777,476.983568210537,477.421527922976,58618400
2024-01-31,469.9472961425781,475.98122714330174,469.92781278338776,475.53355538556326,126011100
2024-02-01,476.0979919433594,476.1271872790658,470.8425939142762,471.65038103588824,91891600
2024-02-02,481.1100158691406,482.7644675885541,476.19525029914104,476.53588232086173,99228200
2024-02-05,479.3582458496094,481.1392504253947,477.1004039249224,480.4774696836803,75757100
2024-02-06,480.74993896484375,481.0808293147646,478.871606822303,480.3022375794468,55918600
2024-02-07,484.7595520019531,485.1780283206073,482.0929163546594,482.99803103251514,70556500
2024-02-08,484.9737243652344,485.3532637246949,483.9421162494583,484.759615339305,52343600
2024-02-09,487.776611328125,488.2145413726089,485.1391705814137,485.47980263839474,63979400
2024-02-12,487.5624694824219,490.01496666720067,486.84226840178366,487.7473831666172,56502300
2024-02-13,480.8472595214844,483.776653518952,477.5772631803255,481.28521924942925,113099200
2024-02-14,485.2170715332031,485.70368029867757,481.15874136104014,483.48474551612395,68387800
2024-02-15,488.56488037109375,488.74979405458623,485.4408311080291,485.91772783399097,61683000
2024-02-16,486.1318664550781,489.401862888149,485.3922116760664,488.2632150838705,75532900
2024-02-20,483.45550537109375,485.06130820828355,481.20737545898015,484.3897857981468,71736700
2024-02-21,483.8934326171875,484.0491509708409,480.3411949189208,482.15139479243277,59293400
2024-02-22,493.9078369140625,494.87131264849836,489.54781221335594,490.51131764803023,76402500
2024-02-23,494.24847412109375,496.4674086571224,493.51856105397593,495.6304262293698,61321800
2024-02-26,492.4383239746094,495.12441383679885,492.3118009448335,494.6864540722274,50386700
2024-02-27,493.35308837890625,493.57693907250416,491.23148157958644,493.1292673855463,48854500
2024-02-28,492.7010498046875,493.28495648375826,491.4358493661455,491.7959350516518,56506600
2024-02-29,494.4723205566406,496.0878651256629,491.81545586381117,494.4626085780751,83924800
2024-03-01,499.1145324707031,499.54275051356746,494.9394511031337,495.3482154895911,76844800
2024-03-04,498.5793151855469,500.42845220247364,498.28736181458015,498.31658685191803,49799300
2024-03-05,493.59637451171875,497.02211863397577,491.3871817921508,496.57441726330285,72855600
2024-03-06,496.09759521484375,498.3554668272533,494.8032290742474,496.8761572948693,68382400
2024-03-07,501.02215576171875,502.07324741335555,496.1560677084783,499.39689898407335,58652100
2024-03-08,498.0148010253906,504.34068432238394,497.4406063327474,501.6546542384204,86532500
2024-03-11,497.58660888671875,498.17054528765857,494.88106560592894,496.8080468189585,62557200
2024-03-12,502.9393005371094,503.5232071984046,497.17781094345105,499.6984700657358,73114400
2024-03-13,502.15093994140625,503.4355940031198,500.7105972360643,503.2604220038599,55104100
2024-03-14,501.1582946777344,503.27990140830235,498.1121195690471,503.1241533654222,110171800
2024-03-15,497.7170715332031,499.54266772632866,496.0477073102581,498.08804798108406,107646300
2024-03-18,500.675048828125,503.2327960119457,500.2650442068728,501.7879780994152,88893300
2024-03-19,503.4574279785156,503.7405165081089,498.976454143322,499.9820112945357,60755300
2024-03-20,508.1140441894531,508.2507322695581,502.84237700936313,503.515985878407,69594600
2024-03-21,509.79315185546875,511.65774627628207,509.51000378121233,510.95488123336787,60256100
2024-03-22,508.8267822265625,510.1934843836466,508.59243424802077,509.70536370217854,79070800
2024-03-25,507.4208984375,508.57285588251494,507.26466648069925,507.4501546887545,48512100
2024-03-26,506.48370361328125,509.1879108526766,506.0834709315648,508.84619067556724,65463700
2024-03-27,510.7400817871094,510.7791695687557,507.14752139258985,509.31480779780867,82999800
2024-03-28,510.6424560546875,512.145845947325,510.3593675770243,510.7791441135719,96294900
2024-04-01,509.7540588378906,511.92134520134493,508.592329471925,511.38442447935097,62477500
2024-04-02,506.5130920410156,506.64972054640486,504.2091171531449,505.9273114756069,74230300
2024-04-03,507.0694274902344,508.5728771082824,505.3707772955882,505.41957743973774,59155800
2024-04-04,500.8801574707031,511.42355215213394,500.57752503507555,511.08189151305373,96858100
2024-04-05,506.1127014160156,508.0749556966803,501.79773213862893,502.23705258109646,74546500
2024-04-08,506.3958435058594,507.8211772121714,505.58560615213537,506.8156796872345,48401800
2024-04-09,506.9815979003906,508.3776156958321,502.12964804913753,508.1335553906493,68049200
2024-04-10,501.90509033203125,503.8966008078219,499.9233518012494,501.2802817017724,82652800
2024-04-11,505.6929626464844,507.13778061540546,499.9136311857634,503.42807581801776,70099000
2024-04-12,498.71282958984375,503.56474960986543,496.9848635757255,502.14918793409277,92561100
2024-04-15,492.4649353027344,503.0571295651305,491.61558034670605,502.89118522807627,92101400
2024-04-16,491.5667724609375,494.4662102656471,490.2781268160622,492.9432762462562,73484000
2024-04-17,488.6575012207031,494.1928017122706,487.26148351067934,494.0268276061939,75910300
2024-04-18,487.65203857421875,492.15252641432477,486.7148552774961,490.0536135988177,74548100
2024-04-19,483.3956298828125,488.56969668668467,482.1264983587833,487.57394131853926,102212600
2024-04-22,487.8472900390625,490.44409539983275,483.65920663681294,486.00217973304706,67961000
2024-04-23,493.6363830566406,494.0659315908711,487.6617913619136,489.85833417865257,64633600
2024-04-24,493.4020690917969,495.3154935043147,491.17624034467946,494.5247405147149,55928100
2024-04-25,491.5277099609375,492.2891769636512,485.67026231159537,487.32011244956163,69122400
2024-04-26,496.1843566894531,497.765862650216,493.68518162682494,494.3197324417275,64306100
2024-04-29,497.9416198730469,498.61522873285696,495.1983842873063,497.97090591945084,46415400
2024-04-30,490.0535888671875,497.45348436502843,490.0535888671875,496.4772431240589,77483600
2024-05-01,488.4623107910156,496.1160385437577,487.9937042701267,489.4678380773352,80242800
2024-05-02,493.0310974121094,493.8706803453591,487.6812848525579,492.1720003799534,62550200
2024-05-03,499.1423645019531,500.37240813782097,496.4772153379588,499.0154483809272,72756700
2024-05-06,504.2969665527344,504.3359947534281,501.1046384911043,501.54395898532556,47264700
2024-05-07,504.8533935546875,506.2494113345479,504.1797847364997,505.2633981790086,52561300
2024-05-08,504.9021911621094,505.439111907815,502.90090860900597,503.01805278679507,42047200
2024-05-09,507.8113098144531,507.8503975923716,504.43355378603155,505.0876186308662,43643700
2024-05-10,508.4655456542969,510.2227680798631,507.2452440275092,509.4124711158648,52233200
2024-05-13,508.53375244140625,510.2519464031073,507.391566976992,510.1445741767588,36716400
2024-05-14,510.8669738769531,511.3844102791641,508.1920827014514,508.72900340853613,57535900
2024-05-15,517.193115234375,517.4859756907869,512.7023697575905,513.3369504006804,59504900
2024-05-16,516.1289672851562,518.8917465910545,515.9825072697596,517.2906967075278,50244800
2024-05-17,516.8709716796875,516.9393157213522,514.7915729298934,516.246162943074,59187600
2024-05-20,517.466552734375,518.9309149437036,516.5976835230946,516.9882039462692,37764200
2024-05-21,518.735595703125,518.8918276886369,516.5000244352296,516.7050565718225,33437000
2024-05-22,517.241943359375,518.7551054535538,515.0648847480338,518.0424683735625,48390000
2024-05-23,513.4638671875,520.4049281460258,512.2532779910508,520.2975559093766,57211200
2024-05-24,516.8611450195312,517.6714419020187,514.3619699226733,515.3088952889863,41291100
2024-05-28,517.222412109375,517.9057929513657,514.5865486245773,517.6715045678355,36269600
2024-05-29,513.6005249023438,514.7817983278129,512.8878878194378,513.1905202395113,45190300
2024-05-30,510.1933898925781,512.7218807717095,508.94383216366884,512.058043918065,46377600
2024-05-31,514.84033203125,514.9672481577884,506.0443890267406,511.15017117084983,90785800
2024-06-03,515.2601318359375,516.7342656913833,510.18366530067414,516.4511771729021,46835700
2024-06-04,515.8361206054688,516.5780734778808,512.4876203186922,513.9519821715993,34632700
2024-06-05,521.9668579101562,521.9864018010747,516.1679828855217,518.1595530381444,47610400
2024-06-06,521.9571533203125,522.6991062505612,520.0242145910106,522.2695576901561,30808500
2024-06-07,521.3225708007812,524.1341502130953,519.8874652579173,520.9808506310355,43224500
2024-06-10,522.933349609375,523.255525898201,519.916797584573,520.5122904328304,35686100
2024-06-11,524.1926879882812,524.2512600728273,519.4090826052437,521.3811087600108,36383400
2024-06-12,528.498046875,531.1924827586228,527.4632333413672,528.76165112863,63251300
2024-06-13,529.5621337890625,530.4212309464041,526.770097820224,530.2455146530901,44760900
2024-06-14,529.8843383789062,529.9135946368305,527.0238986275654,528.0294558754849,40089900
2024-06-17,534.1015014648438,535.49757872361,528.7419471638832,529.2008114818414,55839500
2024-06-18,535.4586181640625,535.5855343086499,533.7404238235347,534.1602004613839,41376400
2024-06-20,534.0040283203125,537.0498966218076,532.2272618802663,536.3860596417427,70328200
2024-06-21,533.2880249023438,534.4045446160707,531.828742363983,533.1803062748603,64338600
2024-06-24,531.5545043945312,535.6777608035513,531.4369822915095,533.1117619254674,45528700
2024-06-25,533.6014404296875,533.9638101987721,531.260682360104,532.7787259572508,37936200
2024-06-26,534.2675170898438,534.9824532882294,531.8386468881042,532.4850185530828,38550600
2024-06-27,535.1096801757812,535.6875469780335,533.3859430174333,534.1302894973802,35041500
2024-06-28,533.0039672851562,538.9391321933387,531.7601817698417,535.8833782760337,76144500
2024-07-01,534.1009521484375,534.6298016081159,531.3390631933655,534.3849539324244,40297800
2024-07-02,537.6952514648438,537.6952514648438,532.4457321114778,532.4946896868087,40434800
2024-07-03,540.0948486328125,540.457218430894,537.3427629954197,537.381917105902,32789900
2024-07-05,543.209228515625,543.6107523683424,539.7617544001083,540.3983822148235,41488400
2024-07-08,543.8361206054688,544.786100933334,542.7685583933277,543.9927968223914,36110500
2024-07-09,544.3649291992188,545.6968861634513,544.0711239537649,544.795863484972,27289700
2024-07-10,549.7516479492188,550.0944108163902,545.2954317896393,545.5892370725392,38701200
2024-07-11,545.0113525390625,550.7408243676441,544.3747844096212,549.869152242232,53054200
2024-07-12,548.4490356445312,552.0531865568831,545.667599292853,546.1376877405125,53084400
2024-07-15,549.957275390625,553.1990561394715,548.0964091939553,550.4469707289841,40584300
2024-07-16,553.2186279296875,553.5124331903285,550.51549997726,551.2696499606263,36475300
2024-07-17,545.4619140625,548.9583463886919,545.1386983611491,547.2835666023501,57119000
2024-07-18,541.27001953125,547.9886849352189,539.0859974733345,546.9994907975359,56270400
2024-07-19,537.6756591796875,542.6607838512468,536.6179005483158,541.0349619096787,65509100
2024-07-22,543.2191162109375,543.8263337080781,539.6639229224022,541.6030975244146,43346700
2024-07-23,542.3670043945312,545.2659625762393,541.8773090500791,543.111291105197,34439600
2024-07-24,530.0756225585938,537.8519873002513,529.1549928867055,537.5483785668235,74515300
2024-07-25,527.3137817382812,536.1773164246895,526.3736048145187,530.193193121847,61158300
2024-07-26,533.219482421875,535.9128068838628,530.3302678617441,531.1040247828195,53763800
2024-07-29,533.5328369140625,535.775619885458,531.534841817287,534.7668786438925,39515800
2024-07-30,530.8297119140625,536.0596840862061,527.4214517116767,535.001925487195,46853600
2024-07-31,539.4581298828125,542.0926929678205,536.2947173976487,537.6658283608423,65663400
2024-08-01,531.8189697265625,543.4345294348678,528.3127341764186,541.1819427118934,76428700
2024-08-02,521.9172973632812,525.9229716163323,517.705869778205,524.7085367838448,82789100
2024-08-05,506.7171630859375,512.7893973566776,499.75367969518885,501.0954700551791,146267400
2024-08-06,511.38885498046875,518.8322000557341,507.19703427938214,508.5191877541787,84826300
2024-08-07,507.9707946777344,520.6343700428232,507.3733806496258,517.5786158200011,70698300
2024-08-08,519.713623046875,520.3403875727178,511.08519462973396,513.1124804789883,63276600
2024-08-09,522.0054931640625,523.4941863094633,517.66679909137,518.8910375919244,45619600
2024-08-12,522.2796630859375,524.6889257907327,520.0074696393324,523.2002926739822,42542100
2024-08-13,530.8688354492188,531.1039393955512,525.2275960596088,525.4724436986064,52333100
2024-08-14,532.543701171875,533.728785456597,528.9885080949739,531.6622256176499,42446900
2024-08-15,541.671630859375,541.9556326474029,537.5679813653051,538.1751988274788,60846800
2024-08-16,542.8860473632812,543.5814362683599,539.8989177341498,540.0555939415091,44430700
2024-08-19,548.0767822265625,548.0767822265625,542.4452860411917,543.2973511166235,39121800
2024-08-20,547.185546875,549.2814571312036,545.8437865187526,547.6262846058479,33732300
2024-08-21,549.0660400390625,550.5253226989936,543.2974141481618,548.2335818085938,41514600
2024-08-22,544.7566528320312,551.5732334533072,543.5422179587766,550.9660160166799,56121500
2024-08-23,550.5448608398438,551.4850973665338,545.8045838781815,547.9984691071246,50639400
2024-08-26,549.232421875,552.2881157026231,547.5282918300476,551.5731797078978,35788600
2024-08-27,549.9866333007812,550.476328645617,546.8134170306081,547.9592873998898,32693900
2024-08-28,546.7938842773438,550.0748793992682,543.601060631449,549.6439450462528,41066000
2024-08-29,546.8427124023438,552.0628809883677,545.6968421488655,548.7623394799141,38715200
2024-08-30,552.0628662109375,552.5721684331874,545.6576734390724,549.2128659703031,62700100
2024-09-03,540.7019653320312,549.2520259222431,538.1849243812507,548.919006824782,60600100
2024-09-04,539.5953369140625,543.0035975400444,538.1360542845994,538.8607938634791,47224900
2024-09-05,538.2828369140625,542.3864857940848,535.8245570186228,539.5364855369387,44264300
2024-09-06,529.2235107421875,540.231851947678,528.3224880929642,538.60608979078,68493800
2024-09-09,535.14892578125,536.4221817026793,531.4958170549409,533.425248105456,40445800
2024-09-10,537.479736328125,537.8323623685915,532.1812595780266,537.05860555086,36394600
2024-09-11,542.9937744140625,543.9144040618945,528.8318231688719,537.3916883108078,75248600
2024-09-12,547.5675659179688,547.8711746400817,541.3483991843773,543.5716351743016,51819600
2024-09-13,550.4274291992188,551.4264269369157,547.9201911599521,548.1748423305235,39310500
2024-09-16,551.2402954101562,551.5046902542234,548.360884321784,550.1629297590999,36656100
2024-09-17,551.465576171875,554.9032473896473,549.2325364902464,553.4537083801224,49321000
2024-09-18,549.8300170898438,556.969754476821,549.2717571625421,552.1217580784818,59044900
2024-09-19,559.2125244140625,561.0733907935877,556.3723270388496,559.2419348303403,75315500
2024-09-20,558.245849609375,559.2871857073619,555.2200568119598,557.8430941207945,77503100
2024-09-23,559.6408081054688,560.2892222272916,558.0984411315784,559.3166610051752,44116900
2024-09-24,561.2420654296875,561.3010067117204,557.6071931426925,560.4364946014963,46805700
2024-09-25,560.0042724609375,561.8217386948093,558.8941616149112,561.0849426444706,38428600
2024-09-26,562.2244873046875,564.5920921622151,559.866775948692,564.2678851150425,48336000
2024-09-27,561.4090576171875,564.1106429805404,560.377555197848,563.2952985697877,42100900
2024-09-30,563.6588745117188,564.2679545173111,558.0788790007499,560.3776493545987,63557400
2024-10-01,558.6092529296875,563.9534823374194,556.0353836889657,563.3051282373419,72668800
2024-10-02,558.8450927734375,559.866821742494,555.3183290115846,557.715374727311,38097800
2024-10-03,557.8234252929688,559.7685478192003,555.5344286086627,557.3715020969081,40846500
2024-10-04,562.8924560546875,563.2657708110322,558.0983654622065,562.2735426407796,42939100
2024-10-07,557.8038330078125,561.8906295220091,556.6544477209696,561.2422152859031,49964700
2024-10-08,563.0791625976562,563.6784689445017,559.5032914013763,560.3775771285751,37398700
2024-10-09,566.9793090820312,567.5392812736217,562.4700908869163,563.0693372819003,37912200
2024-10-10,565.987060546875,567.411544847049,564.375918856187,565.6334128471475,44138100
2024-10-11,569.3764038085938,570.1131999200273,565.7709716649979,565.9085213296812,42268000
2024-10-14,574.0328369140625,574.9661238038994,570.5060138126606,570.9873775872582,36217200
2024-10-15,569.5728759765625,574.6027324678581,568.3546560789198,574.2981924836022,54203600
2024-10-16,572.0485229492188,572.5692210133667,568.7673576490918,569.5729286407808,30725400
2024-10-17,572.0975341796875,575.8011814159861,571.9108767867559,575.5948569414992,34393700
2024-10-18,574.298095703125,575.0839994048337,572.3234729286785,573.7872313147403,37416800
2024-10-21,573.3551025390625,574.5535954570634,570.3784174069214,573.5712006217359,36439000
2024-10-22,573.0504150390625,574.209633451099,570.1621725681896,570.8203601494715,34183800
2024-10-23,567.8143310546875,571.4688706983893,564.3071746074978,571.0267810694698,49314600
2024-10-24,569.0422973632812,569.84786821387,566.419320298971,569.7692598487698,34979900
2024-10-25,568.8458251953125,574.1704478252901,567.9027646254573,571.2723713678375,47268200
2024-10-28,570.6043701171875,572.4512770786239,570.299830137409,572.3235609618828,30174700
2024-10-29,571.5277709960938,572.6476553589258,568.2465463889694,569.6415300427301,42899700
2024-10-30,569.798828125,573.0505525749719,569.0914726763393,571.0562623128328,41435800
2024-10-31,558.6289672851562,565.4958970216722,558.4324763422399,565.4271221936206,60182500
2024-11-01,560.9866943359375,565.4173043933644,560.5741053167588,561.2617936558026,45667500
2024-11-04,559.7783203125,562.4209644478059,557.892139281839,561.1241962515347,38217000
2024-11-05,566.5469970703125,566.5862712698287,560.4758054312122,560.6919034694661,39478300
2024-11-06,580.6346435546875,581.5089893813079,575.0841485043231,578.8270705681771,68182000
2024-11-07,585.1241455078125,586.145874462509,582.5601095007273,582.6387178727699,47233200
2024-11-08,587.6587524414062,589.0832369047557,585.6742957423695,585.6742957423695,46444900
2024-11-11,588.21875,589.6039003558736,586.4897254702406,589.2502526004109,37586800
2024-11-12,586.3914794921875,588.7393574916656,583.9059918696842,588.1401110548398,43006100
2024-11-13,586.6763305664062,588.6803942959151,584.4856094336134,586.8531544283672,47388600
2024-11-14,582.9038696289062,587.2853715644612,582.2162413093224,586.8040077565071,38904100
2024-11-15,575.437744140625,579.8094129170865,573.5810036102117,579.3378226480269,75988800
2024-11-18,577.7955322265625,579.1119076957027,575.0350052053479,575.8994574754852,37001700
2024-11-19,579.9075927734375,580.6345552744816,573.7480186357969,574.4160398519082,49412000
2024-11-20,580.1041259765625,580.3889988810581,574.3374733314436,579.9862433981077,50032600
2024-11-21,583.2183227539062,584.6428072515256,577.1078556838472,582.9531169226577,46750300
2024-11-22,585.02587890625,585.6546259064262,582.7074417987914,583.2084127301733,38226400
2024-11-25,587.0103149414062,590.2816460152659,584.7213185752529,588.965270737662,42441400
2024-11-26,590.075439453125,590.7434606979054,587.5408441710033,588.2579731618996,45621300
2024-11-27,588.2874145507812,590.2718110026187,586.7647148108081,589.8887226529953,34000200
2024-11-29,591.94189453125,592.7277982726248,588.827720226239,589.1027595534448,30177400
2024-12-02,593.0029907226562,593.6808455477146,591.8633791521069,592.3545765627109,31746000
2024-12-03,593.2779541015625,593.5235527754064,591.735647195163,592.7671496331845,26906600
2024-12-04,596.9619140625,597.2075127280552,594.2996629026728,594.9676840777096,42787600
2024-12-05,595.9796142578125,597.7675800229049,595.6259665136723,596.9620090763937,28762200
2024-12-06,597.109375,598.3472020292826,596.333304701608,596.7458937244957,31241500
2024-12-09,594.034423828125,597.1584317989794,593.445010988573,596.9914414878755,34742700
2024-12-10,592.1875,595.1346840344664,591.5293123546073,594.7122615181331,37234500
2024-12-11,596.7655029296875,597.7183970026139,594.8399877419274,595.1150870375847,28677700
2024-12-12,593.690673828125,596.4708079758578,593.690673828125,595.9010621562538,31543800
2024-12-13,593.57275390625,596.4413297893211,592.1973772710232,595.7242008087076,35904700
2024-12-16,596.1073608398438,597.0799821268581,594.5552201188243,595.331290479334,43695200
2024-12-17,593.6513061523438,594.5158183353977,592.2759894688432,593.5530906608857,55773500
2024-12-18,575.9584350585938,595.7339866328443,575.5752867073982,593.3467745348553,108248700
2024-12-19,575.7815551757812,582.5601031255708,575.5359564813775,580.948961299734,85919500
2024-12-20,582.6972045898438,587.2314053923626,572.6035752179652,573.4513238514112,125716700
2024-12-23,586.1866455078125,586.7879087972127,579.2571372355378,582.4409930028329,57635800
2024-12-24,592.7020874023438,592.7415539521577,586.9554328723399,587.5370230202848,33160100
2024-12-26,592.7415771484375,593.8652307760627,589.5281816588665,590.9278604962976,41219100
2024-12-27,586.5020141601562,589.2324254266508,582.31278453499,588.9958066290322,64969300
2024-12-30,579.80908203125,583.2787692142718,576.0535631828352,579.4838439796579,56578800
2024-12-31,577.6997680664062,582.194563069081,576.0634704063194,581.4749602926895,57052700
2025-01-02,576.2803344726562,582.6775253068124,572.1995172748154,580.9624149327,50204000
2025-01-03,583.4857788085938,584.1264484268344,578.044689478734,579.1289967873591,37888500
2025-01-06,586.8469848632812,591.1249540533898,585.1121413237427,587.7440065436294,47679400
2025-01-07,580.2133178710938,589.2029082453815,578.3897946667151,588.8776099950986,60393100
2025-01-08,581.0609130859375,582.1353537217743,576.832277161694,580.2822309005052,47304700
2025-01-10,572.189697265625,577.5716476388544,570.2774344732991,577.5026413332764,73105000
2025-01-13,573.0768432617188,573.4316812597856,567.1231694250464,567.5372072518853,47910100
2025-01-14,573.8654174804688,576.635235607402,570.080298180397,576.0043723636517,48420600
2025-01-15,584.303955078125,585.4473419377294,580.7751281246863,581.8889752343268,56900200
2025-01-16,583.1802368164062,585.8514484014332,582.4803673486446,585.6740294157521,43319700
2025-01-17,589.0353393554688,590.7898562052613,587.0934767089387,588.4242094250709,58070600
2025-01-21,594.4270629882812,594.4369296257112,590.1096871636119,592.0810894520482,42532900
2025-01-22,597.7686157226562,599.1288881406504,596.7040416210903,597.2560318658977,48196000
2025-01-23,601.0313110351562,601.0313110351562,596.8618141810588,597.1377792345874,41152100
2025-01-24,599.2767333984375,602.0466115435261,598.1234798327728,601.0904500891409,34604700
2025-01-27,590.7996826171875,591.115114198888,586.1373355152499,586.3048878621954,70361100
2025-01-28,595.8760375976562,596.713859452747,588.7099714764748,592.031779311243,44433300
2025-01-29,593.204833984375,595.4916679771449,590.6518414168764,595.0874967960807,37177400
2025-01-30,596.3886108398438,597.9263022497843,592.130374590218,595.3240968992558,39281300
2025-01-31,593.214599609375,601.2382204124732,592.4555905662014,598.8133742262722,66566900
2025-02-03,589.22265625,591.7065824928592,582.046722262467,584.1955437708402,65857200
2025-02-04,593.1752319335938,593.6877555909119,588.7395770202528,589.2817005882882,33457800
2025-02-05,595.5803833007812,595.7282625539741,590.0210739471236,592.0516161255263,30653100
2025-02-06,597.6503295898438,597.778475552574,594.013089933138,597.3250313642651,35771500
2025-02-07,592.1797485351562,599.4344951653416,591.4700123634921,598.2122352633725,50788500
2025-02-10,596.2013549804688,596.8420848342793,594.1215398587573,595.3931329282537,26048700
2025-02-11,596.6547241210938,597.1968476878733,593.8159001701387,593.9341794878935,30056700
2025-02-12,594.7325439453125,595.9055305477739,589.9519181359682,590.6320542359233,45076100
2025-02-13,601.0115966796875,601.2186155981716,594.5749988790903,595.8366651794477,40921300
2025-02-14,600.9819946289062,602.2535274358258,600.360998100256,601.2185532755497,26910400
2025-02-18,602.746337890625,602.746337890625,599.6808220007749,602.1450746766837,26749000
2025-02-19,604.165771484375,604.4614697835945,600.8439635712302,601.3565473981581,31011100
2025-02-20,601.6522827148438,602.9336821985821,598.3403412349714,602.7956695963146,36554000
2025-02-21,591.361572265625,601.5734221193063,590.8982614234848,601.435409514207,76519800
2025-02-24,588.6707153320312,594.4075043153588,587.9609790870905,593.4119363420369,50737200
2025-02-25,585.7431030273438,589.3409366661995,581.1300283822392,588.6115273648803,58266500
2025-02-26,586.0387573242188,591.0067297705009,583.3970853838995,587.4088964020577,43321600
2025-02-27,576.6843872070312,589.468961108592,576.2901428845248,588.3156475632774,74196700
2025-02-28,585.6838989257812,586.2161558854355,574.1117771132394,577.1871598716435,88744100
2025-03-03,575.4227905273438,588.798762606637,571.6081318173137,587.6553155599406,74249200
2025-03-04,568.611572265625,577.0196322682823,564.0675042327628,571.4208567458912,109648200
2025-03-05,574.722900390625,576.5168836727693,564.8856223320056,568.4439889843314,71230500
2025-03-06,564.52099609375,571.874289065213,561.9680033325571,567.2513477016495,80094900
2025-03-07,567.6849975585938,569.1340095542192,557.5421542389136,562.7368186254731,81158800
2025-03-10,552.564453125,561.396298293426,547.6458132504099,559.4742288830657,99326600
2025-03-11,547.970947265625,555.9551623983707,544.1267490127518,551.4012280579012,88102100
2025-03-12,550.8788452148438,555.0582088315019,545.7729200294035,554.1316472627199,69588200
2025-03-13,543.5353393554688,551.1153839968962,541.8202288918889,550.5042540653316,74079400
2025-03-14,554.7625122070312,555.7679467233177,543.604366956188,548.1583018697701,62660300
2025-03-17,559.0403442382812,561.5637363828623,554.3089313250791,554.7426421700422,49008700
2025-03-18,552.9981079101562,556.9409127203818,551.0661118946721,556.7240271713574,66041400
2025-03-19,559.0206298828125,562.7860150364035,553.5992742185309,554.7821274868575,66556000
2025-03-20,557.4041137695312,562.4114922780789,554.5554231088431,555.2750258330774,62958200
2025-03-21,557.5880126953125,558.4877328401925,551.7054963570508,552.9413292589383,83763000
2025-03-24,567.5736083984375,568.6314886589248,563.7375780431137,564.3307537296456,58766800
2025-03-25,568.93798828125,569.8771730865459,567.1880294433175,568.7797678649376,38355700
2025-03-26,562.1458129882812,569.7980806984394,560.7616559941828,568.6709866041082,51848300
2025-03-27,560.6529541015625,564.4296669577193,558.5371935416607,560.7517966033342,42164200
2025-03-28,549.3623657226562,559.8521624781242,548.7790863172526,559.120558969836,71662700
2025-03-31,553.0501098632812,554.3551567474991,540.6719872727307,543.5984615291653,95328200
2025-04-01,554.6121826171875,556.5598868781194,547.4048260096515,551.1321177898429,54609600
2025-04-02,558.1219482421875,560.9890444564371,548.52197624234,548.7592465118332,76014500
2025-04-03,530.6173095703125,541.759539717793,530.6173095703125,538.931968079745,125986000
2025-04-04,499.5533447265625,519.9099817661254,499.3358369172059,517.7349036725598,217965100
2025-04-07,498.6635437011719,517.2405628900261,476.33944038650816,483.64569927250346,256611400
2025-04-08,490.8531188964844,519.0300819148135,483.6160734043612,515.9454474877983,165816600
2025-04-09,542.4021606445312,542.4021606445312,487.46196103833506,487.84755542038147,241867300
2025-04-10,518.6346435546875,527.4535310578508,503.5475844453038,526.1385878330984,162331200
2025-04-11,527.8884887695312,530.3502582115377,514.1756919605745,517.0823733080597,97866300
2025-04-14,533.0098266601562,538.111379094838,527.8094317224818,537.8839447885014,68034000
2025-04-15,531.5169067382812,537.0732068479572,530.7259857198238,533.5535570239268,56892900
2025-04-16,519.7022705078125,531.7936996877118,514.3931376127902,525.6540605978519,83484800
2025-04-17,520.44384765625,525.1499093262158,517.9721816819745,521.6599483491107,79868100
2025-04-21,508.0558776855469,515.7872559194974,502.69729269891565,515.2533374613439,69368100
2025-04-22,521.2743530273438,523.3011070538847,513.305704354498,514.2449494916972,75948100
2025-04-23,529.3516845703125,539.2482437222484,527.8291602174767,534.3049123051696,90590700
2025-04-24,540.4940185546875,541.2256220112762,529.3814182452572,530.6369834977514,64150400
2025-04-25,544.3992919921875,544.804618673288,537.5280483044934,540.454522631326,61119600
2025-04-28,544.6068115234375,547.2762226232229,538.8429303961163,545.1407299494361,47613800
2025-04-29,548.0375366210938,549.1547344204944,542.3329124899421,542.6888178923871,47775100
2025-04-30,548.2550659179688,550.2126665027023,535.3826699025942,541.3640897959557,93101500
2025-05-01,552.1404418945312,557.6770094036193,551.5373699314374,554.0189320097116,63186100
2025-05-02,560.3365478515625,561.9381825044319,556.006184429092,558.3295262045715,60717300
2025-05-05,557.1234130859375,560.2278400664005,555.3339293144951,556.194064255589,38659200
2025-05-06,552.4667358398438,556.9651555946843,550.6476235760448,551.6066009560054,48264700
2025-05-07,554.7901611328125,557.4298834610689,549.738030089525,553.8014947566288,55588000
2025-05-08,558.6558227539062,563.8463212534109,555.333918196641,558.8337754612519,65130800
2025-05-09,557.9439697265625,561.068128702691,556.381860066797,560.0596697605964,37603400
2025-05-12,576.382568359375,576.3924646775216,570.4999916854949,574.8797762427796,78993600
2025-05-13,580.18896484375,582.403567726764,576.2342995973956,576.7977862928067,67947200
2025-05-14,580.9304809570312,582.3046813078995,578.9036666864055,581.1479585868793,66283500
2025-05-15,583.7680053710938,584.2721745648568,578.4687074145315,578.9235156986,71268100
2025-05-16,587.4655151367188,587.7621029517821,582.6012939394769,584.5489375445604,76052100
2025-05-19,588.108154296875,588.7903364922698,581.4346564328234,581.4346564328234,68168500
2025-05-20,586.1307983398438,587.317209981726,582.917632829089,586.3681289429425,60614500
2025-05-21,576.2540893554688,585.8639582409971,575.2258980125081,581.7708648204313,95197700
2025-05-22,576.4815063476562,579.971467292194,574.8204937262445,576.0563267018498,70860400
2025-05-23,572.5465087890625,575.215919785119,569.0762805285291,569.4519785383726,76029000
2025-05-27,584.4500732421875,584.6082332898518,571.8742072622273,579.4276318354167,72588500
2025-05-28,581.0689086914062,586.051826179252,580.3373051792158,584.8555180607121,68445500
2025-05-29,583.362548828125,586.4768718669775,579.4276761926377,586.3384441000501,69973300
2025-05-30,582.7100830078125,584.430352826958,576.6297607292682,582.2552747565533,90601200
2025-06-02,585.992431640625,586.0714814983527,578.4291102147669,581.0985213264464,61630500
2025-06-03,589.3341064453125,590.3128764026674,585.1421107506463,585.6266079138771,63606200
2025-06-04,589.1759643554688,591.1730898063917,588.7409487228937,590.1943197189499,57314200
2025-06-05,586.3285522460938,592.2111289512687,584.3512195951713,590.8566609128592,92278700
2025-06-06,592.349609375,594.0204580272924,590.0954209877331,591.8750084630755,66588700
2025-06-09,592.8834228515625,594.4356362447949,591.7069074945726,592.9229477814916,53016400
2025-06-10,596.2449951171875,596.6305291817529,592.3002255337209,593.4173631354267,66247000
2025-06-11,594.5443725585938,598.2024500657004,592.4780937113569,597.3423151819753,73658200
2025-06-12,596.9073486328125,596.9073486328125,592.725309003214,593.2097458920864,64129000
2025-06-13,590.23388671875,595.0288949944265,588.7310943639458,591.7168864341237,89506000
2025-06-16,595.8494262695312,597.5993850121447,593.4172853343232,593.5952983788304,79984100
2025-06-17,590.7578125,594.9299553868199,589.9965201271316,593.4074309844862,82209400
2025-06-18,590.6688232421875,594.4059506456396,589.7097855095001,591.6574895866379,76605000
2025-06-20,589.2816162109375,594.4180406328666,587.8735160730708,593.3471074282096,94051400
2025-06-23,595.1021728515625,595.4888465716903,586.9116378864132,590.0351069773628,87426000
2025-06-24,601.676513671875,602.7374608387837,598.3348024442159,599.2471080685161,67735300
2025-06-25,602.0135498046875,603.4910078317407,600.4468221319722,602.7968833801484,62114800
2025-06-26,606.7236328125,607.1599344481853,603.2530708764845,603.8678512919777,78548400
2025-06-27,609.7380981445312,611.2056913389495,605.692457719191,607.7252035075089,86258400
2025-06-30,612.6533203125,614.0117925800773,609.8669572755672,612.1873024714439,92502500
2025-07-01,612.455078125,613.625146088841,610.3429883405835,611.1758893553448,70030100
2025-07-02,615.2315063476562,615.2711481262035,611.4237773441516,612.0484833566157,66510400
2025-07-03,620.0803833007812,621.0124795190609,617.194824993195,617.214676143094,51065800
2025-07-07,615.4595336914062,618.7813935886118,612.6731706581298,618.1169852960921,74814500
2025-07-08,615.1224365234375,616.8775081543645,614.3093261623386,616.1238907210633,59024600
2025-07-09,618.8110961914062,619.4655183729625,615.6875662931247,617.5319680301938,66113300
2025-07-10,620.5563354492188,621.5974919629854,617.7699723301522,618.9499658515675,57529000
2025-07-11,618.3748168945312,619.6043777491163,616.3024294765994,617.5022136064131,63670200
2025-07-14,619.5548095703125,619.9018415613931,616.5701165685465,617.9186632768227,51898500
2025-07-15,616.9072875976562,622.5791484786782,616.8279435196437,622.2420420602726,74317300
2025-07-16,618.9697265625,619.4754466932056,612.8516386863737,618.4937831556223,88987500
2025-07-17,622.7576293945312,623.1146474859103,618.9301097920578,619.1482908768893,68885700
2025-07-18,622.301513671875,624.175571102461,621.1909387049365,624.007017899032,65621600
2025-07-21,623.4815063476562,626.2281670376054,623.0551302914085,623.4815063476562,63375000
2025-07-22,623.5706787109375,624.4333563471947,620.9231528797274,623.8086504006922,60046300
2025-07-23,628.8757934570312,628.8757934570312,624.4334327911965,626.2381323551606,70511000
2025-07-24,629.083984375,630.7994747941685,628.6576082944551,629.2624631630094,71307100
2025-07-25,631.741455078125,632.2174590489252,629.5005143245561,629.7484116245431,56865400
2025-07-28,631.582763671875,632.6734874729789,630.1945147233831,632.1181999979412,54917100
2025-07-29,629.9169311523438,633.2982235137306,629.0046860832861,632.9809077241022,60556300
2025-07-30,629.1236572265625,632.3165451544952,626.2281734095909,630.5713386132512,80418900
2025-07-31,626.763671875,634.4682782312485,625.4646925404661,634.0816044685715,103385200
2025-08-01,616.4907836914062,621.0719812920488,614.0812292944926,621.0322789916852,140103600
2025-08-04,625.8612670898438,625.9108344398344,620.3183179857707,620.4075271113948,73218000
2025-08-05,622.6881713867188,627.2891592865192,621.7660007962415,626.4760489706393,68051400
2025-08-06,627.4578247070312,628.1122469303318,622.8469108529321,623.7591559441935,64357500
2025-08-07,626.9322509765625,631.62244837055,623.8186464662513,630.8886820702932,74205800
2025-08-08,631.82080078125,632.2868791777582,628.4097315038053,628.727047311219,64051600
2025-08-11,630.5712890625,633.5758329217508,629.3218771812983,632.0983749269875,58742300
2025-08-12,637.284423828125,637.4430514601922,631.4340237207567,632.9214074238032,64730800
2025-08-13,639.4659423828125,640.7549961752953,637.2745085703324,639.4857330110176,60092800
2025-08-14,639.5254516601562,640.1897994624859,636.9374184340268,637.3835851461316,59327500
2025-08-15,638.0281372070312,640.6558727131268,637.11589211782,640.5566774831647,68592500
2025-08-18,637.8892822265625,638.5834067295413,636.7787072305159,637.4529805837014,43804900
2025-08-19,634.4286499023438,638.6924711313014,633.1098193903536,637.7108075589789,69750700
2025-08-20,632.7429809570312,634.2799321395609,627.626407225106,634.0221697813646,88890300
2025-08-21,630.2044677734375,632.604096553562,628.4791123479844,630.9283690027011,54805800
2025-08-22,639.88232421875,641.0623176031913,631.8901189367884,632.3958390332336,84083200
2025-08-25,637.0662231445312,639.8625116828326,636.9472372936925,638.6230253017661,51274300
2025-08-26,639.733642578125,640.0807351008626,636.1738713484165,636.7985773675441,51581600
2025-08-27,641.1912841796875,641.9250504526357,638.9998504138363,639.148612992103,48341100
2025-08-28,643.4620361328125,644.0173236548059,639.9121904309055,641.7961735668325,61519500
2025-08-29,639.6245727539062,642.3911452321481,637.7306640961879,642.0242015644989,74522200
2025-09-02,634.884765625,635.1028861742022,629.5797276837342,632.13804448044,81983500
2025-09-03,638.3255615234375,638.7916398746721,635.0731807265284,637.2645539172183,70820900
2025-09-04,643.6603393554688,643.6901160802078,638.0975387911232,638.9998582812316,65219200
2025-09-05,641.7960815429688,646.7243105506017,637.918995020256,646.0004093954814,85178900
2025-09-08,643.372802734375,644.3743174556171,641.7862237872296,643.1645472258064,63133100
2025-09-09,644.8601684570312,645.3856792185645,641.7762803015634,643.5115612591451,66133900
2025-09-10,646.724365234375,649.0446498954948,645.1576374702139,648.122479271532,78034500
2025-09-11,652.0987548828125,652.7928793680376,648.0927566439484,648.6777603299006,69934400
2025-09-12,651.8805541992188,653.5662677492645,651.3748946038203,652.0689585463732,72780100
2025-09-15,655.3511352539062,655.4800466805781,653.7943936028013,654.0918582328915,63772400
2025-09-16,654.4488525390625,656.213910313041,653.6655188822047,655.9064595692537,61169000
2025-09-17,653.6357421875,656.1543568928759,648.7967821934204,654.4587781451693,101952200
2025-09-18,656.6898193359375,659.2977035594738,654.7165666735059,656.3229362038169,90459200
2025-09-19,659.9423217773438,660.7874850308027,656.6311583459587,658.5800832029405,97945600
2025-09-22,663.0645751953125,663.5119788762895,658.4209716621773,658.4508309420254,69452200
2025-09-23,659.4551391601562,663.5617612775759,658.2320617574377,662.9452156846509,81708900
2025-09-24,657.3569946289062,660.8471316064555,655.9350982101993,660.7477220570149,68082200
2025-09-25,654.3242797851562,655.6765652531099,650.7048739536411,654.2149171420698,89622100
2025-09-26,658.072998046875,658.619871988132,654.1553026157394,655.7760789419195,69179200
2025-09-29,659.9224243164062,661.5134019828115,658.112721358766,660.5985670660314,73499000
2025-09-30,662.4082641601562,662.8756347075731,657.8641309647478,659.1766647693167,86288000
2025-10-01,664.6654052734375,665.5801794564833,659.3059076216911,659.4152702620313,72545400
2025-10-02,665.4309692382812,666.7733621981591,663.004842335434,666.6540464714482,56896000
2025-10-03,665.421142578125,668.8714672806448,664.377038831869,666.1966948783695,70494400
2025-10-06,667.8074951171875,668.7024238148077,665.669704301124,667.8174482099862,54623300
2025-10-07,665.3316040039062,669.1796881705657,663.8898014056139,668.7322238208072,72020100
2025-10-08,669.2990112304688,669.398481470165,665.6299006256374,666.4552183740389,60702200
2025-10-09,667.3600463867188,670.1243359074817,665.4211353124821,669.7166839203261,66501900
2025-10-10,649.32275390625,670.1342452495495,649.14378031214,668.324542434099,159422600
2025-10-13,659.2860107421875,661.3642043859337,656.0345659370097,656.9095884512618,79560500
2025-10-14,658.4805908203125,662.0602448848334,649.4718888267987,653.4492417720955,88779600
2025-10-15,661.4039306640625,666.4352795829697,655.1992699391986,663.0446129876665,81702600
2025-10-16,656.8995971679688,664.9239136533134,653.3895542222015,663.0445999065358,110563300
2025-10-17,660.62841796875,661.9906565438909,654.4138037793879,655.7660892614911,96500900
2025-10-20,667.499267578125,668.4041493887289,663.4921159142255,663.5418206897375,60493400
2025-10-21,667.4893188476562,669.1797060532549,666.1867381348511,667.638493864759,56249000
2025-10-22,664.0191040039062,668.1953369980629,659.5445816579371,668.1953369980629,80564000
2025-10-23,667.9566650390625,668.9012985038863,664.019063764971,664.3372592841532,65604500
2025-10-24,673.4155883789062,674.628651928334,671.8246714345047,672.6300829996666,74356500
2025-10-27,681.3603515625,681.658640907831,678.2580209918731,678.8645527756448,63339800
2025-10-28,683.1700439453125,685.0095454543999,680.9526890414517,683.1600908523567,61738100
2025-10-29,683.4982299804688,685.795149064121,679.0038013689816,684.8206562449755,85657100
2025-10-30,675.9810180664062,682.0564104652303,675.9810180664062,680.0279821977349,76335800
2025-10-31,678.1983032226562,681.2012239761448,675.3942622450203,681.1614116072222,87164100
2025-11-03,679.4711303710938,681.9171636388411,676.0903560257897,681.7878948104295,57315000
2025-11-04,671.4169921875,676.1103005794487,670.7607556049009,672.2820616639051,78427000
2025-11-05,673.7437133789062,677.0051112074705,670.3529860359731,671.1583975728993,74402400
2025-11-06,666.514892578125,673.5448715272548,664.9338680034818,672.6399897028363,85035300
2025-11-07,667.1710815429688,667.2805048704689,657.4663915648358,664.1284090392404,100592400
2025-11-10,677.5818481445312,678.3176487268574,671.2081667723378,673.4056154266486,75842900
2025-11-11,679.1329956054688,679.6997756663966,674.8871520395073,676.1002762110339,58953400
2025-11-12,679.5109252929688,681.0819968300743,677.0946904605516,680.9129156193362,62312500
2025-11-13,668.235107421875,677.0051787486752,666.7237544337754,676.6472315164618,103457800
2025-11-14,668.1256713867188,671.8345335183507,659.5147291242073,661.612768198211,96846700
2025-11-17,661.901123046875,669.8956413839408,658.4209391867944,665.9083353081996,90456100
2025-11-18,656.3427734375,661.354216097308,652.146634691611,658.3512953245886,114467500
2025-11-19,658.8783569335938,663.5617119214406,655.0203196831769,657.0388554539629,94703000
2025-11-20,648.8355712890625,671.7351497651099,648.1991802397498,669.1001291109939,165293500
2025-11-21,655.2987670898438,660.7874729698119,647.1650267848305,651.3412595795126,123956200
2025-11-24,664.9437866210938,666.2662734630499,657.8442577670318,658.9380055466532,80437900
2025-11-25,671.1982421875,672.3815071629971,660.717877921785,664.8444060411854,81077100
2025-11-26,675.8318481445312,677.8404309302599,672.8885849296569,673.7934667684052,71879600
2025-11-28,679.5208129882812,679.7991961322198,676.6471609574353,677.0051081523229,49212000
2025-12-01,676.41845703125,679.1230277654502,674.8970904760725,674.9667014318244,61201200
2025-12-02,677.67138671875,679.9483994968172,675.4838303983408,678.0591325179204,62953800
2025-12-03,680.0180053710938,681.0321891246488,675.8417725523884,676.7167950740063,57238500
2025-12-04,680.51513671875,681.4895687361658,677.4824173401821,681.4199577792665,61970300
2025-12-05,681.8078002929688,684.4925257185774,680.7040993957534,681.5890143183475,79241000
2025-12-08,679.7594604492188,682.7524282821314,677.7111260885928,682.7027235077143,55231500
2025-12-09,679.1727905273438,681.5095218770947,678.7253868572307,679.2822138612034,58310100
2025-12-10,683.6771850585938,685.0692222502689,677.4526176554032,678.6955405173951,85671300
2025-12-11,685.26806640625,685.3476304583654,678.3076987410943,681.2609148661827,86173700
2025-12-12,677.9000854492188,684.9797692517327,675.3247225627367,684.2737672143002,113160300
2025-12-15,676.8758544921875,681.8774049984522,675.4042533093998,681.8574988128718,90811000
2025-12-16,675.0264282226562,677.2239376857725,671.1584377196804,675.3843754405706,122030600
2025-12-17,667.5986938476562,676.5874893555698,667.3998140691156,676.0406154817738,110625200
2025-12-18,672.6399536132812,676.8857972779194,671.0788959983324,673.7635606688432,108650100
2025-12-19,678.7363891601562,679.2350273728672,674.6275542880097,674.747283458469,103599500
2025-12-22,682.96484375,683.4933686131409,678.7364013691785,682.0772531068674,69556700
2025-12-23,686.0863037109375,686.325640311278,682.0074163952171,682.0572680421344,64840000
2025-12-24,688.4996948242188,688.9484813838191,685.9267046355759,686.0763204450832,39445600
2025-12-26,688.4298706054688,689.7761694005526,687.392725060237,688.758988861415,41613300
2025-12-29,685.9765625,687.322922191004,684.2014421207446,685.6674092439482,62559500
2025-12-30,685.138916015625,686.6846823672308,684.7100944386586,685.5777200962995,47160700
2025-12-31,680.062744140625,685.4879304984822,679.8533550408816,685.2685588951464,74144800
2026-01-02,681.309326171875,684.999261161205,677.9684744567207,683.842447277036,89377200
2026-01-05,685.846923828125,687.5522884526621,684.5106074856512,684.6701449336617,71927200
2026-01-06,689.92578125,690.4344019511112,685.9067890249802,686.0563439630641,69273800
2026-01-07,687.701904296875,692.0699799720542,687.4426026835383,690.3047811958188,75588300
2026-01-08,687.632080078125,688.7390423054183,685.6175622141362,686.9439569075789,64019200
2026-01-09,692.1796264648438,693.4162394407576,687.3029303433501,688.7489932725086,80125500
2026-01-12,693.2666625976562,694.1941832506386,688.7490319805348,688.7988836287034,63976000
2026-01-13,691.8804931640625,694.194181802135,689.467040360938,693.595779418591,78309700
2026-01-14,688.479736328125,689.8360176539858,684.1714948792828,689.1180078469732,94676700
2026-01-15,690.3546142578125,693.5558934557131,689.3673203481677,692.678285342935,77862000
2026-01-16,689.7761840820312,692.359156800422,688.22043529661,691.7707369284135,79289200
2026-01-20,675.7345581054688,682.9049778344743,674.7272992054969,679.6338820353151,111623300
2026-01-21,683.5332641601562,686.8641332264262,676.2830453044572,677.7989248999835,127844500
2026-01-22,687.103515625,689.2476843606095,685.0491285530771,687.9711412752974,77112200
2026-01-23,687.352783203125,689.0781127396581,685.2884137823622,686.2757685331861,63059600
2026-01-26,690.84326171875,692.2394730275811,688.0409174669724,688.609372319757,60473800
2026-01-27,693.5957641601562,694.6329705879123,691.6810104865692,692.2893344912051,55506100
2026-01-28,693.5259399414062,695.9393926651097,692.0499903412962,695.1515053497095,61172200
2026-01-29,692.1497192382812,695.1615135683285,682.9648421722587,694.4933553961189,97486200
2026-01-30,690.0853271484375,692.3192774332931,685.2485609149509,689.9058246991844,101835100
2026-02-02,693.5159912109375,695.0318708971434,687.5423149981101,687.7019133171445,79286500
2026-02-03,687.6520385742188,695.0617950648859,682.1670182684101,694.3138377504575,107904600
2026-02-04,684.3211059570312,689.5667896413613,679.9031787408285,688.4697490630058,105204600
2026-02-05,675.7744750976562,681.8279505601881,673.9494421186707,679.0854402743204,113610800
2026-02-06,688.739013671875,690.4244132010324,678.995603890688,679.6039887472712,89127600
2026-02-09,692.0599975585938,693.9747512796714,686.4652913399738,687.5423060693106,73885200
2026-02-10,690.2349243164062,694.64286887948,689.7761552680904,693.0572335194393,65185700
2026-02-11,690.075439453125,695.2413241987686,687.3029816841566,694.4933668556342,76353900
2026-02-12,679.41455078125,693.4561594586687,678.5169776231163,692.3491972008484,118829000
2026-02-13,679.8931884765625,684.410879804094,675.6747287653898,679.833354327075,96267500
2026-02-17,680.9901733398438,683.074507822494,673.9394826742099,678.287593220413,81354700
2026-02-18,684.4208374023438,687.2730943282486,680.9702998190471,682.157061237011,73570300
2026-02-19,682.61572265625,684.311104689823,679.6937101433548,681.9775120282383,58649400
2026-02-20,687.5523071289062,688.1805961724377,679.8732661615737,680.4616860592505,100034000
2026-02-23,680.531494140625,688.1207533479937,678.5169762252317,685.9566804858357,90558100
2026-02-24,685.4779052734375,686.4751816677359,678.1479481229125,680.0427976196477,73798700
2026-02-25,691.26220703125,691.7907319065998,688.2204651135966,688.3002642742074,56369500
2026-02-26,687.422607421875,691.4117130049051,682.486077089091,691.391808867856,71671000
2026-02-27,684.1216430664062,684.9892686841309,679.7835149777827,681.2295779636313,83308900
2026-03-02,684.5106201171875,686.744509644098,676.1734035367807,676.8515442239554,87477200
2026-03-03,678.4771118164062,680.7508704958498,667.8361281509542,673.221445388408,105003100
2026-03-04,683.2639770507812,685.2186606854194,677.7689744100875,679.7735096903759,79182200
2026-03-05,679.4544067382812,683.6629449535216,673.7699188745959,680.2223290726917,106606500
2026-03-06,670.5487060546875,674.2685275228549,667.9358467743081,671.5758690877306,100687000
2026-03-09,676.4227294921875,678.0681991431876,660.5859743093405,664.5750801817165,102667700
2026-03-10,675.3356323242188,681.4987932365287,672.9222404542279,675.87413967305,81505300
2026-03-11,674.4879760742188,678.2277626375325,671.5061293267642,675.7345715953234,68441700
2026-03-12,664.2459106445312,669.8207124533001,664.0564256954588,669.3319958917509,108882200
2026-03-13,660.4862060546875,670.5088831921612,659.5587462493693,667.4472371497842,97200200
2026-03-16,667.2078857421875,670.239584206393,665.3030536555561,666.5596317087426,82023100
2026-03-17,668.9630126953125,672.60309589337,667.8760155087483,670.5586914524959,87128000
2026-03-18,659.6285400390625,667.8959397089973,659.3892034355257,666.5396583763402,82062600
2026-03-19,658.0029907226562,661.1743225351036,653.3855958813168,655.1806813207687,111272500
2026-03-20,648.5700073242188,656.6900024414062,644.719970703125,656.510009765625,163617500
2026-03-23,655.3800048828125,662.6199951171875,653.9400024414062,658.0700073242188,134802700
2026-03-24,653.1799926757812,657.030029296875,649.8800048828125,651.3200073242188,96457500
2026-03-25,656.8200073242188,660.8900146484375,654.239990234375,658.6699829101562,90653800
2026-03-26,645.0900268554688,654.8499755859375,644.8200073242188,652.0599975585938,96494400
2026-03-27,634.0900268554688,642.6599731445312,633.1099853515625,642.5,103649400
2026-03-30,631.969970703125,640.3699951171875,629.280029296875,640.1099853515625,99275900
2026-03-31,650.3400268554688,651.5399780273438,637.97998046875,638.9400024414062,152534100
2026-04-01,655.239990234375,658.52001953125,653.0,653.9000244140625,97841500
2026-04-02,655.8300170898438,658.2000122070312,645.1099853515625,646.4199829101562,68358700
2026-04-06,658.9299926757812,659.719970703125,655.52001953125,655.8599853515625,39105800
2026-04-07,659.219970703125,659.6099853515625,651.0599975585938,656.6500244140625,69980400
2026-04-08,676.010009765625,677.0800170898438,671.4600219726562,676.3900146484375,93606100
2026-04-09,679.9099731445312,681.1599731445312,673.77001953125,674.8400268554688,57134400
2026-04-10,679.4600219726562,682.030029296875,678.4500122070312,681.3200073242188,42253500
2026-04-13,686.0999755859375,686.2999877929688,676.5800170898438,677.4099731445312,54185800
2026-04-14,694.4600219726562,694.5800170898438,687.6599731445312,687.6900024414062,63480500
2026-04-15,699.9400024414062,700.280029296875,694.2000122070312,695.260009765625,58240400
2026-04-16,701.6599731445312,702.780029296875,698.530029296875,701.0599975585938,49972400
2026-04-17,710.1400146484375,712.3900146484375,705.760009765625,706.1400146484375,70661900
2026-04-20,708.719970703125,709.9099731445312,706.1400146484375,708.780029296875,43546800
2026-04-21,704.0800170898438,711.280029296875,702.6400146484375,710.280029296875,58941400
2026-04-22,711.2100219726562,711.4500122070312,708.219970703125,709.1500244140625,42518500
2026-04-23,708.4500122070312,712.3599853515625,702.280029296875,709.5,56174000
2026-04-24,713.9400024414062,714.469970703125,709.010009765625,710.75,45182000
2026-04-27,715.1699829101562,715.6300048828125,712.2999877929688,713.1699829101562,33135900
2026-04-28,711.6900024414062,712.8800048828125,709.25,711.8200073242188,43117400
2026-04-29,711.5800170898438,712.2000122070312,708.3699951171875,711.0,41859200
2026-04-30,718.6599731445312,719.7899780273438,710.4500122070312,714.6300048828125,67240900
2026-05-01,720.6500244140625,724.8699951171875,720.469970703125,721.25,43049800
2026-05-04,718.010009765625,722.1199951171875,714.989990234375,720.0700073242188,51881100
