,cev_sigma,cev_beta,cev_vol_forecast,future_rv_20
2015-03-31,5.319211591996837e+64,-28.489320469565254,0.06649331935976303,0.07817358358991257
2015-04-01,3.2322344941503446e+62,-27.497389224190975,0.07363065964770249,0.08621780111160234
2015-04-02,3.282163087584396e+62,-27.50101290696368,0.06624795401830416,0.0929685598800408
2015-04-06,2.1913326346334017e+62,-27.42340648104139,0.054490311946748554,0.09082085213652617
2015-04-07,1.014606141190093e+60,-26.37914454141049,0.058913534152751114,0.10029194557671799
2015-04-08,1.1429557481586819e+60,-26.404711677210344,0.05304447904413024,0.10086435032880582
2015-04-09,5.375922764701915e+59,-26.259108305585208,0.04684634273299658,0.1006256364439159
2015-04-10,1.683244315583769e+62,-27.37200461642958,0.04040658402536965,0.10938335180178577
2015-04-13,2.283728525092071e+62,-27.428119961860897,0.04667539721414291,0.10953631092531095
2015-04-14,3.4861486049823797e+61,-27.060556253346295,0.04497545436341907,0.10999971474898508
2015-04-15,4.120918188125999e+62,-27.54183817521613,0.03903729039211392,0.10879192701004244
2015-04-16,7.389247432320945e+68,-30.33292089301306,0.0387396164012579,0.11495276922469962
2015-04-17,2.8719768130429023e+78,-34.626993289680925,0.05309553100797917,0.10583860502997652
2015-04-20,5.309699396258867e+71,-31.611969837147598,0.04080745856561045,0.10187310704313267
2015-04-21,8.791606959123298e+70,-31.25958402296294,0.043298510447409094,0.1016985373148544
2015-04-22,3.128970369590606e+75,-33.29402580314293,0.03587057343393013,0.10064946914166138
2015-04-23,3.0435474812646816e+72,-31.947758700612987,0.033665511631545714,0.10076230158451056
2015-04-24,4.527048203747066e+70,-31.131456135800036,0.03159297142100348,0.10105321143279909
2015-04-27,6.87228648165783e+73,-32.55183517185334,0.035637183777397274,0.107507238791077
2015-04-28,4.526667502648034e+69,-30.681178809907014,0.03344879916428604,0.1121812004758496
2015-04-29,2.0855936599782446e+71,-31.422692245842875,0.03810879382922293,0.11111475024071564
2015-04-30,7.72226353640746e+64,-28.548224167195944,0.05338991049577807,0.10705698838227345
2015-05-01,3.4395967803009094e+63,-27.938338503919496,0.04039022904042329,0.10035657356900513
2015-05-04,2.842057625296635e+60,-26.558662793876717,0.038459938279266956,0.09994003376989465
2015-05-05,1.0226435441440772e+64,-28.144378167490387,0.05333173419130367,0.09046975629694921
2015-05-06,3.848910717614368e+58,-25.71583783367323,0.061707897963229674,0.094782449862007
2015-05-07,1.1625821917715914e+54,-23.698462495822774,0.05533185708173575,0.09416159370716949
2015-05-08,3.502015050982847e+66,-29.263344317589304,0.03846740604388392,0.08346226238142847
2015-05-11,8.082923629083521e+62,-27.637137171434926,0.045671924300337945,0.08209968155718585
2015-05-12,1.6856615244654833e+59,-25.99164547089395,0.050775666668760544,0.09253536270566175
2015-05-13,1.4404060007121148e+59,-25.95830078663794,0.05127536877788686,0.09314022994801835
2015-05-14,1.6011272664267696e+63,-27.762021277259617,0.03817585062535646,0.08942947993635066
2015-05-15,2.7206397489433667e+59,-26.069831518910995,0.03993162100446689,0.09018416576667015
2015-05-18,9.470987867298851e+64,-28.548096623502435,0.03419007403941975,0.09188579858405416
2015-05-19,3.764405993150745e+55,-24.340379168133985,0.039662253071281926,0.09224099714200637
2015-05-20,2.176017849317295e+69,-30.489605239835367,0.034959731756837344,0.1000462923706559
2015-05-21,7.589222327014254e+72,-32.07047833633399,0.030921406199804793,0.10059376113088253
2015-05-22,4.449990576853437e+68,-30.177454168175476,0.0354026596344491,0.1021279550670343
2015-05-26,6.504862589923418e+67,-29.80439242680184,0.049811246375069014,0.09382864770585163
2015-05-27,5.876906292528087e+59,-26.21084887168491,0.040219775173471396,0.09158304813665698
2015-05-28,1.46726345762847e+58,-25.492948849821495,0.04250931763033074,0.09207053003031072
2015-05-29,2.5513247892008843e+62,-27.388687534974075,0.04844595563258554,0.08943078478105151
2015-06-01,3.681403329956832e+58,-25.667523575794192,0.048337320248593094,0.11618453603650153
2015-06-02,1.1795794658188255e+60,-26.34515457553324,0.04788232817877774,0.11678306386837814
2015-06-03,2.6648003132107066e+64,-28.290586818005515,0.04293786365921344,0.12051745579523115
2015-06-04,3.142511705430277e+61,-26.98806374258641,0.05411269063548937,0.11707314750248488
2015-06-05,2.0868399660605e+67,-29.577978379104817,0.05892853925292894,0.11730722021463548
2015-06-08,4.1366809523280643e+64,-28.37563286900286,0.0694359506458597,0.11762861726075838
2015-06-09,3.388330114916893e+64,-28.33529802612932,0.0703177314759264,0.13230706614170834
2015-06-10,2.3789056071449145e+50,-22.035211184969583,0.04790052071682462,0.12412084300259141
2015-06-11,6.775182987308207e+54,-24.01729263393257,0.044842909822662105,0.13261585355052405
2015-06-12,4.944075796086148e+49,-21.72892831072624,0.05364106225106878,0.13616514651335043
2015-06-15,1.8973858470274634e+46,-20.20294912687206,0.05953681515302344,0.13584209413842047
2015-06-16,1.2500654219360892e+44,-19.232020085027777,0.05261053825479528,0.13466541541160257
2015-06-17,1.7499984848667766e+44,-19.294217599704425,0.05169426090898377,0.13734962454891714
2015-06-18,5.4965497965554e+44,-19.5199159680847,0.04092126760586388,0.13250680001886794
2015-06-19,1.999999622703007e+40,-17.54068203014303,0.045495371390569396,0.13137766679469445
2015-06-22,8.124633809370311e+43,-19.1459082075611,0.04136534418934472,0.1310277868199299
2015-06-23,3.0301583369025514e+51,-22.517373175641794,0.03991653398831446,0.13114141590789108
2015-06-24,1.091975481475481e+51,-22.32644513421424,0.04582029137753339,0.13008174426663371
2015-06-25,2.615392417951792e+40,-17.590449873423555,0.05002163689207566,0.13486657162452342
2015-06-26,2.0082557611015368e+43,-18.875656756003362,0.050348337708812786,0.13620654158722328
2015-06-29,1.1031048414769352e+51,-22.333627065981982,0.07886617238705135,0.120316321605717
2015-06-30,3.757854730195493e+45,-19.89127848515131,0.07385391194076765,0.12209500975808768
2015-07-01,4.0870197458162914e+38,-16.788718372313205,0.06019355193672549,0.11943839697146715
2015-07-02,6.1318760876898144e+47,-20.876054670921903,0.06489635891693225,0.11957209708788064
2015-07-06,6.456909580766264e+37,-16.43383152559855,0.06328937068896476,0.1197985329464822
2015-07-07,4.602857828674317e+33,-14.587706805861702,0.055290632253815156,0.11830959648808019
2015-07-08,1.5888480623495086e+37,-16.164248542343458,0.07498586084998367,0.09949100572496763
2015-07-09,5.421185522395144e+46,-20.406399237301144,0.08296207517839135,0.10507295076594128
2015-07-10,2.3010051629435453e+32,-14.004045372712328,0.05834787990042643,0.09588574635805848
2015-07-13,1.2814894794737755e+43,-18.783174314062055,0.05205473416662631,0.09833136755658094
2015-07-14,1.7002916748261455e+47,-20.621900690691508,0.0470678280831575,0.10226874571356395
2015-07-15,6.405032305633805e+42,-18.651186449013807,0.047569497156118065,0.10244195527949686
2015-07-16,2.3101045212817306e+50,-22.023630273804063,0.038131009915383235,0.0975314487876499
2015-07-17,1.4850326180139303e+47,-20.59844779613513,0.03861933380979603,0.09867596350370131
2015-07-20,3.297267220549553e+53,-23.430022629608768,0.03615819635532209,0.10112057318065215
2015-07-21,1.658631166018502e+62,-27.31264261716349,0.037479813409575284,0.10070542561379055
2015-07-22,2.0713690300177436e+59,-26.017805186163372,0.040006829409666676,0.10412000830194804
2015-07-23,3.38372680820785e+60,-26.55954182561184,0.04628745553629021,0.12596804062941014
2015-07-24,2.3268618809276443e+58,-25.59422540694266,0.061678948741907665,0.16045796570755796
2015-07-27,6.9051614337150774e+56,-24.913009577278846,0.07149329556666245,0.21552643745253233
2015-07-28,8.334707104510238e+53,-23.614176134864294,0.05150507526527373,0.20776308416139774
2015-07-29,3.751857474151747e+59,-26.130270948109096,0.043740581834903,0.2555191213731616
2015-07-30,5.60218432713726e+61,-27.101392804520348,0.042756577164049,0.2745986544217661
2015-07-31,6.430848581956902e+66,-29.364673760770167,0.04241194817700165,0.2747535128867584
2015-08-03,3.0102723677053147e+68,-30.110458983208666,0.046654473385498975,0.27541273703127156
2015-08-04,2.7245928998015987e+63,-27.86607659256822,0.0485681793481801,0.29190690792808355
2015-08-05,2.98444797617221e+64,-28.33265811289108,0.04339332741259989,0.30233010317491227
2015-08-06,3.4395045698360636e+64,-28.35990380319462,0.055300252624887344,0.3021894063346174
2015-08-07,3.5986431261891005e+68,-30.138415863855002,0.0635073592717296,0.3051493490193433
2015-08-10,8.219010303045409e+64,-28.521508999166514,0.041977627150958034,0.3167948767058738
2015-08-11,5.969428477444651e+66,-29.344414661774426,0.05697860581354085,0.3182518587612395
2015-08-12,3.533169841664158e+65,-28.794115609435863,0.055718702027908185,0.31942150897047494
2015-08-13,6.088038224732228e+53,-23.548269766522775,0.05720573688559516,0.32055455232316854
2015-08-14,1.1669346818835331e+46,-20.107689692064636,0.05236435769533976,0.3196149165876495
2015-08-17,4.96281262142362e+46,-20.388242590911698,0.04641307039546477,0.32304598955588265
2015-08-18,4.903843090649739e+46,-20.38415355034923,0.049838849100448994,0.3256590404323913
2015-08-19,7.291814491832714e+54,-24.031981197195464,0.05878230430962755,0.32499918991981547
2015-08-20,1.9028643828021554e+54,-23.772383075678725,0.09875861125475749,0.3218123025552661
2015-08-21,3.658006748611078e+54,-23.8906385730469,0.22125906795180322,0.3040635825687847
2015-08-24,2.2179244932525883e+75,-33.154496279255056,1.6383954780847592,0.2639089234197235
2015-08-25,2.461877198686171e+83,-36.73907677284776,3.7030251667310194,0.2595592090826613
2015-08-26,1.4487585055955799e+51,-22.366121606946884,0.3155431067724727,0.22291946637153404
2015-08-27,1.6132693907407258e+49,-21.4945625396789,0.17141940723165008,0.20316745439703016
2015-08-28,2.545696473559654e+51,-22.478234040669573,0.17633365002913706,0.22019172487513858
2015-08-31,4.951858205159255e+36,-15.92568261911583,0.14195139038743446,0.21949403360308883
2015-09-01,8.998790074376167e+36,-16.04320583532432,0.23722828717011293,0.20450512059494538
2015-09-02,2.1580128321597726e+40,-17.537821902016763,0.20329882803087734,0.19272980367346768
2015-09-03,3.5720040679006443e+40,-17.638867113814943,0.1984137260942679,0.2003536172105196
2015-09-04,8.576891313246951e+32,-14.243635327345949,0.1967812809570948,0.20090153086926849
2015-09-08,4.844992849953834e+34,-15.028112733493888,0.1386777636273943,0.18204076351285625
2015-09-09,3.994027274565025e+36,-15.883199578280623,0.1822323883633642,0.1763714279782724
2015-09-10,2.325866287399956e+37,-16.2252992985878,0.16926790362647215,0.17788681258189798
2015-09-11,2.365201697940806e+35,-15.334156430487294,0.15022675543727992,0.17757703759010385
2015-09-14,4.847231316157943e+34,-15.032593554331108,0.1522403136162208,0.17655917579623134
2015-09-15,6.58196683968715e+33,-14.649075372828444,0.12029310450446355,0.17390160531808013
2015-09-16,6.253520969136282e+34,-15.087486046202816,0.10581011708541961,0.17231700004462988
2015-09-17,2.876681017130629e+33,-14.484100999665884,0.11068688032587871,0.18023851724608936
2015-09-18,5.39547167786555e+33,-14.613194132770687,0.1386872283344251,0.16839717738828433
2015-09-21,3.11250694623922e+34,-14.951168934695918,0.1314162967350401,0.1680375652094376
2015-09-22,1.8922224090265892e+31,-13.503244532852772,0.1569726074260906,0.15925436491946232
2015-09-23,2.7818703752867196e+33,-14.478686578507885,0.16453770960658265,0.16159133422022745
2015-09-24,3.392938367996803e+30,-13.17668888516769,0.15992634278513837,0.1680981865624081
2015-09-25,1.9629022424732506e+29,-12.627273427584575,0.15199757010000203,0.16979546909804374
2015-09-28,1.1619365673715556e+23,-9.842894323865663,0.1683541166395596,0.13327394638219234
2015-09-29,3.2966985362630536e+24,-10.489520996972761,0.17969801141698452,0.13462650256863584
2015-09-30,5.713146571809107e+18,-7.916952559417007,0.1197832961136051,0.12706651359030874
2015-10-01,1.3591971366405048e+21,-8.985527376875405,0.12170424709662227,0.12813458999017618
2015-10-02,3.066636022288365e+19,-8.247432076890554,0.10205796414313648,0.12499349748914562
2015-10-05,4.5176783612577146e+20,-8.772989876379022,0.08678130359712165,0.1175136923465929
2015-10-06,1.3844850289544937e+22,-9.440460543505667,0.09061020798319525,0.11510206365635182
2015-10-07,1.8415893649354381e+22,-9.498600721476935,0.08218326521386185,0.11560820682206392
2015-10-08,8.514746067671823e+19,-8.441485138247838,0.0783599471982022,0.11379492450553041
2015-10-09,1.0267307621485887e+21,-8.928267142083937,0.07731004434091547,0.11406986383361176
2015-10-12,2.603377909628912e+19,-8.214147962482139,0.07582603195393703,0.12114032712004773
2015-10-13,8.577659830858378e+16,-7.098495302599051,0.0806041497845249,0.11747126481638345
2015-10-14,1.5479256859457523e+17,-7.213446405616574,0.08394663493854557,0.11684102678662509
2015-10-15,1.5600253227288706e+16,-6.763679551060387,0.07520299806288933,0.1193216573952654
2015-10-16,1.0825230491129115e+17,-7.13989828952997,0.07283644291343229,0.12548494725512718
2015-10-19,4.315164019489926e+18,-7.863026967598511,0.07025080120018401,0.13672082824875756
2015-10-20,3.0825561056673956e+20,-8.705181593089106,0.06694071945638398,0.13663719664359053
2015-10-21,2.8880423842668276e+22,-9.599480301978799,0.06758335603373357,0.14417388296154846
2015-10-22,2.4050194821906736e+23,-10.01458171323913,0.05556215754177001,0.13285685714078288
2015-10-23,2.1750462044907164e+18,-7.733833970242072,0.057694008248814606,0.12793861269933646
2015-10-26,6028240658386488.0,-6.577879118818428,0.0635258761182781,0.12762937911986216
2015-10-27,2.1628930872555224e+16,-6.828682840427158,0.06345688012941739,0.127330684174926
2015-10-28,1.7737045059913404e+16,-6.790186429143024,0.058113078960447546,0.12095716924413795
2015-10-29,375663487021394.3,-6.033381108229959,0.061737653458940486,0.12098626934671503
2015-10-30,2.596687548802133e+19,-8.218793203268293,0.05533245116076846,0.12090952431522436
2015-11-02,1.0826928411641947e+18,-7.595289977955287,0.05214974487939064,0.11826498827448333
2015-11-03,6.893671189470785e+17,-7.50718193053981,0.051111370129621275,0.12320811429344306
2015-11-04,7.895370457840724e+19,-8.436763001956345,0.04892825826543879,0.1320654429961246
2015-11-05,1.9801626190094572e+18,-7.71335963346056,0.05228955587437342,0.15072392340875887
2015-11-06,9.367658884951704e+18,-8.017246376257228,0.05159224149328743,0.15219985339543599
2015-11-09,2.0504331626999013e+22,-9.52526900646562,0.05100120976758834,0.15041773924066604
2015-11-10,1.2204954512482537e+21,-8.972326557170563,0.05156269773678343,0.15239148048519865
2015-11-11,3.2185045043976717e+21,-9.162664294524843,0.05294123971228834,0.15235407320408925
2015-11-12,4.757654940366553e+22,-9.691018196409598,0.059467377467232255,0.15995170254132296
2015-11-13,1.152605661281805e+23,-9.8650647924439,0.06648333617954919,0.15610475345359429
2015-11-16,1.7212668235759657e+23,-9.946302877750549,0.05544958330158074,0.15096601408261703
2015-11-17,4.2469900533855793e+21,-9.225777172521404,0.05643140791471417,0.15964357883354277
2015-11-18,3.932851738278318e+22,-9.666513857712319,0.045628265426283426,0.1587332954108161
2015-11-19,1.9279501149776102e+17,-7.280225446539078,0.05099346400888168,0.16986211408588756
2015-11-20,2.698611725267418e+17,-7.354848359159314,0.0470907468030404,0.17255849947255125
2015-11-23,1.2330320253493778e+19,-8.08477884801526,0.04994194140929391,0.17661953603526195
2015-11-24,2.4481668009068875e+20,-8.672420845652818,0.046950066487627874,0.18277444552790256
2015-11-25,1.6795078603062195e+20,-8.60724325475233,0.04517691348411698,0.1828132830864798
2015-11-27,3.381302905319255e+22,-9.654498861158084,0.04001374276403848,0.18278952215238622
2015-11-30,1.7452738653528623e+26,-11.316345042677924,0.04029242646499969,0.1866200972579451
2015-12-01,2.090245775317087e+24,-10.455512205831537,0.03697968561021973,0.1847018940621661
2015-12-02,1.9448881134306122e+20,-8.647504717246322,0.044063285683159495,0.18456577207189015
2015-12-03,1.5462764799002506e+17,-7.256361169463392,0.05201828914209275,0.18454315104311486
2015-12-04,3072301056152396.5,-6.48836532759411,0.04675890506786889,0.16897048951419927
2015-12-07,538469191168815.75,-6.1432611483970465,0.0509869451042021,0.1728256975568316
2015-12-08,209139488876640.38,-5.9559856266847975,0.054600524588321625,0.1895576673758275
2015-12-09,1845632797212.172,-5.03620578595894,0.05806690004916884,0.19100212284531057
2015-12-10,104147327040.06729,-4.476394209405651,0.057746744179403654,0.19046033819502417
2015-12-11,491786528563.03406,-4.777313207439837,0.06476006630815459,0.18401515570213972
2015-12-14,5505623659.918264,-3.902381349047577,0.06313359471107276,0.19986167268321878
2015-12-15,4867502005.6939,-3.8779765206671097,0.06013128775217904,0.20616253341233157
2015-12-16,212094540.82439718,-3.26889674358302,0.05667959668083128,0.2054073783327026
2015-12-17,26468062783.579395,-4.199172262360138,0.06282412427649642,0.2025716326009695
2015-12-18,14418839334.009031,-4.075144446955318,0.07100084447851913,0.1986835801437515
2015-12-21,3.6841240086820403e+18,-7.822125370286334,0.07563741184796656,0.19679793511339957
2015-12-22,1863961093279933.0,-6.350002850528125,0.06905849289432463,0.2102062207888813
2015-12-23,4.266789388721358e+29,-12.761905489069706,0.061839027576073166,0.2057776757732894
2015-12-24,1.6224821741979646e+28,-12.124502576360085,0.06443216660314419,0.21558026582240422
2015-12-28,1.7313281795200204e+38,-16.605621704505037,0.06551467644702916,0.21690054201341452
2015-12-29,2.806425495559024e+38,-16.70126187749409,0.0537465559756118,0.21275605431021752
2015-12-30,5.633207973710551e+34,-15.047458533407465,0.06213020696311646,0.23550446176566997
2015-12-31,7.109147234905763e+37,-16.427901665184297,0.0753894882642748,0.2341940698778449
2016-01-04,5.308948701306051e+37,-16.367946693169003,0.09789638793048401,0.23730480099719736
2016-01-05,9.552904299522442e+37,-16.478862603961232,0.09676094398319547,0.23885790298075218
2016-01-06,1.31544664301696e+44,-19.217142887523366,0.13400924262809527,0.23618409022156084
2016-01-07,2.3888205754887875e+55,-24.237066322780116,0.3026179208150773,0.23043206094110197
2016-01-08,1.4840727663573723e+61,-26.82091165899465,0.48371731449985095,0.2319664630013051
2016-01-11,9.217826061440734e+58,-25.834741729649384,0.44234603496659164,0.23184511112618705
2016-01-12,7.517002408858979e+30,-13.29819190744826,0.165819796674183,0.22898776067952092
2016-01-13,9.310340592374341e+28,-12.446366171533784,0.2218212516583997,0.21648337350544203
2016-01-14,1.6891604842187363e+36,-15.679049777971391,0.23174382430560725,0.22144218162218432
2016-01-15,3.609495716431186e+36,-15.821796690001577,0.345004923485733,0.21668993827215222
2016-01-19,9.763122772469048e+37,-16.460753225509805,0.3578766954860036,0.22374210949421822
2016-01-20,3.170283272359393e+24,-10.441609581728967,0.23938745012152035,0.21847443680619105
2016-01-21,3.251871910154797e+24,-10.449104109460245,0.22177007954458924,0.2181045350226235
2016-01-22,4.092138659491449e+20,-8.705343327364865,0.1559832566908473,0.21222194938827008
2016-01-25,6.122256967959864e+21,-9.226542542993384,0.19295068793401968,0.20982232340904902
2016-01-26,8.739314047570299e+22,-9.745005478056298,0.17218738819214566,0.20519824678803392
2016-01-27,3.319077391296212e+21,-9.10204529748882,0.1914442198764594,0.20399260118775467
2016-01-28,3.2179244061246195e+21,-9.095884183126586,0.18171169710597715,0.2041379746106991
2016-01-29,3.073500506903674e+20,-8.644695624734025,0.1357804541680731,0.1882636847238967
2016-02-01,3.437562672542911e+21,-9.110908812655198,0.14150603504049608,0.20556825440228546
2016-02-02,8.54856443482195e+17,-7.504539142617555,0.14793761442647846,0.1926466463217173
2016-02-03,1.506367767745867e+17,-7.1590122521124,0.1436159959434188,0.19225900378234312
2016-02-04,147566421432505.34,-5.803645675453768,0.13715565229335516,0.19228185918623486
2016-02-05,6307698190329.823,-5.197123673384564,0.14450918207570343,0.17495940809938257
2016-02-08,12064918549259.9,-5.3181380724312755,0.1630723388518243,0.17189178030490324
2016-02-09,24575548471236.703,-5.454851310081033,0.1663812506424841,0.1715100372985862
2016-02-10,71403.00045726821,-1.6411293222673475,0.11402986768363071,0.1710330564091497
2016-02-11,52.299405063614905,-0.24177876092787356,0.10002921957857662,0.16416990156692246
2016-02-12,1488.2010007094239,-0.8961731120072893,0.10114759258075301,0.15527305761327043
2016-02-16,7163.891485981252,-1.1926514738610312,0.10467874552019837,0.14897676380592312
2016-02-17,415987.6782894727,-1.9863833668729884,0.10290057286848169,0.14126802211137535
2016-02-18,37461.392777049914,-1.5072022793946458,0.10751384381377391,0.13950298668513392
2016-02-19,7789.123799152853,-1.2004963565821003,0.10660655646480975,0.13885659988313598
2016-02-22,3.6159984101316174,0.29619835450379794,0.09959516298256378,0.13273232471375404
2016-02-23,0.18145823515995366,0.8889174938559686,0.10307974177478393,0.12040828424249633
2016-02-24,3.8783374364366045e-06,3.006699410349698,0.10701275312728438,0.12534756635461858
2016-02-25,6.976244323712589e-09,4.248219693963731,0.11190694295608963,0.12087352144553909
2016-02-26,1.0100584388557406e-09,4.6307009341965655,0.11333730543541572,0.11988874477090215
2016-02-29,1.0631325677820063e-09,4.616675831979101,0.10793189951406526,0.11592378728390308
2016-03-01,1.7818583139477033e-09,4.515562508792993,0.11723748434727176,0.08874671734698279
2016-03-02,2.2941840407931616e-08,4.017773649049401,0.11958400127697467,0.08978980632416064
2016-03-03,4.297753890188088e-07,3.4394256590575396,0.11671531018056631,0.09122710054208481
2016-03-04,2.576956751222811e-07,3.5385232165308502,0.11730520560534959,0.09295478183242811
2016-03-07,4.617608799976319e-07,3.4221776886023685,0.11591498636494402,0.1018633332484237
2016-03-08,3.453660570205186e-05,2.5696482599431527,0.10714896427660073,0.09675669643025624
2016-03-09,4.569346675618068e-07,3.421814665224792,0.11282461072065526,0.1085286291494825
2016-03-10,2.3352456981184775e-05,2.6468159807010925,0.10859247577610763,0.10860032067068405
2016-03-11,0.00047028082790857357,2.0524707266307285,0.1055679006384285,0.09469923103248762
2016-03-14,0.00030896696709324515,2.136243528217802,0.1065609934846136,0.09926367669776731
2016-03-15,0.7383032667025691,0.6040744985614723,0.09643955978271454,0.10357628495757298
2016-03-16,3690.7528320756624,-1.072215267297732,0.08615962826174989,0.10256465163327745
2016-03-17,229203.7379188989,-1.8850219206972596,0.08011309560333385,0.10120866741381092
2016-03-18,272930.423810394,-1.919947998826859,0.07877667459043494,0.10295503305682277
2016-03-21,2995522.538304494,-2.3919593002114294,0.0754381150540914,0.10319232887823492
2016-03-22,8459359907.39164,-3.955815425981353,0.06701361982500843,0.10298312873839179
2016-03-23,834104708659.4038,-4.859058424303646,0.06510335424934073,0.10180970264520231
2016-03-24,10529999232.489029,-3.998946801281867,0.0691792060596026,0.10171554441917921
2016-03-28,1706093986120886.5,-6.3598038034770354,0.05841379855338568,0.10229595426774686
2016-03-29,7.113597346948466e+19,-8.452823891856822,0.04637212806596698,0.09796286628000396
2016-03-30,2.814969394827868e+20,-8.722856511045006,0.04364698719547007,0.09721910850001868
2016-03-31,8.296852526598906e+21,-9.389282481329492,0.0422167814576401,0.1028990435067409
2016-04-01,2.0196102792821227e+21,-9.110237759931808,0.04051972524226815,0.1020691720022048
2016-04-04,8.417460275064622e+20,-8.9399789337275,0.04205451170726153,0.10521190838722648
2016-04-05,3.0082563509887424e+21,-9.19460486514669,0.044679835864082106,0.10359103527233789
2016-04-06,9.642322704276193e+18,-8.06806874768594,0.04323051964763193,0.09803711851169813
2016-04-07,1.4593094291238377e+18,-7.688409246412078,0.05165610715288209,0.08777428663541856
2016-04-08,6215872070869292.0,-6.616462516207259,0.05412127870597589,0.08819339210003674
2016-04-11,3915960328739595.0,-6.531982440726501,0.053656223526294844,0.08764758202664162
2016-04-12,1067906945105363.9,-6.2821062874349325,0.049595380288888845,0.09232500562347225
2016-04-13,11491719905279.463,-5.396867683518707,0.048403878500923384,0.09176052175423034
2016-04-14,27723130635693.973,-5.560284598760485,0.05011390922286288,0.09177890327592224
2016-04-15,5.647395870474345e+18,-7.965935016423264,0.040464069127703554,0.09650607222493203
2016-04-18,2.2842326654488107e+20,-8.690714522281802,0.03597898104093172,0.0999535877372749
2016-04-19,2.171935200963682e+17,-7.331628894518531,0.038063142201283796,0.10356087465621909
2016-04-20,9502945055374592.0,-6.723111819864457,0.0387461237948894,0.1034039041943366
2016-04-21,1.6966258447631658e+16,-6.842049257408696,0.038951041808436504,0.1026048124437401
2016-04-22,177528457303616.66,-5.952004019366606,0.04094242472429975,0.10592589162111052
2016-04-25,219412869281721.4,-5.993112380081452,0.041394143108584025,0.10589369771153248
2016-04-26,6024542471037.771,-5.298498599597657,0.04105910217029842,0.11638911585142336
2016-04-27,2491226979918623.5,-6.466580474313446,0.039445237867119606,0.1187991993111931
2016-04-28,332487284808086.8,-6.079329724052458,0.04175729970690061,0.11383082213072106
2016-04-29,5683777964858.229,-5.282765256181395,0.04545130490454765,0.11239986709153157
2016-05-02,30044130759014.08,-5.601104356220475,0.044024353425702864,0.10968649993712552
2016-05-03,111583664511.81993,-4.512685712694978,0.04790350747450455,0.10424942118787957
2016-05-04,172041477.1790278,-3.2518439376086596,0.05097044678488693,0.10148885309386754
2016-05-05,5.31018784030628e+18,-7.934376568788992,0.05059069757381863,0.10255843277541055
2016-05-06,2.5268674644159018e+26,-11.374782279992754,0.044906594095965924,0.10311806895644282
2016-05-09,5.80420193255056e+25,-11.088607527295464,0.044758505272043024,0.10310153417511451
2016-05-10,3.689980487499753e+24,-10.558832940952707,0.03804763236129929,0.09500013334003714
2016-05-11,6.827270235358995e+20,-8.885883775436435,0.044570382137803934,0.08738916077893234
2016-05-12,5505938929511064.0,-6.60653531929632,0.046754586611191855,0.09550782407878845
2016-05-13,4.778091959054218e+18,-7.927361831877444,0.047633122730723405,0.09421936239252038
2016-05-16,5.175660671783457e+26,-11.50681427230394,0.04362142103441428,0.08853031838023678
2016-05-17,2.364149468419808e+23,-10.01240822922737,0.049977572461155896,0.08118283893672923
2016-05-18,1.9625679741284893e+19,-8.18768498493716,0.05073574620335845,0.08156224197662613
2016-05-19,4.1244723703926154e+21,-9.232268352578055,0.05042075023668144,0.08174945805687318
2016-05-20,2.922674362906708e+17,-7.381028309262581,0.047371438277038914,0.08185887049664033
2016-05-23,1.6432583340755853e+21,-9.050765230604762,0.04873532805203892,0.0817229093426157
2016-05-24,1.9852181788890096e+19,-8.19845384153024,0.0425474946051342,0.069100020370988
2016-05-25,204892.16258492434,-1.9556465965737992,0.04586772537439824,0.07944925988913447
2016-05-26,47.683855276515274,-0.3323575215993034,0.04791650858003174,0.15413463943786146
2016-05-27,564899046.6788683,-3.4970335721784545,0.042168782332612134,0.1636773781046692
2016-05-31,25196651.101089574,-2.8927880246161033,0.043480793383585625,0.17873695168083303
2016-06-01,1.0027872904969077e+17,-7.171087022312288,0.03981357420671774,0.1898875686485336
2016-06-02,537382590450.418,-4.824673977357721,0.0403189097171858,0.1961296047805598
2016-06-03,249571643.6020587,-3.338946088125328,0.042253018710040086,0.19595981662908663
2016-06-06,1.0244341673342982e+21,-8.956368793560312,0.03687435165965838,0.19673876272012145
2016-06-07,3778.5330582356673,-1.1885175248426405,0.043899460992196875,0.19795658213320586
2016-06-08,4438117084733.219,-5.2292463741386195,0.03909635472537683,0.19753198882171372
2016-06-09,1.0987840616492504e+16,-6.73796523187019,0.038575845097405755,0.20468551159318435
2016-06-10,4.096514139246404e+16,-6.995964712023052,0.040636445608489544,0.20151605701648326
2016-06-13,8268.492262695681,-1.3390643562451638,0.04557386828112055,0.19986081529042599
2016-06-14,0.0748858201016473,0.909339343669935,0.046843875271757526,0.1995091497775854
2016-06-15,201.828529894814,-0.6172743864900899,0.04692139968321193,0.1995213322561271
2016-06-16,1436990989.20583,-3.6653874328888807,0.04671497781435974,0.19989670724802203
2016-06-17,2569046.2259901226,-2.4443233844183196,0.047028540511758574,0.19874321929596728
2016-06-20,1.3987636750957294e+18,-7.662216010333409,0.0459817588435608,0.1984710398753664
2016-06-21,2.575290800458459e+30,-13.114083720829422,0.044451539786014745,0.19860286400476052
2016-06-22,1.0526298294231126e+25,-10.717940386395638,0.04571182641358809,0.1992753487758723
2016-06-23,8.044818550624233e+25,-11.11356618622424,0.038472269527087724,0.19529637009519565
2016-06-24,1.4384551402822552e+23,-9.884362371403443,0.060629374714049646,0.13561864812403565
2016-06-27,9129.61455702569,-1.3336363465487762,0.05657928106828096,0.1107476386341328
2016-06-28,6097975888072.663,-5.255766308909627,0.05971922279576135,0.09937166099554805
2016-06-29,2.869473098289912e+24,-10.450122766870464,0.05402585341523961,0.08527447712324891
2016-06-30,2.447502518295232e+26,-11.30812645985276,0.046066494389821,0.07437660713197554
2016-07-01,2.2241300273062875e+24,-10.39870181095275,0.04570975936781457,0.07494022158202554
2016-07-05,9.057689352008517e+27,-12.004946093332032,0.04908415226783698,0.07374263115528992
2016-07-06,6.564388524972675e+26,-11.492613585955674,0.046948313173889755,0.07216158308263622
2016-07-07,2.1383578530169747e+21,-9.051321746255617,0.048684226907658334,0.07174210711605117
2016-07-08,1.6653514566976081e+24,-10.346370311800733,0.038780376807931276,0.05817564524413986
2016-07-11,3.5240640081386127e+19,-8.24698885799071,0.04393208746633421,0.057910932530049884
2016-07-12,2.9189855537693476e+18,-7.761001720546574,0.042863007690160077,0.05314410617277451
2016-07-13,469893500434.17346,-4.738062910239522,0.04814210099956155,0.05429668966702892
2016-07-14,3.502889459408773e+34,-14.92130044622825,0.029124906704687047,0.053257394605241294
2016-07-15,2.302553354825777e+26,-11.274849545299825,0.03569724566589536,0.053056708864401794
2016-07-18,1.6472768016986702e+30,-12.992226260294247,0.031625682292794985,0.053162814599536624
2016-07-19,5.318262882426438e+28,-12.328408013189666,0.03308531628738292,0.056775618121798335
2016-07-20,3.438761399882825e+32,-14.02252946846193,0.029092284106745255,0.0553398947823156
2016-07-21,1.6102621102288316e+29,-12.537099265029823,0.033545003174513525,0.05355504359406352
2016-07-22,2.1897072391604446e+26,-11.259129249385225,0.0340217898804406,0.05197410844096838
2016-07-25,4.195675288467096e+23,-10.052208963793,0.0367289216280789,0.05076723690494622
2016-07-26,3.5272966064920056e+22,-9.574783849698175,0.03714967063689587,0.05107638214869942
2016-07-27,1.5782001398911876e+27,-11.648322068339054,0.033490751311981225,0.054649815064081286
2016-07-28,4.8965660435540445e+28,-12.315883033251229,0.03137951895636382,0.05466210894059591
2016-07-29,7.061140412514584e+29,-12.833384946976333,0.0296839814316765,0.05488442064760754
2016-08-01,1.1202838784004304e+37,-16.02086002754783,0.02814487000826221,0.05740508257104274
2016-08-02,8.683014110747114e+39,-17.30488004295604,0.030056578672464175,0.05222026169151031
2016-08-03,6.143170381587315e+39,-17.228003106623234,0.030108023963657426,0.05278203979473088
2016-08-04,1.8087824566161604e+37,-16.106509655980144,0.030296443256688902,0.05270443314941408
2016-08-05,5.592999572053962e+37,-16.32881815670881,0.025493646285031025,0.04668005919490494
2016-08-08,2.033580163556382e+39,-17.00731303110634,0.026998511761477845,0.0477733337449508
2016-08-09,1.230428333576417e+41,-17.8028584271571,0.025255975639402337,0.04776466984195128
2016-08-10,1.9094229292326406e+42,-18.335918285357355,0.025341233223595046,0.047626570787709745
2016-08-11,7.309023947790572e+39,-17.264907731641408,0.024010112868608623,0.09679141064972206
2016-08-12,1.3608603699623097e+45,-19.587977361032877,0.02409577346282167,0.11134239123986632
2016-08-15,1.160627836132699e+48,-20.88665062484631,0.02169599576143473,0.12101098172626464
2016-08-16,6.651471504354682e+46,-20.333836473559487,0.02503508594896618,0.12020041439033212
2016-08-17,4.438549017830693e+47,-20.68982179359478,0.024954412020153974,0.12612800158341564
2016-08-18,2.856863322541569e+45,-19.721008606466768,0.024291945047656992,0.12609618574538636
2016-08-19,1.2749771185356286e+44,-19.12299914508333,0.025487027744758427,0.12615508841931913
2016-08-22,2.4081156062796806e+48,-21.007549006185236,0.025300581655886622,0.12616415764251168
2016-08-23,4.4218664682929306e+55,-24.234266983457,0.020759910177733747,0.13301524034941933
2016-08-24,8.102314830930466e+55,-24.346877191726197,0.024035060750522235,0.13388193442161347
2016-08-25,2.281845628496629e+54,-23.65391196482456,0.025743358638153958,0.13533551505613312
2016-08-26,1.4095405863679865e+56,-24.44783924209128,0.02633985453518249,0.13819090038008333
2016-08-29,1.7690822080583623e+56,-24.48993801991692,0.0234103260914192,0.13892083152941867
2016-08-30,4.509726918491698e+54,-23.781966970983934,0.0251832316677971,0.1400985382997743
2016-08-31,3.4409417635954336e+55,-24.169075623289352,0.02729392721753389,0.1434557510039895
2016-09-01,7.806562883936026e+54,-23.88178245328228,0.027741195606825687,0.146171114904631
2016-09-02,8.376277410488421e+59,-26.115034519248294,0.02260336661096092,0.14540652410590532
2016-09-06,6.848273449031608e+57,-25.191817108417656,0.0213147636365883,0.14577566323090668
2016-09-07,8.693268466785922e+55,-24.352728107897587,0.02186098123521834,0.14691938317540632
2016-09-08,3.902041572944281e+62,-27.298556867008436,0.021240431484388984,0.14682683417675313
2016-09-09,3.6315827114838576e+65,-28.603768438196457,0.043993362364215784,0.11769274209879611
2016-09-12,1.4381200131001722e+64,-27.972019051342194,0.030892771436237323,0.10780862570819776
2016-09-13,4.6498703515976886e+66,-29.073751297237088,0.049140317534617596,0.1047493802829997
2016-09-14,2.2844925051208932e+66,-28.930251076029208,0.05152499845955667,0.10477649901527353
2016-09-15,2.5597768539187396e+67,-29.3978837021088,0.03743185917633366,0.0991357755907294
2016-09-16,1.4228183043077464e+72,-31.485533227601724,0.044200701780466305,0.0982447206635548
2016-09-19,2.2567770789182924e+70,-30.691111523053568,0.043730861598837406,0.09898205736327491
2016-09-20,1.9498624373635401e+65,-28.470354527717937,0.039992356923663076,0.1016297818587084
2016-09-21,6.477132278664531e+60,-26.50707775161471,0.027066730026651914,0.0934417510529291
2016-09-22,2.3941198468335027e+61,-26.75280450706239,0.023293721496782726,0.09018211181337107
2016-09-23,1.976340274488866e+54,-23.624060064941396,0.027953553130687137,0.08850295396626015
2016-09-26,4.5692731712964524e+41,-18.046949637787847,0.033656133506947745,0.0851225645675187
2016-09-27,1.0406176955052511e+45,-19.521676939442987,0.03088580939434287,0.08285681521612395
2016-09-28,1.7793994450706524e+40,-17.41741043433314,0.02844542660766466,0.08063126520064358
2016-09-29,7.239210239483729e+33,-14.59674410400923,0.03358746949933293,0.07475238187480913
2016-09-30,1.8590148673613713e+57,-24.911101722891335,0.03052087106191145,0.06916394396110423
2016-10-03,4.0953841497669257e+36,-15.800791755900363,0.032643039667821463,0.0689922348143481
2016-10-04,1.8234074717853877e+33,-14.322914684108097,0.035295098814733264,0.07119328486029916
2016-10-05,1.441388568487461e+20,-8.545748739438553,0.03274463147597854,0.07058205681658432
2016-10-06,1.5425138013439216e+44,-19.130329559180066,0.03463069639197672,0.07100678485799877
2016-10-07,9.622292401588537e+36,-15.95956896469016,0.035483279997801404,0.07071063139162166
2016-10-10,8.566877386916847e+38,-16.815961481471998,0.03301001140168709,0.10699462697586558
2016-10-11,1.2591278225778502e+41,-17.769353056564217,0.042344696104639284,0.09847235741543611
2016-10-12,1.7257780596144721e+41,-17.821310013567118,0.04319400645758731,0.10513645768929086
2016-10-13,3.751808929251586e+32,-14.005766673089429,0.042701641100826956,0.10428882051126832
2016-10-14,6.38486338119397e+34,-14.990485088613207,0.04268608924308606,0.10490994311699364
2016-10-17,1.70174747491134e+17,-7.2482742227714985,0.03832628744031201,0.10370544589123679
2016-10-18,9.817670455096366e+20,-8.906475628570323,0.037063824106210515,0.10487043172955304
2016-10-19,1.3668706151833908e+31,-13.372007191869857,0.03876362993412709,0.10518746204647186
2016-10-20,2.844575942781486e+31,-13.50981424712632,0.04040251491117933,0.10573625030494459
2016-10-21,5.646428970326679e+30,-13.198793732343738,0.04030642225304283,0.10641313863594672
2016-10-24,1.24868873120403e+22,-9.385806180944874,0.03661053197952612,0.10833990418035482
2016-10-25,3.092682080524994e+23,-9.995604763406973,0.03906545064625576,0.10700329485427044
2016-10-26,9.765513190897297e+24,-10.659185230428553,0.03969280863947282,0.10628197137141075
2016-10-27,3.98181318472513e+23,-10.04754270990601,0.04040028432130836,0.10528827426620845
2016-10-28,8.956962847418939e+24,-10.641156983303894,0.04270213630871179,0.1065371298791124
2016-10-31,1.385484221871412e+25,-10.728402411701772,0.04191604614624623,0.10632778898896636
2016-11-01,1.5657855699548935e-11,5.119503093739556,0.03136007798151855,0.10205848366483011
2016-11-02,9.485238557392179e-08,3.459313618174362,0.033389901382263686,0.09986504428526975
2016-11-03,5391.402531499696,-1.2824390485303716,0.038778671587844225,0.09680362300057666
2016-11-04,10834085376909.936,-5.387593943327047,0.04409973722376601,0.09653334373051992
2016-11-07,0.03301811377479408,1.0182009630143187,0.03630186551410527,0.06589294002259757
2016-11-08,3.0143511295156174e+22,-9.550268532675187,0.03893659940093777,0.07630689982156574
2016-11-09,6.9508646517393755e+28,-12.35996201271542,0.033889031068589974,0.06998046239383954
2016-11-10,8.764282155324022e+29,-12.840743283063105,0.03349085584714585,0.07142558388502906
2016-11-11,8.491695939906423e+29,-12.834526600142235,0.03460837023383385,0.07057681399384146
2016-11-14,9.088515598538732e+27,-11.963407108574193,0.03473627102688904,0.07205077345794753
2016-11-15,6486818005738.8955,-5.268331382995929,0.036831602180095686,0.07874867163679919
2016-11-16,111673874.90724292,-3.161000129065662,0.039336334675508025,0.07799196560892166
2016-11-17,56887216611544.35,-5.683484203928277,0.035997702141166175,0.07829124165236055
2016-11-18,115651.12438358815,-1.8400769479756056,0.04049178376467613,0.07693355452315698
2016-11-21,82292.09763518523,-1.7741795352033394,0.03983846202898712,0.07442215520310903
2016-11-22,1.1355685384530227,0.3725209223625589,0.0422968277894449,0.07608606561652817
2016-11-23,5.096679625006495,0.08529286798917145,0.04208094300226915,0.0768712636444986
2016-11-25,7405996304321.098,-5.2878157429278945,0.03461424455726909,0.07636621788405963
2016-11-28,399.99970094360094,-0.7419208359765775,0.04321878008554606,0.07314853192677406
2016-11-29,0.19843394211783397,0.716541583983777,0.0448679092223825,0.08109456109750424
2016-11-30,35.71257001382547,-0.2800042090182574,0.0434989784786211,0.0802185009767227
2016-12-01,5.045257846927172e-08,3.6356358928613433,0.05006598549038348,0.08020215871602124
2016-12-02,1.531032937341912e-09,4.3068232645385045,0.05122296174717188,0.08331542806814268
2016-12-05,1003.3868916296603,-0.9194154096230684,0.042555801382201705,0.08327388494873451
2016-12-06,1.4856098566591471e-05,2.5320850459499304,0.04614912138244126,0.08343634799956186
2016-12-07,3.069129742747575e-06,2.8291639063004856,0.04642631050293498,0.07188490350797352
2016-12-08,2.8502434336485468e-08,3.7367307007782133,0.05144964952084114,0.07310345979326023
2016-12-09,3.875065557021732e-10,4.554790609581722,0.052998243686084245,0.07023059569922144
2016-12-12,2.98265901315292e-14,6.36941756325677,0.05769154467104955,0.07057073135295075
2016-12-13,0.00708741682998422,1.3595002375941907,0.04722248603272238,0.06736796171604643
2016-12-14,2.3646591814027076,0.2634137112107373,0.04884351636974285,0.06013543864269643
2016-12-15,1.9090840160008256e-07,3.3880460968090205,0.055951063449373395,0.06025597458340823
2016-12-16,2.0802848601825305e-08,3.810461576269234,0.05620269281762484,0.060118636241683114
2016-12-19,5.1463145569699425e-06,2.7523987363954414,0.05289924447605656,0.061402850660731256
2016-12-20,5.338519553651824e-05,2.300405959412789,0.05090415892904851,0.06125706588352395
2016-12-21,1.7895192611398372e-06,2.9480303561901486,0.051697538158776264,0.06114830487524579
2016-12-22,2.7619297085512757e-06,2.862823565941848,0.050749891031292696,0.06464884517777712
2016-12-23,6.928549187899608e-05,2.241109317255758,0.04813669818745168,0.07077562841343846
2016-12-27,0.0005652268244591113,1.834347996553802,0.046086271805246465,0.0708044702127994
2016-12-28,0.0016749171468430774,1.626703066995102,0.04543644551415105,0.0631087291903166
2016-12-29,1.357462563018125e-06,2.988322884312705,0.04789363885642338,0.06805804114983713
2016-12-30,0.04426864075072397,0.9927481684386009,0.042611012120256184,0.0661704391521357
2017-01-03,0.1538911047479959,0.7601016586823557,0.04346330180012168,0.06120166820215874
2017-01-04,0.0026571938830089073,1.5380188550487852,0.045420563189176984,0.0577911627136615
2017-01-05,2.4007358706959388e-05,2.4372071616241513,0.04710848460120033,0.062169875463354084
2017-01-06,0.0009821928502464115,1.7193462027314315,0.04379164153173166,0.061734008255502716
2017-01-09,0.003230779833045009,1.4951372560935232,0.044031427111829634,0.06020943520989417
2017-01-10,0.0007359926868992045,1.777385212458444,0.044464525053883645,0.060231811803886336
2017-01-11,0.43236645343815727,0.5660173046976168,0.04375036044309101,0.06268906242263107
2017-01-12,0.1767776504851695,0.736080766415184,0.043923993434363436,0.06239728355579451
2017-01-13,0.007308269873407798,1.3408521126856403,0.04417311173760784,0.06416756445740557
2017-01-17,0.016821468549794927,1.1812995896623348,0.04377068594731971,0.062270179988128865
2017-01-18,0.024991907971566106,1.1078631649413233,0.04415651383211161,0.06354247506968488
2017-01-19,73.8704123077167,-0.41050469881212753,0.043473077440327336,0.06103208279615722
2017-01-20,5.4896315187867835,0.08477537078112554,0.04386267153787867,0.06068530708447363
2017-01-23,1.356800348586139,0.3515951438979287,0.04438953275119166,0.06001722322424061
2017-01-24,8.633672485558037,1.826948840112106e-05,0.04394028210411047,0.05888321800449393
2017-01-25,1.1141881356502987,0.3931199614057546,0.04496595505325561,0.05329746100058494
2017-01-26,0.01697803473574415,1.1935636378755652,0.04725392827096171,0.05247290838721045
2017-01-27,200999238663.30963,-4.5273156412308255,0.04098107560969266,0.05113079151332744
2017-01-30,43664091392.45993,-4.240254684899194,0.04195249668006276,0.04501958189044379
2017-01-31,36473001.81268331,-2.8900194547402114,0.043774347704536885,0.061207044384241634
2017-02-01,2004595394563.8137,-4.978033376647724,0.03907766987901743,0.06863383602253124
2017-02-02,6.267575088497409e+22,-9.575095214947169,0.034754903947075505,0.06864307732311208
2017-02-03,1.5931837235517504e+16,-6.696552448672236,0.03355300542436843,0.06882414407719428
2017-02-06,13052752558107.645,-5.342547826622533,0.035794386723998095,0.06977907672114379
2017-02-07,72797181.34746273,-3.048237227499808,0.03695472549828203,0.07070997148604292
2017-02-08,1.3629107922562066e+19,-7.991638353074896,0.030565771742253698,0.0707127287894316
2017-02-09,7.717107021343734e+21,-9.19575396485725,0.027976102299304948,0.06927804852945774
2017-02-10,5.735339737954376e+26,-11.31696768048156,0.026304079342335456,0.06875451829897672
2017-02-13,1.0139687783603724e+20,-8.364468265412373,0.02744374898239768,0.06931339187067055
2017-02-14,2.1232154521523023e+18,-7.6251464485807245,0.02800464541945348,0.07386433121509632
2017-02-15,2247671657908.99,-5.012936339142699,0.030140744305157282,0.07297334130246509
2017-02-16,607834020.8351729,-3.4500511609696547,0.033008008365495875,0.07330756910419033
2017-02-17,576042349.7857717,-3.4458593920640226,0.031762634035192715,0.07350117941333399
2017-02-21,281155424414.1752,-4.6194881286389435,0.029365949141406857,0.0848556738256609
2017-02-22,2431270185649.975,-5.019389102094699,0.03042818441892112,0.08537046501417611
2017-02-23,3724163581819836.0,-6.4127679667658315,0.02806100815215839,0.08535522348725821
2017-02-24,4.399376531995973e+18,-7.758011278579939,0.02559963287200635,0.08516414938261647
2017-02-27,5.335125841864101e+21,-9.102507622009972,0.02391724452296199,0.08487051335813553
2017-02-28,6.508578532979168e+22,-9.575220214125633,0.024263680132736304,0.0887472410500976
2017-03-01,7.598296160155787e+19,-8.294748376776562,0.022591072960038382,0.07214002460563586
2017-03-02,2.3301973886869845e+20,-8.493599336852707,0.025475268850733698,0.07013632473410843
2017-03-03,28530782220.116417,-4.171119913248833,0.031023795498840132,0.07045824696574558
2017-03-06,1579510266206241.8,-6.241443642844811,0.028477160475725193,0.06997858476087639
2017-03-07,13926137.235778756,-2.7362122312053976,0.03233169140260185,0.06930032869465463
2017-03-08,605785.3573944111,-2.141920216885019,0.0334219650561159,0.06978775181835488
2017-03-09,9706.089525802277,-1.3635581130633896,0.033541670060455296,0.07041674138716683
2017-03-10,7506283.543968727,-2.620187612174664,0.031972732193822115,0.069184459363397
2017-03-13,1766.634893295211,-1.0425266188109206,0.03341504662007385,0.0691992644182435
2017-03-14,512376.17233188706,-2.1228763123016563,0.031142129076116888,0.06803772807336096
2017-03-15,257.99092087088223,-0.6876309518609771,0.03203072734249458,0.061060815390184896
2017-03-16,0.12853678729063256,0.7541516545370528,0.03469120405002605,0.06424297123033626
2017-03-17,0.2943575064990808,0.5973604944078214,0.0344837030976515,0.07306671972145759
2017-03-20,0.08583618073833837,0.8276053281692509,0.034278553554271035,0.07357108166575113
2017-03-21,1.5457331036850661,0.27875305544417023,0.03352436440386135,0.057814140622121826
2017-03-22,0.0003072776750095567,1.894511524382799,0.03563733104523791,0.06425115288704299
2017-03-23,0.0020571598620298757,1.5370324420322021,0.035677527933666936,0.06525302367607377
2017-03-24,0.011018882123593586,1.2174560641149892,0.03497986699000019,0.07556783515672666
2017-03-27,0.0003724637383928433,1.8487415486318457,0.033790078765436674,0.07736129694230608
2017-03-28,11925.620432569194,-1.4072853094319018,0.03282935673386557,0.07395856710162196
2017-03-29,25.563027436820708,-0.2453186578944683,0.03394192620395023,0.07395445965630087
2017-03-30,0.014031614870645056,1.16420191413283,0.03362527088389891,0.07396664303141516
2017-03-31,1.0581567083548473e-06,2.9524020359103926,0.03432538476810319,0.07361338866479172
2017-04-03,0.0002792296913477153,1.9042410252704332,0.034240944887517555,0.0730948356688439
2017-04-04,1.4731725292188718e-05,2.456456740817329,0.03409803030004207,0.07341962396978163
2017-04-05,4.1969326443830624e-05,2.2535604927966806,0.0328918441359987,0.07218071199313796
2017-04-06,1.2029060545852909e-05,2.490263388479132,0.03331901950126111,0.07269441206738049
2017-04-07,3.401774627650813e-07,3.1621124753916803,0.033508749277522586,0.07245883104931715
2017-04-10,5.84550362913028e-07,3.0569280274352995,0.03295187137093681,0.07275268163340275
2017-04-11,4.947706965305084e-06,2.649878178985178,0.0319456798453202,0.07240557029344565
2017-04-12,1.356864514220538e-07,3.3237828880725804,0.03121319080819915,0.0705374355261364
2017-04-13,2.0228952982836758e-09,4.117961396810698,0.03100319662411687,0.06548818201653114
2017-04-17,2.6158085387278493e-13,5.805860630919609,0.032453584930343025,0.06142030029534517
2017-04-18,6.90960403859014e-17,7.359916150036761,0.032521795360663894,0.05996579681953696
2017-04-19,1.156924095142747e-19,8.563373688588229,0.03209470069161406,0.09049670825981963
2017-04-20,7.040881781437369e-29,12.554104443405892,0.03428509368814634,0.087042797091059
2017-04-21,2.7326773363779043e-39,17.066290900697435,0.033416975622449156,0.08865067881436133
2017-04-24,1.6506831239796077e-38,16.72976682045886,0.04008032750906281,0.0819273412478365
2017-04-25,3.758256974883918e-40,17.446640599620743,0.045701508930474595,0.07980486057542106
2017-04-26,4.218163316583002e-51,22.18998636231851,0.04878489690573673,0.08003224020895765
2017-04-27,5.270083874291067e-25,10.884445335014174,0.040907347366424894,0.08148054035605534
2017-04-28,2.637934286738282e-08,3.6501342662237377,0.03596025885652646,0.08086705155930404
2017-05-01,3256.1979189713957,-1.1511104620867514,0.033958321103814054,0.08078266888468846
2017-05-02,7.340071854923557e-10,4.323633482494499,0.03659815143093966,0.08083474346970276
2017-05-03,53.53403958835041,-0.38603943897887105,0.0330522452483446,0.08459728619344668
2017-05-04,2.138537176734364e+53,-22.71817896154598,0.024983352942360693,0.08499450913968437
2017-05-05,1.0886298580355031e+74,-31.67965708321469,0.019652707292324992,0.0845619980120727
2017-05-08,1.2825949214276755e+67,-28.677036419153524,0.0211895807801802,0.0857416357693865
2017-05-09,3.8859078863574016e+90,-38.84595443773212,0.017992234718336785,0.08559631468102004
2017-05-10,3.586801301762681e+91,-39.264381668727495,0.016569726356336637,0.08553535412484295
2017-05-11,4.317432783062783e+87,-37.56675787530545,0.018590062431790576,0.08532286913846165
2017-05-12,2.5352528127753013e+77,-33.1393160021746,0.02099101457514633,0.08490900261261472
2017-05-15,1.9965429996397746e+82,-35.25294060045954,0.017197370597182838,0.08448452539070192
2017-05-16,4.924403850197502e+76,-32.82036236176389,0.01913153269867333,0.08459303495562906
2017-05-17,4.238328277592519e+74,-31.930177188553298,0.03439406824298549,0.049197761611880046
2017-05-18,1.062911428695441e+54,-23.00796847966525,0.032368932233615144,0.048623660731602604
2017-05-19,6.778870520870558e+58,-25.080303457932946,0.028135921111606822,0.05143864278332846
2017-05-22,9.397176587998261e+59,-25.568503220597613,0.025256174606126544,0.0575263504972462
2017-05-23,4.503388394052538e+56,-24.12811262166077,0.024934052495559897,0.057482993518020456
2017-05-24,3.8812676028781176e+54,-23.234676189473664,0.023935180459830722,0.05737725089980701
2017-05-25,9.1001645660239e+46,-19.939189590498874,0.022351375576576894,0.055387662172086266
2017-05-26,1.0425584474615441e+43,-18.235256576228462,0.02321231552704857,0.05532092156049981
2017-05-30,4.187699285028924e+60,-25.85010322615409,0.020079890076440156,0.06318675766476128
2017-05-31,9.870898688974788e+63,-27.310720306272742,0.019413237083129285,0.07027601935558073
2017-06-01,6.7673568085502206e+75,-32.43447757472338,0.013104908596367796,0.07245732230953031
2017-06-02,2.3387502822818753e+62,-26.60740058786504,0.014462674772063831,0.0717049005077808
2017-06-05,2.3432871638569783e+53,-22.711105117152577,0.01700626370745639,0.07200201758723766
2017-06-06,5.468804789155816e+55,-23.737051524246624,0.01767162161085699,0.07153232079060658
2017-06-07,3.3015063693712096e+48,-20.608562396586624,0.01912381681485277,0.07845237486822326
2017-06-08,4.459914526860166e+45,-19.36895437054763,0.019487800161282154,0.08212983827826131
2017-06-09,6.918141810473203e+48,-20.754750815099676,0.018736217117873013,0.08205143153684882
2017-06-12,1.6133165185548346e+47,-20.0485907804631,0.019217921219779954,0.08209396823471832
2017-06-13,1.4515209076385394e+56,-23.922494864633762,0.015161920764011504,0.0846320725844679
2017-06-14,4.636883233455405e+49,-21.109378696980897,0.017455285366942474,0.08463147910267667
2017-06-15,5.637258354858234e+46,-19.855170072126576,0.018255079486039258,0.08557359064716966
2017-06-16,5.303721669916568e+44,-18.977608585406127,0.018766773677011538,0.0856027495605405
2017-06-19,6.696478981023988e+54,-23.342536851746726,0.013735295605869035,0.08063380121941882
2017-06-20,3.5121511105724195e+51,-21.91515297538684,0.01773985588644312,0.07821203097569124
2017-06-21,2.5453245021410397e+45,-19.254700547107674,0.01990850118987579,0.07812622846096738
2017-06-22,1.2816306283129199e+48,-20.429014234339398,0.01879970381351775,0.07823822570086121
2017-06-23,3.896396272282643e+54,-23.22703981759678,0.017283278964473296,0.07831459229818968
2017-06-26,6.927905325402847e+53,-22.903717579617947,0.017092192070250374,0.07853774959070255
2017-06-27,5.293932615942194e+55,-23.717856566714154,0.02036358184016252,0.07123972167645264
2017-06-28,5.752258480958606e+49,-21.13676521176338,0.01797358904090496,0.06553634481514978
2017-06-29,4.36627403928638e+50,-21.50605294157619,0.023013281961729245,0.05556353605653271
2017-06-30,3.7529294488404594e+43,-18.451755774364678,0.023722968584691008,0.055812566924007274
2017-07-03,2.3517246755520936e+43,-18.36349736364152,0.023068589943037347,0.05593003559692171
2017-07-05,5.07166655115665e+46,-19.79781705128854,0.02197886217275863,0.05575719473782687
2017-07-06,9.406297723575814e+51,-22.063238841017785,0.027182235045735748,0.04268163910662568
2017-07-07,5.552743233284081e+50,-21.524215260398012,0.02474196339183926,0.038198954906521386
2017-07-10,2.137691391802831e+48,-20.479881596672016,0.024895063909443318,0.038297659125074233
2017-07-11,8.229325117497889e+45,-19.441976847005016,0.025172267732336953,0.03986445099002883
2017-07-12,2.2522019288939267e+41,-17.480033813136554,0.02179379126674117,0.03185939371260784
2017-07-13,8.333913409671715e+37,-15.995839763166764,0.02232567879050127,0.061388709203025756
2017-07-14,8.354562395847862e+41,-17.717798394366607,0.020079615292211476,0.059095086778840296
2017-07-17,5.196343237524866e+27,-11.595500527293527,0.023138875113012363,0.06924124598207382
2017-07-18,7.306670547065414e+41,-17.69900513735777,0.019276953895200986,0.06923937697557896
2017-07-19,1.1470276386579947e+35,-14.77483445906025,0.01814609661860847,0.06675018054784064
2017-07-20,7.087131042553662e+19,-8.22276771245024,0.021531776260661824,0.08689304901430095
2017-07-21,2.2687456183896803e+33,-14.03847536550689,0.01886869367392353,0.0869333933699099
2017-07-24,6.040506252881873e+39,-16.802901217957103,0.017962628034669813,0.08710462803379528
2017-07-25,5.1335643716477e+49,-21.082432149496487,0.015068838516388195,0.0952443193685854
2017-07-26,1.9269837720726275e+44,-18.74418471649142,0.016173649365896076,0.09589114552526817
2017-07-27,5.6763544061835654e+72,-31.002068297893537,0.012169766455256968,0.0960876467714197
2017-07-28,1.2235973738237435e+75,-32.0030685883735,0.012591962220017062,0.09664070060415082
2017-07-31,1.9498091644329878e+77,-32.94647504721604,0.012885130737066255,0.09665739227090663
2017-08-01,3.6147494556145476e+77,-33.06382283912244,0.011790322782921112,0.09633609112140527
2017-08-02,3.128855879279028e+83,-35.60617457807756,0.011712341847437717,0.09807298075338006
2017-08-03,1.5998024204792547e+90,-38.48971479339115,0.01206136353094168,0.1003230096648214
2017-08-04,5.224540340216355e+87,-37.415521761017054,0.011773661420777803,0.10024110633465315
2017-08-07,5.068634419123145e+85,-36.54598807474724,0.011392693943178064,0.1032376874487343
2017-08-08,6.117244923284488e+84,-36.146267255455385,0.012916920202472057,0.10375806775951374
2017-08-09,3.355697985963511e+76,-32.59229327100883,0.013920501035403817,0.10375812837465803
2017-08-10,2.837121728766876e+93,-39.87554529790014,0.02132226768392376,0.08954052070612513
2017-08-11,9.639539909971042e+73,-31.503131118095915,0.021044999824233756,0.09636839856461439
2017-08-14,5.884079939408978e+75,-32.269860565871,0.01518614514556128,0.09108438690282608
2017-08-15,8.05016635817589e+69,-29.744788309806893,0.016139330567040505,0.09103685901559588
2017-08-16,2.1559276538689834e+74,-31.655454602505767,0.014297493149590971,0.0910290592686092
2017-08-17,1.4698543937284169e+74,-31.581256726439957,0.024228962201030692,0.06749502979351935
2017-08-18,8.197547676371833e+61,-26.30758993711512,0.026041854718188977,0.06654693572000585
2017-08-21,1.0399466835895715e+56,-23.77668130492862,0.02486982748966957,0.06651274610835903
2017-08-22,1.2596311681567187e+69,-29.39202765065117,0.019159909421802505,0.0580654223038073
2017-08-23,2.406951080812067e+80,-34.229212002328985,0.022244770655855794,0.05715738371715609
2017-08-24,5.794418414310213e+96,-41.25485387745098,0.02580971677102468,0.05575526600965
2017-08-25,2.0043428850332257e+88,-37.62227013008669,0.023265160241251054,0.05688901809372889
2017-08-28,3.117524471264723e+86,-36.845874336143396,0.023215142020548227,0.056780937209444854
2017-08-29,3.1535181378993543e+90,-38.57432688710271,0.02119392111652435,0.05759871991975567
2017-08-30,3.721383329395858e+88,-37.74858890515748,0.017450706518377008,0.056157284615455404
2017-08-31,1.5531694930003652e+88,-37.58122152654252,0.014190037815514589,0.05394183709033048
2017-09-01,1.9401112577490109e+89,-38.04247994784246,0.01406585429727423,0.05521802850371279
2017-09-05,1.0958509147910336e+88,-37.50429281023445,0.018921521546805736,0.04559794874256222
2017-09-06,1.2566478303132714e+87,-37.08641589265896,0.017956548448997616,0.04511598075021999
2017-09-07,1.0315081293636804e+80,-34.043262188600224,0.01858467263682097,0.047267704018066306
2017-09-08,4.8718294399066655e+91,-39.06136895491145,0.01812360826131421,0.04723798057297267
2017-09-11,3.90762090536265e+91,-39.01983609482285,0.011883085578955916,0.03551569649625691
2017-09-12,1.8663688092107934e+96,-41.01423285290802,0.010769032595155803,0.035013555708350554
2017-09-13,5.6671611543188444e+76,-32.635270624145285,0.012573409021790369,0.03494925365045779
2017-09-14,1.55292772061671e+80,-34.11693085043541,0.011949599972959317,0.03586347484014679
2017-09-15,8.646536946738452e+96,-41.300106883295555,0.010044523902450937,0.03585702687172124
2017-09-18,2.591637093240134e+98,-41.926545446015524,0.009416512572601066,0.035679165922775515
2017-09-19,1.2544387367102071e+92,-39.210624665865964,0.009908555082471831,0.035705865692981634
2017-09-20,5.064858874561819e+93,-39.89441641923166,0.009896904765252075,0.03560592882772062
2017-09-21,2.9250455873070797e+93,-39.79779826175561,0.010733171399283557,0.03285923488766926
2017-09-22,7.903143686393246e+74,-31.831027066926897,0.012463468691441817,0.03532865830673782
2017-09-25,1.1773062235219564e+78,-33.2010199926074,0.012424556340359872,0.03828838697070173
2017-09-26,1.6688735945645368e+74,-31.546084242910663,0.012801151195822192,0.038179685658846954
2017-09-27,3.0972981690609778e+78,-33.37638183880735,0.010896439471475257,0.04335073635243084
2017-09-28,1.1978915645713719e+70,-29.763901182954672,0.011568209607048697,0.04335658404360572
2017-09-29,7.428035288428823e+58,-24.961750238793968,0.011415801001780232,0.049534631223035364
2017-10-02,1.8377009448732156e+39,-16.554907253743966,0.01289056926384905,0.0511763695304154
2017-10-03,3.3645025326855807e+30,-12.803082812983927,0.014305762651098123,0.0510267591714213
2017-10-04,1.1704727113153887e+29,-12.172681658935025,0.014743602513309672,0.05104113479559876
2017-10-05,3.4843437758505172e+16,-6.8089570753799515,0.016005190753272086,0.047415838164116694
2017-10-06,21.39777476373264,-0.2865088119121181,0.02041185630684239,0.04792957846965731
2017-10-09,0.00430875616623385,1.2925539578117047,0.0209413592280465,0.04710047303135986
2017-10-10,72.52182155719039,-0.5094508718718861,0.020697199764094745,0.04700920259977663
2017-10-11,0.45011249444144114,0.4410714737096609,0.021899801712614287,0.04704020645875583
2017-10-12,4.3023682212301514e-05,2.1585392424258534,0.02260884869979091,0.048996634301457016
2017-10-13,0.0005349588889739298,1.6935257847752123,0.0227655133073302,0.04907795297637375
2017-10-16,0.013606117757027813,1.0927398744102268,0.022470659018692746,0.04902026667242873
2017-10-17,6.815133221307072,-0.0576024076631669,0.02230675298602913,0.05009586239477127
2017-10-18,3454.802937792296,-1.2191587573627785,0.0210448074786296,0.053637604620549784
2017-10-19,586381391.3383968,-3.4470714516590553,0.02072632635339718,0.06124746902789817
2017-10-20,2.0510275568007412e+16,-6.678562029137055,0.017717016034171824,0.0599115734146603
2017-10-23,26964697772.934246,-4.156564289247027,0.0203640133353731,0.058173014570790015
2017-10-24,6727625.1947629675,-2.608391791795776,0.02200831994435094,0.06195535595485545
2017-10-25,302053.4727222596,-2.0321460302586845,0.022719994949159026,0.0586463129122397
2017-10-26,236.1938527798616,-0.6956609656366264,0.024465744035875495,0.05885400199414574
2017-10-27,486.1659294726306,-0.8308206203194111,0.023877121645397032,0.052428226881015456
2017-10-30,0.003883963756000983,1.3538038781076458,0.026385941865465647,0.06008392492478461
2017-10-31,3.267629901825801e-06,2.670625334466042,0.027825331655076915,0.060393811923839705
2017-11-01,2.3984896172818302e-06,2.726384041566501,0.027689188955763885,0.066226657105121
2017-11-02,4.280442013169574,0.06507918230333298,0.026999695622022892,0.06731526446623054
2017-11-03,79.66391682493936,-0.48873703524769735,0.02487097271538968,0.06744163821826028
2017-11-06,1.4926867539782958,0.2521448481762375,0.025850672936931093,0.06942619763105663
2017-11-07,1.4562786120389906e-05,2.3870086677235367,0.026901922708175537,0.0692386970138273
2017-11-08,1176.7161335261435,-0.9851838247612702,0.024768920552844895,0.0696569801701717
2017-11-09,669.2973907271939,-0.8802801041445842,0.025058681065192833,0.06918358509414838
2017-11-10,0.00013904313284993804,1.968736064985842,0.0265260048944367,0.0690972602227959
2017-11-13,2.486997290648,0.14808100963388524,0.024536390823630193,0.06905850531551724
2017-11-14,37592.68851630644,-1.6349968462405298,0.023637317166482145,0.06782196469868217
2017-11-15,0.00010494934171026623,2.0110008597937465,0.025013970908469938,0.0666756805773066
2017-11-16,3.590312992429269e-10,4.343842447798264,0.026910543861807412,0.06644972025233169
2017-11-17,4.539976706687295e-15,6.436742071694097,0.02842493353674664,0.06589266945790127
2017-11-20,5.489187001750066e-19,8.107170482585492,0.029727641253381253,0.06932758111474328
2017-11-21,0.0018780440601621673,1.4936220242183689,0.02737312712207719,0.06764685037878852
2017-11-22,5.179904906844049e-05,2.1638136458426,0.028664243772005625,0.06702197102434092
2017-11-24,6.520413922449819e-08,3.394438866165923,0.02885236189805538,0.06735196131437071
2017-11-27,3.866993721868526e-15,6.470840182737372,0.030620705352347028,0.06768621268345798
2017-11-28,2.0492845113853494e-10,4.453672570278368,0.029477609919854195,0.059777371028452625
2017-11-29,1.0548457588065339e-22,9.689264871594169,0.03513401732694161,0.05951804354951731
2017-11-30,2.353293295192982e-22,9.533495889891055,0.03619271275825913,0.055019510651828134
2017-12-01,7.690036412386676e-17,7.196963575313234,0.034669836054036805,0.058660023146325936
2017-12-04,1.2648820493354225e-15,6.679531022001755,0.03384614335970224,0.06082247366764429
2017-12-05,2.131701394112107e-24,10.405593603520156,0.03552767497299377,0.05850886796291042
2017-12-06,1.2063534721331687e-30,13.062447038004215,0.03814563356370118,0.060557892625414333
2017-12-07,8.459681549475627e-17,7.166364159281872,0.03199392189821762,0.06045112802450785
2017-12-08,1.1008575382429877e-12,5.422195280119616,0.03210347946659553,0.05915250339375696
2017-12-11,1.9545111892546717e-16,7.020998770866286,0.03525202395384133,0.060236484164104896
2017-12-12,2.0902694830252045e-19,8.284199693634406,0.03739854013658546,0.06340097471345953
2017-12-13,1.1741961340031688e-16,7.115539987499852,0.03581952818215339,0.0648394470174403
2017-12-14,3764.277230161148,-1.1806168628795668,0.025993647892827668,0.06400032570009381
2017-12-15,0.013364488056347115,1.1371585118552487,0.02825245141770955,0.06559355583817293
2017-12-18,19.83646624363955,-0.1987720952858542,0.028362869350677524,0.06539866127903127
2017-12-19,1.8492195611939104e-05,2.366775559756278,0.03221771737484692,0.062149169909943666
2017-12-20,0.0011591035052708391,1.6089948769845708,0.03221995145554371,0.06423584378760835
2017-12-21,0.8787365458349139,0.3798671428052056,0.02970929756113815,0.06422597372632115
2017-12-22,42.72463052600997,-0.3343615241641536,0.029221344320416336,0.0643092765014292
2017-12-26,58488195.53915802,-2.9464945183114204,0.025610099126670376,0.06320575410810492
2017-12-27,1384540.2592978894,-2.2598474767729875,0.025719615064942865,0.06937276722764149
2017-12-28,30247626985.31997,-4.104745428669311,0.023428316264105402,0.0780799819676133
2017-12-29,118033815745.08194,-4.352866545900756,0.02405322886160155,0.08840914490141377
2018-01-02,14521.31279821875,-1.4229244403278585,0.02571081016981734,0.08714241424643782
2018-01-03,6.245795329660915,0.010570239792380106,0.0277988199833334,0.08670451944751276
2018-01-04,0.0002211681451815148,1.901765542918218,0.030873159463775113,0.1210467528313141
2018-01-05,1.0327100516295416e-08,3.7385418833456296,0.03431847991553101,0.1938503907613765
2018-01-08,2.8320766598590937e-13,5.675500251606763,0.0389069400008733,0.2078551412025876
2018-01-09,1.166559393985878e-11,4.990952738765782,0.037846508827209795,0.20810802215800922
2018-01-10,1.4326475849048582e-10,4.530582758493657,0.03696335179904665,0.24604121711524976
2018-01-11,3.796882543529093e-08,3.504038997986629,0.03574529615501047,0.2517413241567112
2018-01-12,2.658466094763396e-10,4.422920847879341,0.039831287209770166,0.257238995550372
2018-01-16,1.168452857257181e-12,5.425490746234524,0.042780413414224824,0.25775585794042893
2018-01-17,1.6676464896730323e-09,4.097450198476633,0.042507993076331414,0.2604380190845036
2018-01-18,6.685248414785327e-16,6.804439634994925,0.050115483992417754,0.2654826818553002
2018-01-19,8.52059684741167e-15,6.332791576626237,0.04879960382837415,0.26471171493395057
2018-01-22,4.712975758856155e-16,6.865719804179332,0.05331219841515038,0.26284121351413664
2018-01-23,8.260882475455587e-21,8.875711861773233,0.0621583040891067,0.26256052304379573
2018-01-24,2.4779703942614852e-18,7.8280854615297155,0.05734166541911694,0.2627989299912832
2018-01-25,2.555493357029098e-14,6.121264005676579,0.04810356080831013,0.2704870690883082
2018-01-26,8.390635435827513e-10,4.2060400767943475,0.0420818651057032,0.27050891762842705
2018-01-29,1.4751560632046143e-13,5.796155209557909,0.047253970219115045,0.2727963782059262
2018-01-30,2.7495601450835e-15,6.529244913148327,0.047723249277541006,0.2727437967310151
2018-01-31,8.6367776716875925e-16,6.7497239747193,0.050697085861542014,0.2763067988431053
2018-02-01,4.2347759290791166e-13,5.607610527594941,0.045521412728590394,0.27763858226941984
2018-02-02,4.561466455098779e-11,4.748619787336613,0.03963605677787719,0.2714456543970131
2018-02-05,3.1298226663252466e-13,5.670080637897956,0.03508966957365334,0.22117092125122884
2018-02-06,1.4185378438392876e-15,6.6665339429423485,0.04047408621397421,0.21091851341295642
2018-02-07,4.307043081198116e-15,6.468150175471351,0.040320865515265085,0.21011880238591715
2018-02-08,7.097741031869695e-12,5.121072720765183,0.03618746967568882,0.15787482849329032
2018-02-09,9.31483051750909e-10,4.2398737510249145,0.0418671998118536,0.15336976372423566
2018-02-12,1.4313653082189389e-06,2.9034522779250516,0.046113104673805236,0.15075980892832294
2018-02-13,7.475881508147229e-06,2.604307488842979,0.04731322145403343,0.15291848014313364
2018-02-14,1.603100272425812e-08,3.7241550602167277,0.047376153264961564,0.14675657882086934
2018-02-15,6.922071315826114e-08,3.4610980307380848,0.050067559134519074,0.14013279426258368
2018-02-16,7.973920491334163e-07,3.0200747795115372,0.051436582694770354,0.1487337553584492
2018-02-20,1.9917628241156187e-07,3.263657192844532,0.04815140865186464,0.1471539588449496
2018-02-21,2.2185662130827443e-05,2.407897351066256,0.04911890638220373,0.1461427363506259
2018-02-22,6.212596728902213e-05,2.221877438082036,0.04979111098932876,0.17191928590293826
2018-02-23,0.8532827493581573,0.4836980007232575,0.050178613225386304,0.1744123948723594
2018-02-26,0.001414932093877583,1.6548365974289345,0.05185397217498765,0.1983838594732403
2018-02-27,0.3292681592175114,0.6683205294711652,0.053353003003179245,0.2022130267423596
2018-02-28,3.478288891722309e-05,2.341653409554985,0.05402412910854124,0.2001342928063918
2018-03-01,4.166431865179023e-05,2.313427956709715,0.05438698137871007,0.2007952335062774
2018-03-02,0.00389594256606877,1.4923443240979632,0.057498629326201055,0.21291125919314757
2018-03-05,0.008161190172604376,1.3584131680250882,0.05815337784440418,0.214000074539417
2018-03-06,743711.0821985083,-1.975091531760882,0.06153060499031116,0.21814579518045166
2018-03-07,5540979.289911989,-2.3420283510875604,0.06141850343295938,0.22067207901918154
2018-03-08,4619715.887813788,-2.3167973760536875,0.05786733701022665,0.23196991744061926
2018-03-09,20767869.372286886,-2.58933305468135,0.05482854451239797,0.22195795095348914
2018-03-12,239067043.77187973,-3.0277721211881756,0.05681684364231144,0.23185867459393703
2018-03-13,3.0482366072780205e+17,-6.845327543800264,0.05759044702984878,0.2316028825543497
2018-03-14,8.950404272200326e+16,-6.619169174590634,0.060942364224382185,0.23417730807456485
2018-03-15,2735806903793802.5,-5.983354202096439,0.06158668942892757,0.23422290073545557
2018-03-16,4463297477827600.0,-6.07737388483973,0.05951033963623172,0.2366570718013065
2018-03-19,3.1033938476661856e+16,-6.434406302541511,0.06448535339247746,0.23552773916572653
2018-03-20,8.223819735343215e+19,-7.861115252049825,0.06804565059535253,0.23545754695897705
2018-03-21,1.3850510953588038e+21,-8.376190204270829,0.06943118167370502,0.23618406137489273
2018-03-22,2.031112310600666e+26,-10.538683208351195,0.09806277908211997,0.21951122815608062
2018-03-23,2.83958290031909e+30,-12.269237865706561,0.14599422449386204,0.2034961018798601
2018-03-26,4.736937119907615e+38,-15.710106601338342,0.11943060856579418,0.186662415489275
2018-03-27,2.3191818052784397e+44,-18.092877596764414,0.1831091027872465,0.17599316293193623
2018-03-28,8.251912279316715e+46,-19.159869499996187,0.20859723795929125,0.17860716320296105
2018-03-29,3.678326025659025e+42,-17.336750164913344,0.14847800319805843,0.17339744721552008
2018-04-02,8.105631948075264e+42,-17.48037473260168,0.22389500255308448,0.15546438253276443
2018-04-03,1.0362066016092743e+45,-18.361463837789902,0.1874408422545098,0.14957341891562514
2018-04-04,2.6206889618763287e+44,-18.111611008287998,0.15058952382285387,0.14711050099952283
2018-04-05,1.1638045383674602e+44,-17.96060349199629,0.13121644561608384,0.1442253302293788
2018-04-06,3.194139648588004e+43,-17.722832007776006,0.20108661530030597,0.1263492360824997
2018-04-09,1.6190381731851802e+44,-18.012426015603157,0.19231723376642368,0.12586590144094115
2018-04-10,9.751403903176506e+41,-17.083500818165895,0.1364364524174347,0.11333910177949158
2018-04-11,9.102082250203008e+42,-17.491427569946076,0.15153478115285934,0.11588170834071147
2018-04-12,1.7396721978670835e+42,-17.190442157581476,0.12873561919914278,0.1168525356599347
2018-04-13,8.498266973342753e+42,-17.483057727133506,0.13437759112107506,0.1160162828991783
2018-04-16,7.915488819221917e+40,-16.629978888475335,0.11386771079665362,0.11325598319057961
2018-04-17,1.846210204402915e+41,-16.785423543093035,0.09399018437701706,0.1106391059324102
2018-04-18,1.6760652567925596e+43,-17.61058305776456,0.0918139655042549,0.11155256179381982
2018-04-19,6.729562200242958e+42,-17.44950269231053,0.09868948456215083,0.10947891537900942
2018-04-20,3.001949813268382e+37,-15.192499299579096,0.1163944968801902,0.10483761393829913
2018-04-23,4.159484422515372e+31,-12.720405005135387,0.11822396854083331,0.10732330357806412
2018-04-24,1.83079575901339e+33,-13.428038056271353,0.13264203601291014,0.09351914556944661
2018-04-25,1.350563441920458e+38,-15.4781049123856,0.13242653204707436,0.09355093504522669
2018-04-26,3.48172528948079e+42,-17.34378938874753,0.1086552980162378,0.08909194576314054
2018-04-27,9.539727535316392e+35,-14.574323015117727,0.10858150564349846,0.08999971873751009
2018-04-30,1.9742681334589845e+30,-12.183231384633181,0.11687571868128473,0.09581441845965355
2018-05-01,5.820595436565431e+39,-16.177876551284143,0.11528077214192822,0.10547264535120861
2018-05-02,4.776825877093297e+44,-18.26009797624202,0.12544573744198892,0.10488102022759747
2018-05-03,8.627974891492788e+42,-17.52850514779154,0.1271614443320099,0.10791633234580536
2018-05-04,5.905300766457602e+40,-16.620285479740048,0.09767053925787195,0.10073181716583499
2018-05-07,1.7506296962254746e+41,-16.82326978552965,0.090001852339144,0.10056525449031502
2018-05-08,3.5762041064442993e+39,-16.113975267525223,0.08859504827583474,0.10321588295807674
2018-05-09,5.631618691007896e+37,-15.35622645440666,0.07484929677643051,0.09930032719996519
2018-05-10,2.5925704234401072e+39,-16.052038475497213,0.06523978466197403,0.09509492804688671
2018-05-11,8.330162381180754e+37,-15.42332940253575,0.06260325576575738,0.09482872574758644
2018-05-14,6.614650029285273e+38,-15.80621151653581,0.0603757260212556,0.09480911037120326
2018-05-15,4.463322103331655e+38,-15.732534887129292,0.06851171788857334,0.09151787118478472
2018-05-16,1.2951090993345688e+38,-15.505706843265992,0.06427667478022768,0.09099590444146777
2018-05-17,1.8098997779412114e+38,-15.567308558453025,0.06498200736554714,0.09113587278989169
2018-05-18,4.0289299990493174e+40,-16.556802069430137,0.06661089956632092,0.09091251804561463
2018-05-21,1.5507466709581297e+42,-17.229818255526578,0.05596916411071268,0.08936221015016703
2018-05-22,1.953001205241595e+44,-18.116248341185255,0.05738751962818962,0.0885159881973325
2018-05-23,1.0598239589263085e+51,-20.95839696687121,0.04984207720813156,0.09168348218294776
2018-05-24,2.5444263454815173e+54,-22.386548280259028,0.04959622866335107,0.09134886603417948
2018-05-25,9.643821425728734e+56,-23.47810567235165,0.05002821748932773,0.10416127363653155
2018-05-29,2.917686254973306e+57,-23.68126923446594,0.06610678132755572,0.09491687820351544
2018-05-30,1.2761563218343585e+55,-22.68653982944326,0.04878722899590663,0.08768699441631433
2018-05-31,1.3585706940398617e+54,-22.27216400756881,0.058152093789803065,0.08743521282134774
2018-06-01,1.2604687779486076e+49,-20.14357009542603,0.050886045440997014,0.08004910720516424
2018-06-04,2.2038273513912493e+48,-19.822556059074827,0.04693402794138765,0.07843420242861406
2018-06-05,9.797156705857288e+50,-20.941699953585893,0.04393302493370944,0.07912826911343122
2018-06-06,4.738335817570609e+52,-21.653610215524907,0.03523160807594158,0.07883162724092233
2018-06-07,3.7252598593383493e+53,-22.030576972510495,0.03489938033585265,0.08504455036449467
2018-06-08,6.820249817355969e+68,-28.47050775758263,0.02400889703959894,0.09043978287079048
2018-06-11,2.5275514069107556e+64,-26.60009672618577,0.025399193189899,0.09117740225050747
2018-06-12,1.758391658000537e+63,-26.11059819548434,0.025265550675913715,0.0949835325685842
2018-06-13,2.1050534178494268e+68,-28.255149538240165,0.02465957920027516,0.09957485686530318
2018-06-14,3.234828544215174e+64,-26.644597536520216,0.025016972096668328,0.09929154321101885
2018-06-15,4.0862139259823744e+62,-25.842132764432126,0.027143552969439107,0.09921638202601334
2018-06-18,5.2350118111771846e+64,-26.736256245776442,0.02680878648978467,0.09957405970479483
2018-06-19,1.1732844870706268e+62,-25.623622138485363,0.03036700775135637,0.09820340246388977
2018-06-20,5.119938526683595e+56,-23.36790957848296,0.031023743244317895,0.09959993473678823
2018-06-21,4.138282406543398e+55,-22.91218610275003,0.035754537952059844,0.09641801728213414
2018-06-22,8.383103296589613e+55,-23.034140495966625,0.03547088511311668,0.09642223120484388
2018-06-25,2.2146407585866752e+55,-22.79268905059396,0.04895366298806164,0.08011491537654811
2018-06-26,7.289979000286894e+48,-20.06430988687867,0.04828715416172478,0.08344471068506785
2018-06-27,1.0193054665828469e+48,-19.706877714841315,0.05697541062668432,0.07577989579035542
2018-06-28,5.74445988264971e+45,-18.759192240712416,0.051503663490349946,0.08161243507739496
2018-06-29,1.0040925458269133e+45,-18.440145657361278,0.05033630495217606,0.08546951152952746
2018-07-02,1.59747307101152e+42,-17.271007466307424,0.04689052967052894,0.08627868870512279
2018-07-03,4.251393495118968e+44,-18.290115836852785,0.049854135778020704,0.08501794505769313
2018-07-05,1.4512600953395772e+40,-16.41502931690374,0.04306746527006335,0.08287412995036024
2018-07-06,3.800301826097301e+39,-16.167693916905932,0.037950368712271816,0.07963717689871073
2018-07-09,1.3401526290752817e+36,-14.714870419426797,0.0342820600463065,0.07510824242596166
2018-07-10,1.4999201643682255e+34,-13.889753699875246,0.034240829025027605,0.07499075122397002
2018-07-11,3.0207512601575307e+30,-12.337558524432,0.03949997486482685,0.06827946660086032
2018-07-12,1.8287656635001194e+23,-9.305529057368558,0.03857747570955099,0.06290184589981572
2018-07-13,2.753920977992488e+21,-8.531529278431904,0.04112938772915915,0.06864110127885333
2018-07-16,4.8693997323810535e+25,-10.319976199405843,0.03829653526323684,0.07021555438752528
2018-07-17,9.370928326837722e+27,-11.284488952975703,0.03439678866076965,0.07222693909946624
2018-07-18,8.261685771320518e+35,-14.607179618079295,0.03205916996404803,0.07743976129546945
2018-07-19,6.87595718488552e+32,-13.31781010330919,0.034704983089730315,0.08084441924866306
2018-07-20,4.30367897176062e+34,-14.067072187215008,0.03544813890719531,0.08111085825915064
2018-07-23,1.349621353517828e+34,-13.859604389722259,0.033950384465359376,0.0811583203135774
2018-07-24,9.453255819479962e+40,-16.72609356143865,0.029531395501563352,0.07993239167091681
2018-07-25,3.0092011918861783e+36,-14.838504124614218,0.02760695298011682,0.07472987962006859
2018-07-26,5.12129756776217e+36,-14.927064664316061,0.02989505761616162,0.07431622914840168
2018-07-27,5.170380460586503e+34,-14.09005545790028,0.03416554274878226,0.07164106420563622
2018-07-30,4.790017818640669e+35,-14.4879868862814,0.038154840953128086,0.07143565869580955
2018-07-31,2.467002128810986e+27,-11.01476493077657,0.03865687778820098,0.07053647663141106
2018-08-01,6.961349362417511e+27,-11.200215453373032,0.03999433653819001,0.07075759366156817
2018-08-02,2.140287675035082e+29,-11.824600067969888,0.03656211926410605,0.07239328388201435
2018-08-03,3.5772597308939206e+22,-8.986037493678158,0.03780493707609024,0.07170629277116077
2018-08-06,3.104547109430147e+16,-6.44872008377892,0.03945790244772694,0.07177247006335938
2018-08-07,1793609981781387.0,-5.928668402489396,0.039572126254376776,0.07226790900249166
2018-08-08,6.691076904198309e+18,-7.41687801377582,0.03918107327304122,0.07333279506337013
2018-08-09,2.0552016581571888e+26,-10.558004133808842,0.0344100603833544,0.07355340834142333
2018-08-10,1.9795524236455293e+28,-11.389599327317288,0.03614786354260653,0.06858657091102502
2018-08-13,5.171367687326356e+27,-11.137377888320557,0.03983762989558499,0.0668344203906629
2018-08-14,6.5737893358379e+27,-11.178062122566851,0.037434923944194023,0.06406032408823398
2018-08-15,3.148412707578672e+23,-9.370025139564309,0.042574535340860885,0.05811457991848183
2018-08-16,4.5985113287490326e+20,-8.179726370996962,0.04131133967120788,0.05296909085027147
2018-08-17,2.5908051708743897e+19,-7.652947259940512,0.041574110585642844,0.05693585880773073
2018-08-20,2.1196325082997142e+20,-8.031824775875004,0.04099714534446716,0.059141395064494916
2018-08-21,5.2829704398469606e+22,-9.032771747765942,0.03915407839384549,0.05890402486425467
2018-08-22,3.406004863939633e+19,-7.702326909146713,0.0402047691922933,0.06391372697295265
2018-08-23,2.5654160519539098e+19,-7.658672566706891,0.039009513772261396,0.06370584508229953
2018-08-24,9.332094188325195e+19,-7.8963025560217135,0.036097427856833515,0.06317775484037534
2018-08-27,2695402146137.808,-4.746455027563273,0.03800667181629732,0.05766743489859387
2018-08-28,3126167.168675183,-2.2645882228123506,0.04223208264517831,0.05890460130432301
2018-08-29,8.334731354724516e+18,-7.454741386000956,0.03317622648400338,0.05658328856095432
2018-08-30,3260872823209.285,-4.779069439325658,0.03797156954920016,0.054425592860914786
2018-08-31,1937134231034103.2,-5.925026836975338,0.038919833090627354,0.05555795121675807
2018-09-04,3.0676203515039582e+32,-13.117256285658279,0.028783273983989013,0.05510609686795696
2018-09-05,6.796922032950002e+33,-13.67599035469296,0.02985896917702239,0.053778063366102295
2018-09-06,5.022703243507407e+33,-13.616926325186263,0.03199877263113882,0.06050566255471308
2018-09-07,3.3070380541797025e+32,-13.122314576984264,0.03361497734793405,0.06374300029179095
2018-09-10,1.5818807488437863e+33,-13.40495351877857,0.03274017058938464,0.0635085258698515
2018-09-11,8.064237616638938e+34,-14.1146773717351,0.031045148537746998,0.06265155026324495
2018-09-12,4.7863352959661125e+34,-14.01692530515804,0.03157630616314182,0.13002430916332924
2018-09-13,7.02315104637179e+39,-16.178098337477138,0.025997234475598194,0.14574634067709677
2018-09-14,7.75408101773139e+38,-15.772674276903679,0.027196252815384608,0.1573473105263737
2018-09-17,2.885716206117799e+44,-18.10359318327911,0.02674184375915165,0.15743077779839124
2018-09-18,3.738954752652617e+43,-17.726912385119913,0.025313106709274148,0.177397934680077
2018-09-19,2.7444995770733867e+38,-15.586865258776136,0.026496610327644596,0.17724823654189004
2018-09-20,2.1716457462142088e+43,-17.626606860401292,0.021647978602545814,0.17895647495252345
2018-09-21,2.965554178486385e+37,-15.179432454591971,0.02451673155123962,0.1790129098399085
2018-09-24,4.509623230110526e+39,-16.08958932489423,0.024982700384083824,0.17910946554119617
2018-09-25,9.502034646034805e+43,-17.883212506108336,0.025054860554025397,0.17913505865392243
2018-09-26,3.3787744408317234e+51,-21.024888715183202,0.02485114383400514,0.2043913961060153
2018-09-27,1.9049103035411447e+53,-21.749385419648963,0.023501528597761355,0.2178932284833325
2018-09-28,4.032887429917886e+51,-21.050949784140254,0.024078017813444395,0.2229381463715716
2018-10-01,1.6721230654651014e+59,-24.22909630947487,0.019509028349848738,0.22091514513834043
2018-10-02,3.0355090993504637e+53,-21.83947430080934,0.021201621469510504,0.23140986627763188
2018-10-03,4.065308674192589e+57,-23.557645774858905,0.019865861306884718,0.2368831793302674
2018-10-04,2.773969162014603e+58,-23.908698942706597,0.023395973356362024,0.24164544592441578
2018-10-05,1.0450058942697033e+48,-19.571022671123764,0.028626169432388177,0.24169832301797942
2018-10-08,5.3662711008361074e+51,-21.10499458586006,0.029612463133154927,0.2433412478372125
2018-10-09,2.736454705187326e+58,-23.888511618173748,0.03078691171128712,0.24536587853085998
2018-10-10,1.667722920971501e+59,-24.21525810229865,0.06896305829935129,0.23157586803992458
2018-10-11,1.1663604813678238e+59,-24.14001371666206,0.12784756428160077,0.21575731231703954
2018-10-12,1.8746858387996593e+67,-27.545351988711637,0.10468899932330808,0.2141968574471601
2018-10-15,1.486596118446319e+76,-31.238459795106156,0.14711905028700767,0.22400208149351844
2018-10-16,1.2408821118813384e+79,-32.45021241753809,0.07596282361331484,0.2084306683296977
2018-10-17,2.147786154486024e+84,-34.62467461375457,0.07975668903124614,0.20917061089882263
2018-10-18,5.2414687141843504e+73,-30.22549091632811,0.10864759336459488,0.20783283929420576
2018-10-19,2.7211304493956886e+77,-31.764970835566338,0.11939745839046327,0.20814589719793786
2018-10-22,4.280412963224849e+64,-26.452647112580202,0.10760703705922647,0.2160062705722163
2018-10-23,5.576636325856855e+62,-25.670651588542388,0.11870492401347425,0.2245611508034259
2018-10-24,2.191074737944155e+61,-25.087255808317657,0.25709422753540373,0.19710857404003118
2018-10-25,2.2693772190919197e+70,-28.828310491642437,0.2059735882660556,0.1865996871569081
2018-10-26,4.159512814246674e+68,-28.107229250426037,0.3301084152946862,0.18557042765800388
2018-10-29,1.3407606455628797e+70,-28.73373809551614,0.408672993614976,0.18446593451109183
2018-10-30,9.127220587845755e+62,-25.75700747023635,0.2152703604670971,0.19443593630948816
2018-10-31,3.2079084912688766e+61,-25.15328362195832,0.15625562663645995,0.19154557845394246
2018-11-01,4.270122434672279e+60,-24.78364184166496,0.12028783172897294,0.18908567596277512
2018-11-02,5.121324513331509e+60,-24.814023812073174,0.14231042641712335,0.19272068424452687
2018-11-05,1.907125495343439e+60,-24.638806235564385,0.12044705719028512,0.22698269939981802
2018-11-06,1.9388078891198214e+59,-24.227172730020424,0.10032381377489637,0.2255291450501645
2018-11-07,6.296908861433968e+58,-24.02597433486255,0.05801982853293244,0.22309114822575363
2018-11-08,3.054842772125237e+60,-24.726711565095197,0.06147777616101644,0.2237853003834023
2018-11-09,8.512091865410383e+59,-24.500170619328053,0.07686897032358864,0.22257513378782215
2018-11-12,2.1314110956125652e+60,-24.663609043562243,0.12687047260497386,0.21533945568766122
2018-11-13,2.8996397103495767e+61,-25.130623023350957,0.13936162696260393,0.21535620326033525
2018-11-14,6.344802420714457e+58,-24.027059793922263,0.15510906608063918,0.22333866318908913
2018-11-15,6.574830374596515e+57,-23.613009301113255,0.12059876155029309,0.22712001060087067
2018-11-16,4.2213159351366615e+57,-23.530475428851723,0.11434062342314555,0.2262152641119869
2018-11-19,2.48927328386901e+56,-23.02404888655478,0.1644064179968035,0.2247557502527631
2018-11-20,2.475027442345633e+58,-23.857356407550224,0.2702137764880354,0.22285088308042972
2018-11-21,9.177519494999424e+57,-23.6718035162814,0.2538264814400977,0.22953823765645867
2018-11-23,9.715958181766693e+54,-22.43969434267406,0.2641847538242994,0.24274992765412887
2018-11-26,2.9152206944501122e+54,-22.2267449734083,0.17472438722052136,0.30313513152097704
2018-11-27,6.050672191718991e+49,-20.260904636606263,0.1593373613445273,0.30486767903725115
2018-11-28,4.354751075481496e+47,-19.369877760686855,0.09502561231800237,0.28876037826746576
2018-11-29,1.4928307836105553e+49,-20.008389122807046,0.10174718280927716,0.29266397352546386
2018-11-30,7.314185950726026e+48,-19.88313451738328,0.08743016884304948,0.2908345452262419
2018-12-03,4.234112773171682e+48,-19.78345631942341,0.06665131032325096,0.29085079540570097
2018-12-04,4.087814281712104e+48,-19.773196671542753,0.13498614706324058,0.30487008449730224
2018-12-06,5.263934481086674e+48,-19.81362752933058,0.1437229196228007,0.3073312051420877
2018-12-07,6.744079479510638e+43,-17.768825330905646,0.21188098616883425,0.29980480473647797
2018-12-10,1.2159907621302606e+46,-18.710669973655985,0.21511104180786395,0.30032163664742784
2018-12-11,1.2082953278039197e+38,-15.365203328620046,0.183440201406617,0.30070973840298043
2018-12-12,1.5931629755872906e+32,-12.92230114822621,0.1405529057516409,0.2999864064730608
2018-12-13,1.213715699900681e+32,-12.876920744363128,0.13787392188086328,0.30053287168114684
2018-12-14,4.8556281254650276e+25,-10.208877519700296,0.14669965310440958,0.29634433576513597
2018-12-17,1.0913455637391874e+29,-11.611385717665533,0.20341267069005384,0.2867141818204054
2018-12-18,2.0367274428413905e+28,-11.301272183931314,0.20713832292508544,0.28736785353149213
2018-12-19,2.103175910665956e+22,-8.80406276404309,0.19058224698202786,0.28281923706505613
2018-12-20,6.803435152579616e+20,-8.175339877533796,0.21529764275576924,0.28039741109714006
2018-12-21,5.613819166498218e+21,-8.558235035833142,0.2743508555660515,0.26573492034334345
2018-12-24,4.888307639318698e+22,-8.950759535937486,0.37817662172994265,0.2394739922137843
2018-12-26,3.2872611788955366e+17,-6.769629789050155,0.20179301289533566,0.17699183156602202
2018-12-27,5.4516459192283234e+20,-8.117664365902847,0.21604069323674618,0.18088586134365658
2018-12-28,1.9548495781528292e+16,-6.247526574650296,0.19185777107666513,0.180897736449546
2018-12-31,437371026.0395319,-3.034293587855293,0.14391027601420428,0.18543760113318875
2019-01-02,2552894783.846835,-3.3579904158517415,0.1450257577551201,0.1861446190669294
2019-01-03,1960028.2685111756,-2.055389533717415,0.13839589950662892,0.1550205753772528
2019-01-04,68458676.4475223,-2.701106004368927,0.13183534737104008,0.11533019701822947
2019-01-07,111137794.95706396,-2.7817691341614728,0.1341591406077799,0.11432282628567757
2019-01-08,128182281008.25902,-4.076535140071275,0.1305048593087891,0.11341226225775261
2019-01-09,4592853823703.476,-4.734967618493714,0.12672609245813585,0.12163940571510758
2019-01-10,5720995330068.582,-4.779449234790733,0.12140826407729718,0.12160835095709883
2019-01-11,2251524537810.312,-4.611398202310849,0.11909502721223426,0.12157672549748016
2019-01-14,1485349537032.9404,-4.548721197444549,0.11436313859121983,0.12292648300121262
2019-01-15,31465822.633255348,-2.5694391638188443,0.11075356274736553,0.11901139984383886
2019-01-16,1617610069.5128694,-3.2922434351691643,0.10941425085411546,0.12030726336821165
2019-01-17,1678587.3162781112,-2.0303849763148705,0.10838601208834933,0.12267504584823474
2019-01-18,773241.6006800319,-1.8873005447945281,0.1050148410333309,0.11617120952992124
2019-01-22,427046.6834845218,-1.7759386852645935,0.11083305465316391,0.10033328068924058
2019-01-23,8090155.02619449,-2.3173578246301703,0.10830377738886426,0.10289235999829843
2019-01-24,14254204.464637568,-2.4278014092134614,0.10416343405485479,0.10334581293700337
2019-01-25,161176714.47064802,-2.883117966581944,0.09465119386080544,0.10133487156359827
2019-01-28,138124797.07913974,-2.8535442154733928,0.09821275298504692,0.09491958083982355
2019-01-29,116373560.18867439,-2.824076691489813,0.09770355835134634,0.09444549176702771
2019-01-30,386543977.31308514,-3.050533376643778,0.08834045218871901,0.08274028544375936
2019-01-31,872030704.7576803,-3.1985921846466328,0.08533752935840334,0.0804818179504969
2019-02-01,633906748.8907266,-3.1391583479176326,0.08579421772291021,0.08275073512066015
2019-02-04,77432222653.62753,-4.026985618554566,0.07732020089312513,0.08094051216775258
2019-02-05,74484236485.7991,-4.019646471484449,0.07582927931428848,0.08418855857798768
2019-02-06,8293708471426.18,-4.888107336783394,0.07162927138943874,0.09006519668883589
2019-02-07,9325951673482.963,-4.911006924928735,0.07515008188553261,0.08262321826096947
2019-02-08,60891549885064.914,-5.255254945689707,0.0735660499476885,0.09572681027699233
2019-02-11,5.1578216970083834e+17,-6.921322092699088,0.06597063482109125,0.09600510383785378
2019-02-12,8.994730284524659e+18,-7.448943253435263,0.05695874183666367,0.08870105676742417
2019-02-13,1.8589491087456596e+18,-7.158085485848501,0.056844960456946494,0.08864624758871828
2019-02-14,1.4265507838949575e+19,-7.5345653313239405,0.055896092803541096,0.0887166577867011
2019-02-15,2.4078401447767474e+19,-7.630618872629178,0.050632057096006405,0.08205344659542473
2019-02-19,3.4087298881249853e+19,-7.69544808727224,0.04937916662880751,0.08207272920642911
2019-02-20,2.634190534026897e+21,-8.498205844777416,0.044611410649697994,0.08320789851048228
2019-02-21,9.368643430140189e+21,-8.730551454978114,0.045551176737825036,0.08931353265776935
2019-02-22,4.1256119136353533e+21,-8.58065632245623,0.04322373906377933,0.11435595446916659
2019-02-25,2.6935638030729753e+20,-8.082260994599315,0.04371458722321797,0.11432716786828759
2019-02-26,2.661293260180618e+21,-8.503008856125579,0.04255102451207157,0.11714304734062465
2019-02-27,8.028644010914973e+23,-9.557414415262189,0.03811366909806726,0.1189044575894037
2019-02-28,1.0194745598222572e+26,-10.448265242468416,0.03607797286644895,0.11923036556285904
2019-03-01,6.428847203457621e+26,-10.788073800342277,0.03238368182011812,0.11926898905578688
2019-03-04,8.090351213974381e+26,-10.831859734115744,0.03340219675810781,0.12447794657965051
2019-03-05,1.6142458057765856e+29,-11.807395114559046,0.030979563707398933,0.12411469582124736
2019-03-06,2.179425109602736e+29,-11.861105621045109,0.033617304083287995,0.12089173596447328
2019-03-07,4.9938059640193215e+28,-11.594145810924719,0.03733919906815265,0.11469031560028749
2019-03-08,2.731740590737458e+27,-11.055810174169759,0.040588126678681245,0.1137845210913737
2019-03-11,1.0365060173658228e+28,-11.291212596564083,0.03530050770033411,0.10520577232124224
2019-03-12,5.403520435045363e+26,-10.746077231268684,0.03569687913445235,0.10798508522388373
2019-03-13,2.59979768234905e+26,-10.602898060214782,0.03508733132858903,0.10661139748793613
2019-03-14,1.7836138246115626e+25,-10.114212782627847,0.03617485934219479,0.10652534224034492
2019-03-15,1.1818227942492893e+26,-10.467548975287196,0.032100334063113835,0.10749967404468949
2019-03-18,5.9183021572839196e+26,-10.753584716425088,0.031629929176055074,0.10747838558140312
2019-03-19,3.3941806604547403e+25,-10.231968531342826,0.032518010135890334,0.10743348572895438
2019-03-20,1.2991861650082185e+27,-10.905923368475213,0.030863317892140578,0.10714712791667252
2019-03-21,3.0666214235504537e+25,-10.222935363511006,0.028166225815086855,0.10070673201713014
2019-03-22,8.754567137278422e+21,-8.73141767430097,0.038073324705019625,0.06613384084393964
2019-03-25,346174948573202.5,-5.621309083278203,0.04426800964664184,0.06977385837646967
2019-03-26,2872826423265489.0,-6.011383700025198,0.040382201173453654,0.06899333951341706
2019-03-27,1.2013886648020073e+18,-7.102692304489263,0.04197704419251868,0.06440971158051392
2019-03-28,5.904445766320652e+16,-6.552469288322482,0.042007529083929386,0.06476838603131636
2019-03-29,1.0824358198768726e+21,-8.332326221880834,0.038392926625527415,0.06297359505282006
2019-04-01,9.026314712713394e+16,-6.624301085573675,0.037601316155318365,0.05130872181795333
2019-04-02,620761402.2888769,-3.2061673391786916,0.04487452202524909,0.060353899859022786
2019-04-03,54003435922.46911,-4.024837776312849,0.04114137347008345,0.06134030381716812
2019-04-04,4830433377.328379,-3.58980238333913,0.04071116826355258,0.06884325902387253
2019-04-05,2811122152.7378364,-3.4916060194544487,0.040005134758719994,0.06987409453764333
2019-04-08,415835163.9261119,-3.142079998591672,0.041196105606260115,0.0936600566791606
2019-04-09,1.3345935577349284e+18,-7.111839426508923,0.03560522647331808,0.09194117385938795
2019-04-10,5566191181752405.0,-6.115241007858899,0.0368118641492365,0.09165285045066607
2019-04-11,2013908589851.129,-4.67906141765989,0.0391537431151573,0.09355987514382058
2019-04-12,1.6973360059216038e+19,-7.5755563848829945,0.03163903641188277,0.12664167727228606
2019-04-15,2200567404787792.2,-5.950660715002993,0.0348978583283318,0.13214718606645934
2019-04-16,1550528074965380.5,-5.894270697834921,0.03350255728051788,0.1343479626222534
2019-04-17,1442091590841047.2,-5.888546689927071,0.03271573168605289,0.13885635060258553
2019-04-18,7.847031413063491e+16,-6.609708168281463,0.03173100121275272,0.14025802890734457
2019-04-22,8.516236339794058e+23,-9.536447646006685,0.028770016476006403,0.14164975654063358
2019-04-23,1.1210302582136839e+24,-9.589968039084475,0.025571578698777797,0.14167253775278393
2019-04-24,3.7112031194259743e+18,-7.303185052722574,0.02969840474071111,0.14179476432964358
2019-04-25,7.314156392347619e+22,-9.087580505730957,0.028260982676995863,0.14717702189631357
2019-04-26,1.152327056077168e+21,-8.343640754051648,0.02692496362573425,0.14604821299197124
2019-04-29,5356743306501076.0,-6.123221957223981,0.029563486936416184,0.14779233239414216
2019-04-30,1.962471305462983e+22,-8.84918618195522,0.026792174950681848,0.1481429092320512
2019-05-01,1.655377575271108e+24,-9.655843793456501,0.027193649202298355,0.1482234343454678
2019-05-02,2.592609291524416e+19,-7.652801881407219,0.030498704873140704,0.15357664041662236
2019-05-03,3.134923454208266e+21,-8.515383476287104,0.027548815470490512,0.14627992574969137
2019-05-06,3009036486328584.0,-6.011417369857063,0.03177325230318338,0.1708186868965335
2019-05-07,1.7827808043038182e+17,-6.742562427427495,0.03639810412011093,0.16559588657153135
2019-05-08,1.4718296407933176e+19,-7.526618513261878,0.038933836428278794,0.16761358328802092
2019-05-09,2845452456435723.5,-5.988878991215536,0.03952660790749855,0.1712891163656377
2019-05-10,2930708158189328.5,-5.993304166541145,0.038354727731135116,0.17113398373845665
2019-05-13,1.8733938459189884e+16,-6.324422040761775,0.04688711506050166,0.14203520433173714
2019-05-14,3244376352.347091,-3.512995107020428,0.044478361211060025,0.13952285177321216
2019-05-15,2306518891354.908,-4.691854559352407,0.04446005507518275,0.13884175899323625
2019-05-16,79925072007510.64,-5.327457866385611,0.04273909034286449,0.13531748581612948
2019-05-17,37689981571249.06,-5.188460061128494,0.045423722654894125,0.1329447073451042
2019-05-20,93377341972.98436,-4.105800939369747,0.04742963914596029,0.13438494382043945
2019-05-21,8831238944775.133,-4.920621260880932,0.04642539076856953,0.13149015034156938
2019-05-22,1.8706255349042026e+17,-6.70798793550977,0.049235047597859745,0.13372042815412544
2019-05-23,1.3287771351160688e+23,-9.129676883054824,0.05760574420536144,0.1237773344151219
2019-05-24,1.7794769782289067e+25,-10.005671206631375,0.058832090625224764,0.12440942382802317
2019-05-28,3.909514259018531e+23,-9.32014141323328,0.0634997894874669,0.12504763269114638
2019-05-29,8.399132414646864e+24,-9.869611653792855,0.07027861518867709,0.1212734980692227
2019-05-30,3.992524371171526e+29,-11.805118376040381,0.0733110849964553,0.12133790842299419
2019-05-31,1.6633465045170676e+27,-10.819854156639652,0.08307582611283791,0.10580370596013497
2019-06-03,1.7718445842372826e+28,-11.244316113996735,0.08792738762887402,0.10521036674245557
2019-06-04,2.2358486906911993e+30,-12.11510338169497,0.06898767335296402,0.08234214492761685
2019-06-05,1.4201629372742063e+32,-12.861697395304608,0.06251191350012254,0.08177465002741817
2019-06-06,1.003931970287266e+35,-14.040808952860816,0.05829208754282309,0.08190291712577911
2019-06-07,5.685103004642105e+34,-13.937637673216802,0.05042046513120768,0.0818394292277792
2019-06-10,5.4090271353912815e+40,-16.40855867742753,0.04817047268539754,0.08119754871515594
2019-06-11,4.283271168672649e+40,-16.3652994887968,0.04872543898323185,0.08159911333064308
2019-06-12,1.3274677808147617e+45,-18.23498404522678,0.04761479322952776,0.0804484792961405
2019-06-13,2.351931065718162e+51,-20.81912097783362,0.04440177214713388,0.08057408703554796
2019-06-14,9.121288277165085e+51,-21.060875345639,0.045967048289138376,0.07997029655192701
2019-06-17,4.208390600684967e+51,-20.926768867391953,0.04434854552846845,0.08205407495059332
2019-06-18,1.4805064453070058e+53,-21.578879143794374,0.032769142816591,0.08145107289877579
2019-06-19,1.4466734025554248e+59,-24.051920425028836,0.031231886373968554,0.08185392438389776
2019-06-20,3.012371142976337e+58,-23.769486254340293,0.024819027445411805,0.07904723025310982
2019-06-21,4.036033892773782e+53,-21.74464347292366,0.02804950422881199,0.07900673295115185
2019-06-24,2.088301103744779e+56,-22.868361558991776,0.028140880955214803,0.08187307701009976
2019-06-25,2.6520157001943265e+57,-23.327011732176512,0.03509320897527324,0.07176877019915617
2019-06-26,4.8875839483480466e+48,-19.705544814334694,0.03843317629801589,0.07492275079203667
2019-06-27,4.519464355299243e+52,-21.345040770984934,0.035400318282037574,0.07679709867586614
2019-06-28,6.097922185597012e+52,-21.395061992626975,0.0322153250842634,0.07672826134566174
2019-07-01,1.3531664787993974e+51,-20.706442396841034,0.0274148230737095,0.07232096744364337
2019-07-02,4.462192802361155e+46,-18.846513885928367,0.02810782515390475,0.08324135804987004
2019-07-03,1.4791668461090354e+45,-18.22823827728214,0.025373873593649933,0.0836186572141205
2019-07-05,2.6112112736260547e+39,-15.84253993634009,0.02896508552864305,0.08712957850452552
2019-07-08,3.3118910297462277e+41,-16.714506893477015,0.030703592802897493,0.13595559918074138
2019-07-09,3.025566930837224e+37,-15.030941329308115,0.033809660498156265,0.14724806028188708
2019-07-10,1.2627344427866307e+39,-15.705269803205823,0.029956390093902274,0.14558795254532772
2019-07-11,7.498808596726563e+35,-14.362247910853128,0.03166537162253348,0.16358188512507954
2019-07-12,1.3283888269844434e+35,-14.045649815687392,0.03090095226624301,0.163528409557052
2019-07-15,2.9487812937162925e+32,-12.943935914855812,0.03286574597470557,0.16767797610520602
2019-07-16,8.011355003666678e+38,-15.609927732704746,0.030376088521051142,0.17880489284809115
2019-07-17,1.0240466397553799e+37,-14.820447245117794,0.03608333730613987,0.20540941816057587
2019-07-18,4.422515581428241e+33,-13.427559969896329,0.035916775375140424,0.2050450066966579
2019-07-19,2.786801267773058e+32,-12.92846101388336,0.040024579943728864,0.21333035458559316
2019-07-22,4.184783081839315e+29,-11.752739206556997,0.041881611048968585,0.2182445513068461
2019-07-23,8.1521097711707e+29,-11.873603286405897,0.03784323523189025,0.21731476675010103
2019-07-24,2.4316470266662008e+27,-10.82374648244244,0.03835370728606682,0.21897429616435585
2019-07-25,3.8452283465326677e+24,-9.657718973305,0.04419566542427797,0.218663041200136
2019-07-26,3.720498308028444e+23,-9.238697057666789,0.04180335382834851,0.23318657738546775
2019-07-29,4.1542602215424304e+21,-8.42709300616771,0.045109253075294724,0.2383730310583546
2019-07-30,4.3086968388819656e+22,-8.850996778092195,0.044464079925970984,0.2384446270356942
2019-07-31,8.496139375104403e+22,-8.973572496081365,0.0492122291769719,0.2383593439288897
2019-08-01,3.91857590924028e+20,-8.0082944861062,0.05444455436950197,0.24178677664852824
2019-08-02,1.2385773438383989e+20,-7.794954027369328,0.06056939220038838,0.2403017081942059
2019-08-05,6.877543927431276e+19,-7.685795980667281,0.08061995463589404,0.2131907673049457
2019-08-06,1.0673914306021986e+19,-7.345334602127563,0.07367218289906802,0.2112996788547617
2019-08-07,1.2293913574250658e+19,-7.372724901974093,0.07250245866944946,0.21531813703789565
2019-08-08,9.963220351325224e+16,-6.516151739731854,0.05959422923308433,0.20485122003958475
2019-08-09,3.8587805405610784e+17,-6.754967449496314,0.0641587627420662,0.20289491328940906
2019-08-12,2.432043344027517e+16,-6.259131318146804,0.07016033973813031,0.19678986940181697
2019-08-13,8713993588992979.0,-6.072655310954026,0.06360776165360277,0.19122636095357964
2019-08-14,1.982111051633985e+16,-6.217221348004647,0.08020807886985419,0.15126907243233828
2019-08-15,615493888267546.0,-5.590007460115675,0.07948706898098985,0.15181916832582046
2019-08-16,247713180953234.25,-5.427280892851447,0.07185899817197039,0.14643436004498017
2019-08-19,388912831321634.25,-5.5075985234611196,0.06673849946408116,0.14158993942067807
2019-08-20,1.3581968323995363e+17,-6.552314217652261,0.072737963313924,0.13749068924530025
2019-08-21,9098162259685538.0,-6.067196915463611,0.0686309744486352,0.13561837661808515
2019-08-22,7458321943024333.0,-6.030118320000481,0.06933970900523248,0.13728203787099
2019-08-23,2.6797955358380536e+19,-7.503469359697632,0.08377275146902041,0.09263292494866174
2019-08-26,3.0407808942582292e+16,-6.284467788377702,0.07632324068202162,0.09394865708818569
2019-08-27,1.3253674750640303e+24,-9.432199784538502,0.08598866273861265,0.09277452255950731
2019-08-28,1.417433847431407e+17,-6.559050808488634,0.07544189692726923,0.09195993641896437
2019-08-29,1.1698788318222078e+16,-6.112017605443803,0.06850837547175502,0.08523422724233656
2019-08-30,1.3794355512315712e+17,-6.551548181442818,0.06978782752263568,0.08621865631593598
2019-09-03,83155634114452.86,-5.231889834279217,0.06872520715797094,0.09490949689167977
2019-09-04,150064434921639.9,-5.336518582074371,0.06444855280085557,0.10713451712955814
2019-09-05,3.047283975401675e+23,-9.164274435865364,0.05991653975772907,0.10042520375330653
2019-09-06,2.5680572173848932e+26,-10.364396441780709,0.06057389634503159,0.11274955050065259
2019-09-09,7.220033194974139e+30,-12.203181540531592,0.0573021607014131,0.11353916651411505
2019-09-10,3.909104671578725e+39,-15.806018921134008,0.05419885624663603,0.12537957618595819
2019-09-11,7.029765395804345e+53,-21.683900607481753,0.042558587947805225,0.12776329027958372
2019-09-12,7.68084154563945e+50,-20.461580896716473,0.040797890422172196,0.1298941383668812
2019-09-13,4.8316201387747575e+51,-20.78752337669915,0.04185028836072529,0.13610584876290796
2019-09-16,2.2173748220180355e+55,-22.302990401287555,0.04206413646698115,0.13580102961486004
2019-09-17,5.375020467865937e+54,-22.045419937225727,0.040746962118093075,0.14036099176120378
2019-09-18,2.0446548695490532e+55,-22.280934499839358,0.04080958916807797,0.14043173205169168
2019-09-19,8.864383116827583e+58,-23.78672134099844,0.03812585166268237,0.1408813769074419
2019-09-20,8.730427347043584e+71,-29.14706717117336,0.038180624631036046,0.14073337093189264
2019-09-23,9.287432320172985e+70,-28.74191477983674,0.03959334090961057,0.14278577112929833
2019-09-24,4.1333160625150976e+75,-30.664096868330873,0.04755048297535237,0.14020080027586226
2019-09-25,5.326517838649108e+72,-29.47176245757576,0.0404071883526458,0.13907885371528075
2019-09-26,1.4898432996814357e+72,-29.24082201611183,0.04388213460164071,0.13883127146770344
2019-09-27,7.313732920419321e+72,-29.528795087727303,0.05066351914720717,0.13750251198559915
2019-09-30,6.581550772538335e+70,-28.681355343097025,0.04547882735257821,0.13789123540925444
2019-10-01,3.2687358605891485e+71,-28.969154891634368,0.06455238396450959,0.12918567104974613
2019-10-02,1.95429386564564e+69,-28.045888783751113,0.11250470314806554,0.1066995568663057
2019-10-03,1.2384716985176097e+70,-28.373080825342342,0.09072965246306311,0.10629347241425907
2019-10-04,1.2567957749303329e+70,-28.37470785228562,0.061477238183430705,0.1012992865955771
2019-10-07,1.7335728692219064e+72,-29.255337310646087,0.0703680954395876,0.09872518215966616
2019-10-08,2.826858889827676e+67,-27.27611670024669,0.11296714271899048,0.07387625554150387
2019-10-09,2.366467219233749e+68,-27.653475724162792,0.08817007106381738,0.07055051184175015
2019-10-10,8.89908785340328e+70,-28.716814575565675,0.07195312264893078,0.06897834035642947
2019-10-11,1.880902769545599e+71,-28.850486766756006,0.0529758975872592,0.06248340887082897
2019-10-14,2.9684493847855914e+72,-29.34377467339887,0.05470370510152164,0.06308728101234558
2019-10-15,3.620545983803751e+73,-29.793778327219325,0.039720445830565915,0.0559773241709479
2019-10-16,2.7953295627737025e+73,-29.746666452108794,0.04195788276980794,0.05488950766580814
2019-10-17,1.1034094432813738e+76,-30.820059569204176,0.036835665772358514,0.05471814499739031
2019-10-18,1.5665966669713756e+78,-31.709225234302874,0.04128927612903488,0.05310604235219566
2019-10-21,7.27017929666857e+78,-31.98507109841795,0.03269867531846437,0.050596073152486445
2019-10-22,3.438124548008903e+76,-31.023469778562053,0.037768855889701344,0.04751446545035542
2019-10-23,4.7011157535296e+75,-30.666422606799486,0.03485538257642422,0.051698080198162785
2019-10-24,3.790165087720237e+79,-32.280869643507366,0.03110439290218038,0.05308641881090555
2019-10-25,3.81077469675379e+81,-33.110033455067786,0.025968946680052236,0.052345238867628575
2019-10-28,1.6587720696403467e+79,-32.1362410499171,0.022213808845681814,0.054986514562229714
2019-10-29,2.6821780031827617e+73,-29.75103802955964,0.024025750070445814,0.05454382438034291
2019-10-30,5.405057043800729e+79,-32.35376057556175,0.01943997900078519,0.05520012716616761
2019-10-31,6.172680404368808e+85,-34.83861789969687,0.020906687077969898,0.05644541698434861
2019-11-01,2.0454463005604895e+80,-32.58116141396036,0.01643673946411386,0.0604296004351213
2019-11-04,2.9146562861852395e+73,-29.756825457323536,0.01662022179717797,0.06493294286636504
2019-11-05,1.1659438451621115e+67,-27.120658217231533,0.019293119391879488,0.06781581627197425
2019-11-06,2.1887258978775577e+65,-26.411956764925467,0.019482138600595694,0.06789449496898832
2019-11-07,2.1687117197715555e+69,-28.067189798013835,0.015580187672159192,0.07351461390910266
2019-11-08,1.6748582087279495e+72,-29.247405571791294,0.014432747155214531,0.07479604047764052
2019-11-11,3.327618293394626e+67,-27.31067138551793,0.01672449388068227,0.07446680991399335
2019-11-12,1.962023780126754e+63,-25.570376280252436,0.016963309072151014,0.0746766503044278
2019-11-13,1.5753251640327185e+60,-24.29662471367298,0.017769322724938467,0.07947604776083005
2019-11-14,1.2536419994365176e+64,-25.905121868002993,0.01564976959330573,0.07950949771279468
2019-11-15,5.57984818516796e+68,-27.806533983936447,0.012452889996634523,0.07915671721763415
2019-11-18,4.2802461018320336e+58,-23.647382804936324,0.014894392880024391,0.07922010036784018
2019-11-19,1.450902488994305e+59,-23.86634329238496,0.014764225036209245,0.07914264741280419
2019-11-20,1.741937393175572e+66,-26.77610956105129,0.014336586102396002,0.07751978512474102
2019-11-21,5.598379408998292e+61,-24.925383523697572,0.01652304213011675,0.07713874303368688
2019-11-22,1.1039302099545574e+58,-23.404249498691538,0.016479889720299828,0.07714015721760528
2019-11-25,4.288785381097833e+62,-25.27874642114931,0.013273472150263867,0.07417485438587137
2019-11-26,1.5796562621028727e+56,-22.63199660174904,0.014563214088022327,0.07537767982986371
2019-11-27,1.0046999534917421e+51,-20.498848759933978,0.014580467832501531,0.07489574700798862
2019-11-29,9.983167144686062e+42,-17.214321059022044,0.01831744743026685,0.07679113170068945
2019-12-02,2.7232021194466486e+40,-16.154396730870783,0.02320195681910141,0.06744719601234705
2019-12-03,8.381130258927637e+36,-14.702687718667407,0.02882837989070447,0.0643150126962233
2019-12-04,1.376447299348316e+37,-14.77861182391511,0.027999321192981843,0.07242906693000548
2019-12-05,1.4874488150923645e+34,-13.56086910030811,0.028547360077362766,0.07271541363763324
2019-12-06,1.6012691984393873e+34,-13.574162385757061,0.02497060834293643,0.06969283149931305
2019-12-09,4.720546002229841e+31,-12.52729656633272,0.028673886017744652,0.06870897266967435
2019-12-10,1.3838461473963368e+30,-11.896999714828077,0.03009793050913138,0.06979898879172898
2019-12-11,4.699283424488479e+31,-12.524887510158969,0.028271260359321676,0.0721235555214166
2019-12-12,1.676527819733106e+32,-12.744645495264425,0.02586489438690491,0.07027131997414622
2019-12-13,1.2620032060384185e+32,-12.677466415610084,0.02825290311381405,0.07120101196919473
2019-12-16,5.955035551712036e+34,-13.776513787094517,0.023824152413793768,0.06872123057485753
2019-12-17,4.250516494601691e+34,-13.703608461521531,0.025630555889960674,0.0724532255558415
2019-12-18,2.095373792896204e+39,-15.63267746909199,0.022346624058633028,0.07218453534134395
2019-12-19,9.622377178557654e+46,-18.77878267430395,0.016832555604802776,0.07320692159871899
2019-12-20,1.1028735159731801e+45,-17.97826826844241,0.016699506509380693,0.07280977633286867
2019-12-23,4.073804785481699e+41,-16.57007079302407,0.017889020413241356,0.07282925988977107
2019-12-24,1.4604016990766872e+41,-16.3865662309439,0.018182516660592417,0.0818016695753923
2019-12-26,4.172004544144721e+48,-19.448994160989265,0.012918852738443504,0.10067755868136603
2019-12-27,1.6929251674243905e+42,-16.833672671904356,0.0151807081288087,0.10712834406916165
2019-12-30,4.165438478385354e+45,-18.223605216361882,0.015327906776860788,0.10482400616787689
2019-12-31,1.342519166616334e+39,-15.567821598407347,0.016959736776171748,0.10502533498647307
2020-01-02,6.669580941045249e+37,-15.03246952474683,0.015216964532767004,0.12035460850826643
2020-01-03,1.366036203946446e+30,-11.88999235907561,0.020244643374867345,0.12037212066542566
2020-01-06,1.0421719377999632e+23,-8.98090083222947,0.022681791956917587,0.13102436520538938
2020-01-07,1.4846675459584199e+19,-7.410074852172152,0.025181259766649866,0.13549988947545658
2020-01-08,139942225163322.03,-5.361460225850554,0.026316070190410268,0.13495471319839025
2020-01-09,292794315413333.3,-5.4857745966235365,0.025971140055966385,0.1354746325698625
2020-01-10,19868161.48455305,-2.562758170842673,0.030542978990241252,0.13665902461171325
2020-01-13,28028479.823238254,-2.6209101613394123,0.03018032508593379,0.13512806131025804
2020-01-14,8170.85913205148,-1.1769600484097047,0.03327003798319115,0.13601975087629573
2020-01-15,2357.5895313079145,-0.9596243206762278,0.03299602192828192,0.13628580264312848
2020-01-16,1.1872658457087064,0.3805560043061235,0.034510500363495886,0.13380744435185374
2020-01-17,2.4689726705549212e-05,2.289481073403086,0.03916982718615781,0.1341414565485505
2020-01-21,5.041365833499502e-07,2.9770011089120416,0.0405223941352272,0.13448818236422946
2020-01-22,1.882179559496347e-05,2.33734960949335,0.03915934731825441,0.13571261491210768
2020-01-23,182.91376157075334,-0.5154192102026957,0.03173210943303827,0.14138641388358703
2020-01-24,21.587975639374925,-0.1424227839130353,0.03188194411353051,0.18380972510509902
2020-01-27,219.11346388844626,-0.5410097351051056,0.03413561019828759,0.2058181395234835
2020-01-28,0.0013532904019426042,1.5811366879124074,0.03714239371388411,0.20082177965039755
2020-01-29,5.433740191820521e-06,2.558663327845844,0.03914491280771765,0.25315907370311214
2020-01-30,2.496122741689236e-08,3.5006338028988875,0.03887483174989607,0.2514480331628637
2020-01-31,1.31114702746787e-10,4.425204594405098,0.03735429179042139,0.2971260545446734
2020-02-03,4.775452681797729e-13,5.422964993447319,0.04081005721459111,0.30972797919087736
2020-02-04,4.2496954415100876e-08,3.423532680657511,0.04307802307987062,0.34289284062825315
2020-02-05,1.7359994558340285e-11,4.802912301244552,0.04816504927827626,0.35579900528601915
2020-02-06,8.286492070359759e-15,6.154415710429751,0.053094739855727865,0.3568171879727679
2020-02-07,1.568768298091129e-14,6.0424304027691,0.051558214828542774,0.4462471928894463
2020-02-10,7.796167671769189e-16,6.572679750531569,0.05531582298521143,0.49180713858765135
2020-02-11,1.196086701777128e-12,5.288902395952203,0.05509489215486939,0.5128219269274725
2020-02-12,2.9963308909301776e-09,3.9104841830733865,0.052594747607641476,0.6004551077468904
2020-02-13,3.87232729855085e-14,5.890710613870685,0.05740478840839511,0.6921553171675437
2020-02-14,1.4871067069253338e-07,3.2226750522195755,0.050724209635991085,0.7829750396109179
2020-02-18,1.8208000630427028,0.35600190429377593,0.04548714050975169,0.8201403987966989
2020-02-19,1.1739333703032462,0.4322676570883421,0.045274696439837635,0.8273039729648767
2020-02-20,2.4697269610776904,0.30487762691045117,0.04601214746805028,0.8289046324020597
2020-02-21,2.177671998949917,0.32901946713783276,0.0469146290606246,0.8340112813994377
2020-02-24,4.263696828922242e-06,2.639989081879127,0.04779912211092414,0.8325827765547275
2020-02-25,9.845434414545049e-10,4.118971247630047,0.04500351787731298,0.9098504179576288
2020-02-26,6.054501666654684e-10,4.209813687722502,0.04571478811844278,0.9145422075306853
2020-02-27,7.157046311331447e-10,4.18043474044402,0.03954902134625465,0.9354249744173572
2020-02-28,3.2329721368777844e-05,2.302241458059443,0.04757485421440231,0.9392400203337453
2020-03-02,1.812352883953113e-05,2.4027129638744804,0.04968755598452697,0.9325917798372316
2020-03-03,390343.5478408643,-1.7727623369991985,0.06768255554181032,0.9297242373578388
2020-03-04,878600843434.601,-4.3351054362088135,0.06910787453048065,0.9208733062278195
2020-03-05,5.4428851673969805e+17,-6.675155656124913,0.09920728196751812,0.9247673196505938
2020-03-06,2.5203456127500655e+21,-8.1516687669492,0.13287535112124693,0.9245615250279187
2020-03-09,1.767807431536199e+26,-10.105897373614958,0.4021661743394446,0.9181380763818052
2020-03-10,9.869297908234014e+33,-13.233545654771282,0.34369372314158586,0.8976178891064404
2020-03-11,3.084183714323594e+34,-13.434194426329451,0.7220408984537333,0.8894405028500278
2020-03-12,6.464645361894032e+37,-14.770353319273397,4.603013399387302,0.8064718822374806
2020-03-13,1.914065653450868e+39,-15.365384760976804,1.4120095424767207,0.7558506045357185
2020-03-16,1.0068702068854323e+35,-13.624388311311735,5.886664452737147,0.6203720232275965
2020-03-17,1.2459811247976223e+36,-14.052639815637797,3.2823406719709234,0.6064379581869472
2020-03-18,1.4228237034474656e+31,-12.05061537147011,3.9849817899803384,0.5679765915955259
2020-03-19,4.733284714996763e+29,-11.451810808798466,3.2569964029566947,0.5713677113552489
2020-03-20,1.9752448858349315e+22,-8.460223145817352,2.0922065079963774,0.5460206472134727
2020-03-23,5.6294550042692885e+20,-7.817777645852392,2.3279042637095992,0.5506292249001284
2020-03-24,6.357122125172035e+18,-7.028442461248288,0.8750033641106496,0.47375612099149866
2020-03-25,1.3054634895325783e+18,-6.739061846268874,0.766326907964065,0.4733912866845119
2020-03-26,1.2873006321158605e+17,-6.331767407272082,0.45406741708134063,0.4355507778105082
2020-03-27,1.4859472444780182e+17,-6.353342763685314,0.5816371969890541,0.41743061379978486
2020-03-30,1.7039824121445878e+17,-6.37865785822197,0.45895655661478246,0.4076025249145351
2020-03-31,1.614155619931735e+17,-6.370039396117642,0.5091450736869351,0.4075875302432039
2020-04-01,7.065664348985573e+16,-6.223557493541476,0.6923916622433933,0.36331445614155045
2020-04-02,7.216756759892528e+16,-6.2237911486782345,0.5989908973982337,0.3793559205121902
2020-04-03,2.9642001444990348e+16,-6.066714661304159,0.6413315389259219,0.37193886632241047
2020-04-06,1.180682718096968e+16,-5.905688341502462,0.39091334342611167,0.3020108086588169
2020-04-07,1.4481104221953548e+16,-5.93818726360847,0.39821941416123596,0.30425856066044993
2020-04-08,1852227808312172.5,-5.581225443720096,0.291523686235211,0.2857820289958691
2020-04-09,1082429679173171.0,-5.4800736671143335,0.27024967615092105,0.2865879165736699
2020-04-13,548520233850039.9,-5.356247891257122,0.28841795906985307,0.28344024492475905
2020-04-14,538218146759908.75,-5.355646213934295,0.23605053827296632,0.27707973839135136
2020-04-15,415819312588621.25,-5.306097781694734,0.2751066379326686,0.2735341371372705
2020-04-16,195019611042460.9,-5.16629304404692,0.27183774708781816,0.2760949382188753
2020-04-17,6670545478746.769,-4.554084806416082,0.23934204232129538,0.25955521634060436
2020-04-20,1773939077655.0508,-4.31008343496034,0.27255796355720124,0.27144913362362155
2020-04-21,2077987043171.8547,-4.3386117198806415,0.3212268690429474,0.2468687945411318
2020-04-22,4095961759686.76,-4.46072628802508,0.2860430483301521,0.24239030038188736
2020-04-23,4999824496753.058,-4.496922697438757,0.28575759052479854,0.2447884411029671
2020-04-24,272030664895.198,-3.9845578241636472,0.2489221300912895,0.24125840225900502
2020-04-27,123278344895.47766,-3.84034926424202,0.23470781335937815,0.239983210403979
2020-04-28,257856869569.10413,-3.9756485867593465,0.23624755342613468,0.24269131761206678
2020-04-29,243669047665.66998,-3.9685815133069196,0.20423231683995477,0.22759171934610398
2020-04-30,424229648468.3602,-4.068392701334607,0.2132624792765367,0.2239951787519725
2020-05-01,731192392887.2905,-4.168603638765115,0.24121468201064006,0.1957170995564812
2020-05-04,282719849534.34906,-3.9934855767252935,0.24358228551067648,0.19627182194539114
2020-05-05,201845581695.34952,-3.937312173566216,0.227147726646348,0.19815589718595653
2020-05-06,222289167084.7108,-3.9563240752716964,0.2327225175366908,0.19557948088915839
2020-05-07,35384227745.52967,-3.6234860402292157,0.22343831022598865,0.20763274830617412
2020-05-08,31050991140.750633,-3.6002795576700035,0.20694311643054067,0.20506113031699713
2020-05-11,1190319592.104452,-3.006152963461814,0.22003542860972988,0.20922090213547312
2020-05-12,452635673.95274353,-2.8397339249749356,0.22933766094001917,0.1920737636927276
2020-05-13,39779771.35522158,-2.396376542809341,0.25350929007285616,0.29012703644229315
2020-05-14,10063483.628324583,-2.1459002719923412,0.2484515555763214,0.29013024288088934
2020-05-15,1518970.252090905,-1.8028510030609017,0.25005270875648267,0.29089404672306335
2020-05-18,2711058.2304363176,-1.911382050700833,0.22336449620734522,0.2800650988986487
2020-05-19,46579301.66460291,-2.4270225730362682,0.22118242079991368,0.27702810139226114
2020-05-20,822599628.6494361,-2.9503833265835016,0.19576022664606307,0.27244832223408905
2020-05-21,85307196.20198543,-2.536610181163348,0.2119081358512114,0.27193543447620105
2020-05-22,2927984573.138294,-3.182335442500385,0.19372578005886576,0.27227160314730814
2020-05-26,7170015053.560444,-3.346798442879326,0.17895159512316844,0.27006863971829437
2020-05-27,29996115610.5983,-3.609467301597712,0.159958764524306,0.2834235128757164
2020-05-28,149134238914.8412,-3.9019590035604783,0.1545697962890054,0.28563015387072993
2020-05-29,15625168439826.064,-4.752695136852394,0.13132874297986113,0.29859101479364936
2020-06-01,1089077473181153.4,-5.527062278179419,0.11362390039304107,0.3030295933527325
2020-06-02,9256487078464942.0,-5.918234440580662,0.10052900820279578,0.3050501781307139
2020-06-03,9.60867106423054e+16,-6.347636326902172,0.08382794680836925,0.3023273642645967
2020-06-04,1.8826494031754268e+16,-6.054344286592223,0.08798646859908991,0.30278126176455533
2020-06-05,1.95219266574775e+17,-6.484209752096515,0.06635384107450966,0.2938092273876565
2020-06-08,8445789210249534.0,-5.917794913164266,0.06601124148894044,0.2922654086769923
2020-06-09,179323741582340.0,-5.222846370136356,0.07680375625203659,0.2929152985330887
2020-06-10,25218628132374.086,-4.873540647900696,0.08135835996142908,0.29294187214959444
2020-06-11,5112771427153.3,-4.587471443437988,0.11673979284902035,0.195335241591494
2020-06-12,22366658453.95117,-3.604512890331974,0.12139086189556676,0.19651809118479655
2020-06-15,4125123369571.6694,-4.535157632743861,0.11239985046657519,0.1986966479023235
2020-06-16,1133351742136.464,-4.303368890406282,0.10323163738107237,0.19042152103226265
2020-06-17,914499208974.9401,-4.260922006449245,0.1082719748163311,0.19009786795171132
2020-06-18,39171640143.902985,-3.699270981121686,0.11105982845020039,0.1900828233730518
2020-06-19,24306742451107.13,-4.860470634205014,0.09988693768230782,0.18914361805546234
2020-06-22,1252400600000.666,-4.33171327594735,0.09878840567069423,0.18857727986391964
2020-06-23,305520675745.20575,-4.080821599834868,0.09737589507870921,0.18879373902269522
2020-06-24,79907488797.75325,-3.8433953796809455,0.1107426549865587,0.1664949047185721
2020-06-25,5792910561.612733,-3.3694680486238275,0.11084689790912916,0.16715017388957776
2020-06-26,119682054.4748605,-2.6776239994098736,0.12454373685074822,0.13615007308120342
2020-06-29,3381680.7890507667,-2.037508506189205,0.12321934265500327,0.13426180773433039
2020-06-30,1715213.5201393447,-1.9145304254068836,0.12047874348816012,0.133771535773674
2020-07-01,25.01259805480961,0.07045569993741638,0.12997874615548727,0.1344806478411726
2020-07-02,1051227.471506621,-1.823124758004759,0.11949309202064212,0.1355332624646024
2020-07-06,13302.963489939048,-1.0477853755483009,0.11834748938077053,0.1278464483982083
2020-07-07,493.3182770250902,-0.459499056568275,0.12586244854372905,0.11956742900026104
2020-07-08,233.31514320051517,-0.3250886993723229,0.1262525581462313,0.1188665295641613
2020-07-09,3.9950262175992672,0.39596887563341987,0.12999210350925444,0.11566141111241404
2020-07-10,1.304801572767486,0.5914807296704895,0.12812809699749547,0.11281380778460463
2020-07-13,5.678656902224956,0.3320923440440797,0.12850035774331717,0.10461585289182415
2020-07-14,0.08825870110088964,1.0699444551332573,0.13135652992109365,0.10559262513865451
2020-07-15,0.005088978233551293,1.5765704520273798,0.13566992351793378,0.1109189434025627
2020-07-16,4.903760969286027e-05,2.3982607348504255,0.1400912619285268,0.11003287237077292
2020-07-17,3.920991910869338e-06,2.840807740111747,0.13975663428226656,0.11034522038630706
2020-07-20,30709.42416709953,-1.1962100773623843,0.11188553178380437,0.10831221030726652
2020-07-21,4454.394790648986,-0.854029125146589,0.1137433830640781,0.10831256728496724
2020-07-22,68628.58049024612,-1.34444853187129,0.10543382076103164,0.1095787680792481
2020-07-23,1111174.810660652,-1.8369688594394264,0.10610708789949028,0.09719728615543338
2020-07-24,3216.4322438799372,-0.8014744647235169,0.11342470896981294,0.09153472784057784
2020-07-27,3420.415189019918,-0.812937636730448,0.11152122692553858,0.09386586940756964
2020-07-28,134.09987743753257,-0.24213008320216842,0.1139708932309972,0.08716571374023958
2020-07-29,28509.841012133857,-1.188701523550693,0.1078323284403532,0.08448883224788203
2020-07-30,6732.912113615799,-0.9313801478939928,0.11128537481412852,0.0806239441380519
2020-07-31,194083.0714908749,-1.5276295756487255,0.10504405836286677,0.07977955592427564
2020-08-03,35630.01295916056,-1.2278925325920074,0.10510374001012639,0.0826099797412931
2020-08-04,1886.2600928548895,-0.7097774260104383,0.1068156964229643,0.08561239150476024
2020-08-05,16399083838.939682,-3.5258752400016675,0.09134708558595844,0.09378790015198267
2020-08-06,1118664061.5717177,-3.0530273475015233,0.09091581994091621,0.16560571853144426
2020-08-07,47612640.0275025,-2.496328537769656,0.09386011558628966,0.169239352376393
2020-08-10,503982661160.07495,-4.13946641178967,0.07932126885881462,0.19758574210970176
2020-08-11,4571014163345142.0,-5.746699961888988,0.07541583385377666,0.20723718127824217
2020-08-12,605554557457.7119,-4.172007164507058,0.0768390143977687,0.21139102514045816
2020-08-13,6897196735.833881,-3.379956171813766,0.08328152473279224,0.21136491555773243
2020-08-14,69514710960.21475,-3.7919774352727096,0.07885444994657995,0.2167396232235306
2020-08-17,4.138102343689797e+22,-8.583858517992288,0.051682001783756835,0.21717572785545608
2020-08-18,4.0265003032195294e+27,-10.60143858088436,0.04554810838835444,0.21758338593519047
2020-08-19,5.688891995942652e+28,-11.068088227373753,0.04635672861029201,0.21939840124902327
2020-08-20,3.720773755131784e+27,-10.587281840736216,0.04622216575580023,0.22262582536863557
2020-08-21,5.37701951530517e+30,-11.862063589147883,0.04215916731812284,0.22482343434926438
2020-08-24,1.5595549293868988e+32,-12.450612656552423,0.03625338405065947,0.22485869642427886
2020-08-25,2.810513216428459e+31,-12.142026113950418,0.03688289298822434,0.236690145030703
2020-08-26,1.7124057748492447e+31,-12.052820457243126,0.03298335379735491,0.23275420447611636
2020-08-27,5.308308420584239e+27,-10.629739828953372,0.03676127434053921,0.24215819286919602
2020-08-28,1.4006692846469356e+29,-11.201254879267248,0.03308855874134285,0.24968100429972342
2020-08-31,5.3955292575029e+25,-9.82077815999714,0.038689886977576526,0.24990523202536294
2020-09-01,3.607140902018211e+24,-9.34637478226805,0.03636361709307683,0.2488598231501301
2020-09-02,1.0546982100554702e+22,-8.319234382372779,0.035426161984865936,0.24330089490946066
2020-09-03,4.793246538552457e+18,-6.963464525093334,0.05532631550948678,0.2134970646689286
2020-09-04,2625066968764.098,-4.433760530687825,0.06827670776103875,0.22220048415750074
2020-09-08,100881067332.56155,-3.8613109916787725,0.08102200532547749,0.20462024093480632
2020-09-09,600810763.4142365,-2.9585583238342346,0.07870639707843227,0.20191996239955012
2020-09-10,5614207.946148301,-2.1388249276684586,0.08648514622351484,0.19244653858261973
2020-09-11,1623126.2480199756,-1.9164302621564444,0.08930746188002056,0.19407502964164955
2020-09-14,99938870761.50148,-3.846006101661977,0.08122797120289303,0.1964899720187481
2020-09-15,99765667830.27441,-3.842169259529231,0.08089593481426499,0.19857990683598767
2020-09-16,247341931473.96335,-4.0004597559465,0.08234218846112375,0.1996222125457659
2020-09-17,2541090896843.625,-4.407159554851567,0.08575323793176702,0.19618414529303838
2020-09-18,25535708884.03418,-3.6042816367657298,0.0909657121056184,0.18994714796616466
2020-09-21,3401112957.674906,-3.2501687600956237,0.09649155742202459,0.19439445922917467
2020-09-22,14465505.58953233,-2.296821953575656,0.09215089728804317,0.19230278662465947
2020-09-23,238330.33071484766,-1.5793672606324276,0.09799598938564119,0.16824408086283382
2020-09-24,3793.1820146119308,-0.853430637707935,0.0973097582952918,0.16845997581148758
2020-09-25,540.2626508198282,-0.5155086239558444,0.09294296490456812,0.1614747790721483
2020-09-28,10160.542016618729,-1.0247155344719812,0.09187956660943175,0.16919588048098053
2020-09-29,105.51777788928517,-0.22638920773779314,0.09358776735842131,0.16836295104196378
2020-09-30,9.849939813480995,0.18606737308976773,0.09228579035438408,0.20837740860454296
2020-10-01,2.173143628310135,0.45007177300259393,0.0922897199597196,0.21058859410708028
2020-10-02,2.779128188549739,0.4075883608644189,0.0929912813370733,0.21111647537373532
2020-10-05,0.024789828536963147,1.231223621793607,0.09374033405386248,0.20470489424320426
2020-10-06,0.0009604674380636877,1.8005966913517302,0.09497080339269416,0.2092386722177517
2020-10-07,7.307778297409295e-08,3.455274773392649,0.10018303115559643,0.21511418798784743
2020-10-08,6.198519645310209e-10,4.2888267725028175,0.10601797641030734,0.22361484002206614
2020-10-09,4.006118621453575e-09,3.9656946793406407,0.10923279807649675,0.221643662555881
2020-10-12,8.070269201830778e-08,3.444749278464849,0.1130682422662921,0.2187501512012136
2020-10-13,4.6624904126391346e-11,4.74608936316032,0.11917228925798339,0.2173796087572733
2020-10-14,3.3794213360731026e-08,3.6006059029188373,0.11288258793896648,0.21708751020399605
2020-10-15,1.0142808375033124e-07,3.408789023948815,0.1115487480160009,0.220452096859258
2020-10-16,4.927259708009724e-05,2.3239891956397507,0.10300484826514553,0.22506624981844914
2020-10-19,4.3467625848114695,0.33331112728498413,0.09347672923868919,0.2189655638977404
2020-10-20,0.009400066385898536,1.4041789925004404,0.0965448126283719,0.22088061119410626
2020-10-21,0.01587171914677693,1.311554701844431,0.09553031088801774,0.22644947857843836
2020-10-22,0.0005884537510836651,1.8794657347882806,0.0938092827023877,0.22623162449852727
2020-10-23,0.02415072622188947,1.2341322156399404,0.09324711850281002,0.22824367777147203
2020-10-26,0.011032523983468576,1.3679174009363881,0.09154785013727734,0.21601409241726888
2020-10-27,1.2138633332559356e-05,2.555833033772114,0.09288602732188668,0.21978400790017183
2020-10-28,0.00021572005626587068,2.054781304752892,0.08932637417512543,0.16858339673669015
2020-10-29,0.00021130743548611214,2.063315001812271,0.09286395050302394,0.1677724616374548
2020-10-30,0.008577513129926734,1.420385878759103,0.09469827973783983,0.16170570127781522
2020-11-02,327.2771704698348,-0.40673416754696445,0.1042287203025871,0.1615766966548646
2020-11-03,173754.1468475226,-1.494421169115309,0.10476633516235359,0.15507836733067332
2020-11-04,10650572.247057993,-2.2082482417351272,0.09930494801792106,0.14084750482230593
2020-11-05,3408669.6995809833,-2.0085426429660687,0.09480227668560182,0.1293000753799884
2020-11-06,949154.3421083412,-1.778948437618838,0.09964545395049874,0.13001481495828324
2020-11-09,8.131212815606129e+19,-7.35224292998577,0.07754502754746644,0.12472478790669426
2020-11-10,3.056399357317681e+18,-6.7765621867256804,0.08287353416646073,0.1303742534060944
2020-11-11,3.6964411814295423e+23,-8.81135490792168,0.07073976637324779,0.12882979641100964
2020-11-12,3.6195094648968647e+22,-8.40429165833625,0.08051439055242157,0.12243321307152026
2020-11-13,8.669724371166948e+20,-7.7506511323079845,0.07532678128199574,0.11579787642146346
2020-11-16,1.3660231806883623e+19,-7.024092046463519,0.07292608974042415,0.11719434005766924
2020-11-17,1.6666024945413008e+16,-5.856362699295571,0.08232658793027296,0.1147704069513647
2020-11-18,7864186263724857.0,-5.7234087465091035,0.09126576818618241,0.10401865684584131
2020-11-19,36059915465818.266,-4.7864699458231605,0.09357110157972796,0.10597279727531547
2020-11-20,32467158808766.61,-4.765822371094046,0.09881287485613834,0.10301259348206923
2020-11-23,13375043367761.412,-4.6111050166268495,0.09652337222384932,0.10262602168385711
2020-11-24,3460561926248.2397,-4.374542098566734,0.09044441417011426,0.0873385042904336
2020-11-25,58757441155.03188,-3.66475987911661,0.09620887238812377,0.08752481016578514
2020-11-27,1733069844527266.5,-5.457954000066591,0.08213627482627651,0.09132973167648965
2020-11-30,7.911789797678475e+19,-7.3278325960941535,0.07301308533844693,0.08962389086361726
2020-12-01,8.454417854011433e+19,-7.339787652977521,0.06646826751956444,0.08249493921559876
2020-12-02,7.055977249921216e+17,-6.510326649946926,0.06858784970258378,0.08367357262108222
2020-12-03,4.018477825881124e+18,-6.816605744618243,0.06566532603930826,0.0989428673379125
2020-12-04,1.7885428439788777e+24,-9.083224182503358,0.04903953163103575,0.0972559235506955
2020-12-07,4.921928685127634e+25,-9.646906951534115,0.05136916667849113,0.09870925009136025
2020-12-08,1.9898531301373245e+26,-9.891251649179678,0.048344735431906004,0.11030534412753995
2020-12-09,6.834739731919185e+26,-10.103836106005248,0.05305093273853333,0.10405979949852724
2020-12-10,1.4579601754133938e+25,-9.431836927105671,0.057069760001367265,0.10849652239409105
2020-12-11,9.093246073103927e+28,-10.952763395871335,0.05097634479602915,0.10810101914049597
2020-12-14,1.830830291766847e+30,-11.476239967717682,0.05137369610695403,0.10545800612986941
2020-12-15,5.0224880259343436e+29,-11.25121655444468,0.044323837885030366,0.09854655558571797
2020-12-16,1.8559357739990461e+28,-10.675604579755735,0.04627917643759901,0.10327933980387853
2020-12-17,1.3529956303183529e+28,-10.624964908392906,0.04249722326075588,0.10490621002911063
2020-12-18,9.098725353437083e+30,-11.744246776015885,0.04340807471141475,0.11219396928264122
2020-12-21,1.2620614570178411e+30,-11.401581732706493,0.04656011295226269,0.11037259432121115
2020-12-22,1.336671122181218e+29,-11.01368682025879,0.04840811330329304,0.11142823840526224
2020-12-23,8.388336666136316e+30,-11.728760465683822,0.04631281760844662,0.11152073621522973
2020-12-24,1.839557425245792e+33,-12.662187012363084,0.0415102105463131,0.11212827472808944
2020-12-28,4.0091026292210383e+33,-12.79428093840719,0.037175796500164685,0.1439555919020446
2020-12-29,8.681682306877064e+31,-12.129148249452285,0.04035672653137129,0.14659935837041466
2020-12-30,2.862248315785493e+31,-11.939847145690074,0.03950127709768102,0.16447057446648525
2020-12-31,4.281978257349009e+31,-12.012527155918514,0.03616932786965076,0.1741155067959796
2021-01-04,2.82557344406315e+29,-11.146033723557968,0.04491942569541305,0.1723303670038624
2021-01-05,2.678732437511327e+26,-9.941106416311131,0.04487180272373647,0.17126231907496517
2021-01-06,1.4976864920132525e+25,-9.442335211539302,0.04351638526032571,0.1741746988270962
2021-01-07,2.3018029517997156e+23,-8.723407789716667,0.03890524076898663,0.16750086910981513
2021-01-08,7.56978090414325e+20,-7.734066323526974,0.04036367145145051,0.16813269795218846
2021-01-11,2.896064324929116e+19,-7.1700265363791,0.0447810818863429,0.1656780923801905
2021-01-12,1.2563685223426245e+19,-7.018962521178401,0.047039085950453884,0.1657609031292085
2021-01-13,1.7987414319734083e+25,-9.46043436601266,0.03953165206555736,0.16570000578564956
2021-01-14,2.530583278203451e+24,-9.125116751442418,0.04122571477825378,0.165078613246646
2021-01-15,6.098458923049636e+24,-9.273645932198164,0.04482593851036109,0.16188886562586588
2021-01-19,1.641119374134523e+25,-9.436966519275057,0.04271205100078681,0.160606717434913
2021-01-20,4.3525983655123555e+24,-9.204749516429187,0.03843633495101206,0.15545681450121215
2021-01-21,4.500264758581282e+23,-8.807582305278128,0.04067860350471053,0.15574061495243288
2021-01-22,1.424748894102656e+24,-9.011314118778927,0.04027630388240345,0.15795712755268512
2021-01-25,2.007289726926191e+25,-9.461997288890661,0.038539157450508316,0.15747545964044077
2021-01-26,1.2805973771625033e+22,-8.200804217605475,0.04146145519982303,0.16162053579854468
2021-01-27,2.9849683605869374e+23,-8.742324120337718,0.05097508026143024,0.16087596271215393
2021-01-28,1.047553588910529e+20,-7.370505827599707,0.051167199333553896,0.15974542344939158
2021-01-29,1.6081652301998776e+19,-7.046433876619125,0.06178689376065987,0.16120475162254524
2021-02-01,53535376029696.086,-4.880412788003366,0.05843614696876947,0.15637165591781668
2021-02-02,15400304.721957928,-2.29807997143601,0.05968622363059807,0.15709866934829345
2021-02-03,0.24789710187162434,0.7766785353733335,0.06677600875512822,0.16311349897943578
2021-02-04,104106824463140.17,-4.9876600988400295,0.051843804008195826,0.17150022498152395
2021-02-05,187963396.47933197,-2.7215359158402497,0.05708489149837456,0.1714837506006849
2021-02-08,1063155569793.6146,-4.1970746418090075,0.05238678141273205,0.1774745664569767
2021-02-09,442403311.45986617,-2.863272235612996,0.056863050048451234,0.17902235617969436
2021-02-10,5516814301061.763,-4.483819810470871,0.05043265929312496,0.18261107484128486
2021-02-11,1.2861145618553268e+16,-5.818682827112361,0.04448137417973087,0.18259072656865552
2021-02-12,2659646478578726.0,-5.5533001841954786,0.04258753222567187,0.182959047233249
2021-02-16,21164139284983.684,-4.725570748720024,0.04504153264783296,0.18300298431874037
2021-02-17,767489215008624.2,-5.345526142202057,0.042052651679689294,0.1832971034799993
2021-02-18,1.0085563664653504e+23,-8.546691880946172,0.036031219392829605,0.19053613128155994
2021-02-19,2.0029807577069768e+20,-7.4824804042634,0.038581861590523917,0.19054735526455
2021-02-22,6.88304214225816e+20,-7.694413738373862,0.04065279292347187,0.19014439115096968
2021-02-23,59653608906195.8,-4.9176884010363136,0.043952084803470744,0.19266659384744012
2021-02-24,1.2614208133733755e+18,-6.617397730454044,0.0385006669434921,0.18942118499476998
2021-02-25,3.715130945340171e+16,-6.010220604898215,0.048350053769927154,0.16767391765031106
2021-02-26,29345013459.081577,-3.60598489716637,0.0532543555759288,0.17385661155626925
2021-03-01,7344327.544544355,-2.192503764024671,0.04950959029165483,0.15374003382904378
2021-03-02,23608871.538648013,-2.384240507799827,0.05279260024766237,0.15088734062998388
2021-03-03,2673144436427.854,-4.358735283259962,0.057612996469622604,0.14094959278903665
2021-03-04,216135548.04579264,-2.749721837117542,0.06194475962434838,0.1330551350343839
2021-03-05,1607527668.1327064,-3.086296417326707,0.05950211502744155,0.12775485494068684
2021-03-08,82748375332.59583,-3.752656532352163,0.06242097791509041,0.1250105127032013
2021-03-09,1278793558.7073898,-3.0429185496811413,0.058854976256614094,0.1182956680362874
2021-03-10,1.4852754254089555e+17,-6.197002253485756,0.05635968293647668,0.11781745263623865
2021-03-11,6.776913772653713e+21,-8.01939544640552,0.05084336720553,0.11581521784724283
2021-03-12,4.8833026646429106e+20,-7.567121333908695,0.05229884202396242,0.11598541151035689
2021-03-15,2.5124971725815605e+20,-7.45857934933206,0.04857300132818763,0.11523792303440508
2021-03-16,5.877793960319204e+22,-8.382195375864782,0.04894021651669407,0.1163466517453725
2021-03-17,2.0556819787740327e+26,-9.774049350297231,0.04418400446941639,0.12024392155064942
2021-03-18,6.872572413845753e+26,-9.977945149257378,0.05196393214044869,0.10184262848426069
2021-03-19,5.247840387803496e+22,-8.357863645859064,0.05703448795677897,0.10447571577182703
2021-03-22,1.8740764481416567e+29,-10.923822597237361,0.049749458752163696,0.10924948909349974
2021-03-23,4.8356062491964155e+36,-13.819344477482609,0.05424822170972151,0.10472188570295457
2021-03-24,3.560384166425981e+37,-14.15400765175951,0.059972443775200064,0.1099303332699105
2021-03-25,4.702913675369868e+36,-13.808689919862008,0.05575511774444409,0.11299160327625321
2021-03-26,1.5316430594282246e+41,-15.570992314246674,0.04272151838044982,0.10268328945049221
2021-03-29,3.651529477149428e+45,-17.27553699117777,0.04312040397945416,0.10256995890623499
2021-03-30,2.8404168153818675e+54,-20.75938058220325,0.04026266702105834,0.10127388718193443
2021-03-31,2.944511260016994e+52,-19.98360366394776,0.037567310308401436,0.10198139280439177
2021-04-01,9.349804429365013e+53,-20.56852961121292,0.029762270602862843,0.10287880949253214
2021-04-05,9.076728695980808e+50,-19.38376108073191,0.024161062148717945,0.0922485284032643
2021-04-06,4.2932300109513145e+38,-14.55825050726675,0.03222252870824894,0.09594542822269242
2021-04-07,2.4107664312574017e+46,-17.592260795644755,0.026515463491241557,0.09599215338284099
2021-04-08,1.6373362267945624e+48,-18.310119823181967,0.023123454625761323,0.09825566640583101
2021-04-09,2.54966016252162e+51,-19.54503496982977,0.02012642581838599,0.0982621992923685
2021-04-12,1.1597004275066233e+46,-17.449552337848417,0.023708311330026804,0.10604538678111157
2021-04-13,2.5117485486891218e+54,-20.708814931091442,0.01810935463990075,0.11109164580330376
2021-04-14,5.079769102123372e+50,-19.262818608215767,0.02154896444061627,0.1347750596510508
2021-04-15,8.391638309086561e+46,-17.782481828827386,0.019517794338547584,0.13625228328262182
2021-04-16,2.303466653152148e+38,-14.43572873376043,0.023568539610182446,0.14702602761544606
2021-04-19,4.401874318618484e+37,-14.14773675536864,0.027046046310548983,0.1462271925275713
2021-04-20,1.0885683086159154e+34,-12.735482431964844,0.03349102954721829,0.14717145510472004
2021-04-21,2.6320725134661357e+30,-11.319322978627186,0.03306314122405228,0.1430712348736378
2021-04-22,2.3202279708676085e+28,-10.510033863229468,0.040373827180872034,0.14471237397107306
2021-04-23,5.47572908164731e+22,-8.31557752008144,0.040662539747802,0.13939438592265807
2021-04-26,1.5669917058354151e+19,-6.930765735605106,0.04421621732833905,0.14401666711617284
2021-04-27,3.460541510943367e+17,-6.289515667047461,0.04486325652390552,0.1442666819469507
2021-04-28,4.953668936681938e+21,-7.918585486544144,0.03871158172303475,0.1444136593517537
2021-04-29,1.6611104780718943e+25,-9.300199044188135,0.032009848012502624,0.14259039968075446
2021-04-30,1.978185405581506e+26,-9.710397560818057,0.03531055146585325,0.1406122573635696
2021-05-03,1.2032034886054408e+22,-8.067715872047415,0.03796043248113,0.1405018986650831
2021-05-04,5.033612677784663e+22,-8.309245913978776,0.03980264487796344,0.13852645777654957
2021-05-05,1.484749911724631e+20,-7.32304663362351,0.041865950403118836,0.139359768747588
2021-05-06,7.076143287033027e+25,-9.532676431210882,0.034874733276151634,0.14024816107903923
2021-05-07,1.6422382665695956e+26,-9.664562645889484,0.03409037825305069,0.13795363692725024
2021-05-10,1.6726958029823689e+25,-9.272185767325224,0.040135684194911064,0.13284398515395177
2021-05-11,1.5808781059866703e+22,-8.091914736932651,0.047100741061578,0.12834219378453085
2021-05-12,5.488786521636545e+21,-7.904944988773539,0.06031834247187109,0.0978372275857834
2021-05-13,1.5306548963203965e+22,-8.063632497528173,0.05884572165544813,0.09080919928195125
2021-05-14,1.0088597801281836e+22,-7.98937564511431,0.05260322331508842,0.07550120180300847
2021-05-17,1.6284461611631642e+22,-8.062647499360235,0.05613134693201859,0.07509480442464767
2021-05-18,2.6163394425366273e+22,-8.144015843248127,0.060094171902555914,0.0704933412767699
2021-05-19,1.1197712662108981e+24,-8.77011924122468,0.06350685747139075,0.06929434573015875
2021-05-20,5.53890733485519e+23,-8.653710440012246,0.05663139882008527,0.07872755989553498
2021-05-21,2.3775223351485006e+21,-7.735459300025939,0.05833428198837106,0.09311944728839176
2021-05-24,1.1001696966907065e+24,-8.77318723704745,0.05037694361622366,0.08820241106778727
2021-05-25,9.688431011740454e+19,-7.199415999562736,0.05436232635738421,0.0878397377426282
2021-05-26,1.7067287731282195e+20,-7.2966277979690135,0.05273701446591778,0.08968880200188413
2021-05-27,2.8143906938780795e+19,-6.996463376042271,0.051966823744217246,0.09017095613289787
2021-05-28,3.1529054160524804e+20,-7.4101795858048725,0.048508754571484944,0.09019986988197913
2021-06-01,7.743297840387023e+17,-6.402447434840187,0.04926656189099375,0.08993923298033957
2021-06-02,5.165470447847631e+20,-7.499961238698496,0.04621795976358371,0.08992698899553812
2021-06-03,5.041658358464563e+18,-6.724878653487449,0.0475618560143124,0.08937461662259477
2021-06-04,8.307050522798221e+17,-6.42111675166555,0.0448988349296954,0.08784463388312484
2021-06-07,102765397207007.38,-4.906479870568426,0.04781120146470018,0.0882090835704747
2021-06-08,8.9286647130133e+19,-7.205699797725227,0.04459502283618022,0.08839245884832811
2021-06-09,4.065866985672085e+24,-9.01683724810059,0.0409774396752349,0.09446127824967711
2021-06-10,2.009603593805787e+29,-10.83123025546892,0.03747963209304544,0.09955375500720176
2021-06-11,3.4751473739360404e+29,-10.920160743337096,0.03733625507123228,0.09981372436969736
2021-06-14,3.457394446070963e+27,-10.149410562600707,0.03643373401495251,0.10137374285682893
2021-06-15,3.734304946780378e+32,-12.093172436116085,0.035774912902714916,0.1006666586920163
2021-06-16,2.2990903267652618e+32,-12.012622835752278,0.038357492680596995,0.09890268856656963
2021-06-17,1.4445736801466646e+29,-10.772816346111059,0.0399922889857049,0.10436860642810067
2021-06-18,3.338393312007792e+34,-12.851174667775037,0.044962136402301435,0.10688429549583235
2021-06-21,1.6918290466585655e+33,-12.344821918128819,0.03860093626985276,0.10690753819632606
2021-06-22,2.059453843380062e+25,-9.284712238430075,0.039075363244346455,0.10873311465289115
2021-06-23,3.09764472602467e+40,-15.139056534492536,0.036881909672117144,0.10834091641617805
2021-06-24,1.9649070895011797e+51,-19.3101504292725,0.030332159076369165,0.11171824587311173
2021-06-25,3.72760109904058e+56,-21.34303545403686,0.027515543064041116,0.11154791790293737
2021-06-28,3.377923087162835e+51,-19.39471966561685,0.028058552790725298,0.11369770759020767
2021-06-29,1.1148050789191946e+43,-16.122724566492884,0.03009646106749209,0.11383522928828255
2021-06-30,9.679413156641045e+67,-25.744914126459108,0.023005263437859552,0.11426589932619437
2021-07-01,6.91000830454392e+85,-32.63079300147354,0.016183335891784657,0.11530201628633903
2021-07-02,6.431719501546482e+78,-29.912450243510133,0.014413404957632225,0.11296502635634839
2021-07-06,2.3095525314100385e+62,-23.563889485445593,0.01979716684219626,0.11578209789944448
2021-07-07,1.1558883518510573e+70,-26.524975737556197,0.017013302025866952,0.11716009218143845
2021-07-08,1.0156861513300429e+64,-24.18485844485013,0.023503687237976658,0.11414474528177293
2021-07-09,5.138377674858082e+50,-19.052019033248072,0.0228930669643576,0.10868272825107199
2021-07-12,2.430814822529356e+37,-13.912213188597962,0.02693415651941589,0.1083089869698428
2021-07-13,8.109245239893741e+32,-12.184307972298157,0.03068472820050628,0.10729090049870818
2021-07-14,2.6681737047671164e+28,-10.455802360577664,0.032328250060737855,0.10743225371388504
2021-07-15,5.090467655666437e+28,-10.566758738970016,0.032926985533515245,0.10645249184836181
2021-07-16,9.892581112401243e+22,-8.367147868906127,0.03794161491026904,0.10093816730881094
2021-07-19,2747182765045379.0,-5.45534434696993,0.04510711623501484,0.07980897715273357
2021-07-20,957973.85188204,-1.810729124959442,0.045265123883272404,0.0732369087521062
2021-07-21,85791.05923848017,-1.4014774723925818,0.04635244855507839,0.0813437846031604
2021-07-22,3849470.297136635,-2.0271576725527805,0.04812636634724773,0.08122792378400862
2021-07-23,2929560031735.818,-4.28590664687871,0.04399046836089343,0.07790295730144903
2021-07-26,4110078.248292347,-2.0303634700768822,0.048502648662211906,0.0831584046995796
2021-07-27,10482465.137321463,-2.189260543729095,0.04819442100330996,0.08082167323536879
2021-07-28,1122331.3060853584,-1.813125117419026,0.04971193706808532,0.08072704642580639
2021-07-29,7134088312488.971,-4.438579064613787,0.04234720338487861,0.0836088713970332
2021-07-30,1.161707253307135e+17,-6.050979609135076,0.04322053542488833,0.08584987862760701
2021-08-02,17985485314506.617,-4.585327628191522,0.04586058103833257,0.08550885878656636
2021-08-03,14807656791004.842,-4.555601218975322,0.04316420662414554,0.0826293305898459
2021-08-04,2547249789.859235,-3.1076710585503573,0.04653594813577423,0.07949908184349982
2021-08-05,1031123.5023378251,-1.8039792780881212,0.04736465788633964,0.07767556217856163
2021-08-06,0.16202473398917233,0.8090531103625451,0.05125628345173912,0.07784540983546072
2021-08-09,8.853234535766637e-06,2.4419591713500717,0.05262017532796398,0.07939158071704844
2021-08-10,1.0124578791689006e-07,3.1795481537950625,0.051416354268733436,0.07978975973061016
2021-08-11,0.00020001233390723873,1.910806040403204,0.048572419046961385,0.08163182350341704
2021-08-12,4.317620961716394e-07,2.931237183107865,0.049604382299244035,0.08640442343535917
2021-08-13,6.822186928637851e-07,2.8548816046113816,0.049612942504809986,0.08664552838235563
2021-08-16,2.9455281403838995e-11,4.52545784447741,0.051646405386841975,0.08830450491611888
2021-08-17,3.672183078289995e-06,2.571378362598283,0.04793430921098291,0.09010367785922169
2021-08-18,5.356657855823689e-14,5.577470969742533,0.04968602325493698,0.0798703407887654
2021-08-19,3.325099167612885e-17,6.811949299299446,0.05253753077261271,0.0883414985778834
2021-08-20,3.693629697771225e-15,6.02546645935289,0.05329757225243657,0.10263945396200819
2021-08-23,6.615989335697931e-12,4.7843444633341266,0.0555069728266426,0.09609733795230012
2021-08-24,4.1491501612353486e-13,5.249523843384735,0.0581416895252405,0.103471515827667
2021-08-25,1.3737493198956913e-06,2.7499058483879018,0.053643198283281,0.1130324254607276
2021-08-26,0.009258801523944838,1.2823267794857736,0.05088980748266382,0.1113832124411214
2021-08-27,1.8477399607176707e-05,2.3186326848255487,0.05349709068766471,0.10648919539748142
2021-08-30,1.2812729992636521e-12,5.062309606595182,0.060228723719738364,0.12538229101463721
2021-08-31,6.099514603061516e-10,4.039677208781743,0.05873878284937364,0.1260333456267138
2021-09-01,584.1912334711395,-0.5460030983301466,0.050776535957924925,0.131051418561936
2021-09-02,958445481784.5499,-4.078569371575629,0.04314148894216704,0.13931734043029342
2021-09-03,116051126471.42511,-3.727528078865336,0.04375477803389253,0.14445748951399315
2021-09-07,2.762954421865707e+22,-8.088274910118146,0.03733703825103116,0.15151192250786397
2021-09-08,7.137269774970997e+22,-8.242981667626351,0.03827129503052096,0.1530290861454241
2021-09-09,2.0705621639563967e+27,-9.95062364730083,0.038178741031036884,0.15687630393044477
2021-09-10,9.250851855409411e+24,-9.050096612877422,0.04260245450233895,0.15479239865530742
2021-09-13,7.680660553118732e+32,-12.069471837046075,0.04185330764125521,0.15597551228315146
2021-09-14,1.8957654654132134e+29,-10.691878545089642,0.044995463357664744,0.15526678456674486
2021-09-15,2.6884310909636154e+22,-8.07280429856677,0.04288118428498548,0.1523669744733489
2021-09-16,2.5771335714982226e+20,-7.298285229030103,0.04478408372485053,0.16513912482013515
2021-09-17,4.641799002673805e+28,-10.452864140704413,0.048231315398748996,0.16349780518371262
2021-09-20,1.2272455320228438e+25,-9.081828150536767,0.058686954203877525,0.15024624778034334
2021-09-21,3.1192964137349907e+25,-9.231184405575615,0.06136848071996549,0.15150719479142602
2021-09-22,1.6949649344034122e+27,-9.895961205640024,0.05519105127905874,0.14893458174726779
2021-09-23,1.7784770091881593e+41,-15.246407377794236,0.04885407595689338,0.1438340455506851
2021-09-24,2.659010017576485e+53,-19.890793596589873,0.04804164658184665,0.14402916941023278
2021-09-27,4.628389277945734e+55,-20.748275933557167,0.05039709269133496,0.14403643560425397
2021-09-28,4.429299041352699e+54,-20.359542534400806,0.07768268547504763,0.11895515654822926
2021-09-29,1.1549622568510193e+57,-21.274594677725236,0.0797401592632572,0.12147206021748205
2021-09-30,2.862310323385914e+55,-20.662789411653883,0.10209353916214085,0.11126502137195836
2021-10-01,4.166950661055127e+56,-21.10585906820144,0.08019602356572893,0.1066472965801067
2021-10-04,1.6602010025070266e+57,-21.33499811802462,0.10768285460614017,0.08912519374928442
2021-10-05,2.1337880536678442e+61,-22.90136557617671,0.08972736470837259,0.08546265665298027
2021-10-06,1.60294389863379e+64,-23.998162458335692,0.08342933104660603,0.08601755171832424
2021-10-07,7.403460778113664e+66,-25.013586923921007,0.06866919865093944,0.0839216456410404
2021-10-08,2.1281483697639034e+69,-25.950398546873263,0.07356579444175261,0.08186195982705248
2021-10-11,4.5446139610218065e+67,-25.315292433750766,0.08703309820837914,0.07237431006517324
2021-10-12,3.290233933313119e+64,-24.11613725721287,0.09071562127184776,0.07339963212062742
2021-10-13,2.8625582118684493e+58,-21.803892189723918,0.07892152491789728,0.08456841024984625
2021-10-14,2.3750336838329533e+55,-20.628504260132637,0.05361941514217048,0.06825479999354235
2021-10-15,1.3256670320257263e+64,-23.963894776011912,0.04552451834556869,0.06818575926424726
2021-10-18,6.98561662890652e+60,-22.711073714769018,0.04314357824034409,0.06850500587026152
2021-10-19,5.516128280769269e+61,-23.05225220881269,0.036052652644551375,0.06577645445022079
2021-10-20,1.2640422294073557e+58,-21.659280239608627,0.034497919071777745,0.06720053751946761
2021-10-21,1.3960810872084677e+61,-22.813365423720033,0.03313465158073193,0.06739707315361546
2021-10-22,4.612605289818304e+60,-22.628731525818253,0.03431703973358591,0.06786116821851253
2021-10-25,5.181175375468657e+64,-24.17770279819959,0.028490971720059054,0.06824610407253658
2021-10-26,9.899962238329339e+61,-23.134394159256672,0.029657667672848928,0.0682295521712637
2021-10-27,1.7192576818088703e+65,-24.37451156942026,0.031382981275342905,0.06484690255451929
2021-10-28,7.4409411555293265e+59,-22.324638544178708,0.026740738301234086,0.10235294032329409
2021-10-29,2.4028992544678567e+52,-19.461714478943673,0.028847909425256106,0.11093011574190523
2021-11-01,1.6492775567090281e+53,-19.778123679874827,0.02801307463987618,0.13195690864660645
2021-11-02,1.8856884033058808e+55,-20.559109290738636,0.025652275566994207,0.13601724882815389
2021-11-03,2.3264508665831694e+52,-19.443281588770162,0.024520093605152917,0.14601617556850077
2021-11-04,1.7130739248516047e+46,-17.098259493121542,0.025780999868893227,0.14709760260443297
2021-11-05,1.1206880056478073e+41,-15.116808887750468,0.027448036599502183,0.15360498867765932
2021-11-08,8.073534432113923e+37,-13.914107856970187,0.029536940270898066,0.17156877958192898
2021-11-09,1.442505353497157e+42,-15.536328546736742,0.028617532892146358,0.171378652781431
2021-11-10,9.909448879674827e+38,-14.32977126614833,0.03435976143166963,0.17060175546030887
2021-11-11,3.543778184068935e+32,-11.870532600288879,0.03787474307491592,0.17361800935027422
2021-11-12,6.9044294085740185e+40,-15.032781270518853,0.029448588480978668,0.1748988057125895
2021-11-15,2.0712843324992728e+36,-13.306601998423833,0.032051474793269655,0.17655311434853874
2021-11-16,3.507747644612711e+41,-15.306001452492533,0.02645605537556619,0.18492644798388375
2021-11-17,2.4387052788439818e+39,-14.479087573682975,0.0293660458133368,0.18750060951225223
2021-11-18,3.934018500847476e+38,-14.174672654245601,0.028701516726815823,0.19058657380867203
2021-11-19,7.472214857160874e+36,-13.51859537344699,0.030417550271684957,0.19373939700387563
2021-11-22,3.1657304365315706e+36,-13.378839751128043,0.0314266657973542,0.20489913054172654
2021-11-23,2.957232779590519e+35,-12.986245781158548,0.031425635478714894,0.2080735552800266
2021-11-24,2.1424867651684184e+36,-13.312601614616453,0.030060682372328985,0.20902358330330792
2021-11-26,4.735824460495972e+35,-13.056921243185295,0.043289210494220506,0.19591720459989007
2021-11-29,1.6395065561312325e+30,-10.970923722891982,0.040622973240111035,0.19246676848849498
2021-11-30,2.80477474651474e+28,-10.286826717572193,0.05551936188233929,0.17559308669182536
2021-12-01,2.132509891631758e+25,-9.093965662835974,0.06510947458597398,0.16932348696910285
2021-12-02,7.400342877484584e+24,-8.912475941703857,0.058252375943965,0.16391093737188236
2021-12-03,8.875046121966587e+24,-8.938878795350217,0.0649269849349057,0.15925930104932115
2021-12-06,1.2746047291878836e+24,-8.6172272549067,0.05838279467115006,0.15596040239532288
2021-12-07,2.7263711171837387e+24,-8.738041643574944,0.04915750986141942,0.1581155011248641
2021-12-08,8.742551403192736e+22,-8.16493801565696,0.05037374383943921,0.1578880893653262
2021-12-09,7.200113639613577e+22,-8.134641974617498,0.053077100417450916,0.15659613547592274
2021-12-10,1.486169000102614e+22,-7.868595515657131,0.05086342033670356,0.15279190165878567
2021-12-13,1.5312873994269236e+20,-7.111738926717705,0.056666695721230106,0.15282112709395998
2021-12-14,7.830570335348694e+16,-5.86032557933209,0.06151030477091355,0.15042081603698068
2021-12-15,1.6644888637222863e+20,-7.118623712195597,0.05508566230918631,0.14897823873255
2021-12-16,7.611429381064001e+17,-6.22627310258793,0.0616597702816428,0.14565594431313766
2021-12-17,828738773676242.2,-5.0994790901241425,0.06795676023604255,0.15458217313576808
2021-12-20,2324532442680365.5,-5.263612239218962,0.0752249670976469,0.1543612195473305
2021-12-21,4990136168565573.0,-5.3853337992603505,0.0690034477509582,0.14332220895196787
2021-12-22,42794553883379.16,-4.599853033248796,0.06635314635343825,0.149792388235564
2021-12-23,4.819078272561916e+16,-5.753055571610143,0.06389312731000149,0.14829719898975202
2021-12-27,270806273509976.03,-4.898799667299334,0.06034451907162475,0.13620921056083127
2021-12-28,9633579760.240356,-3.2074655845580433,0.06623510384782817,0.13570101897904105
2021-12-29,1184422704683.1794,-4.007286467688355,0.06110077665699143,0.13379976405562738
2021-12-30,14091114179975.602,-4.419715364531497,0.059370387707642955,0.17022524657454655
2021-12-31,7506663979670058.0,-5.4537021004076935,0.058153283542085064,0.18670292181821802
2022-01-03,4890588560421020.0,-5.384868886401857,0.05558772286950771,0.18731215057186038
2022-01-04,2.536293521249943e+19,-6.788800595883052,0.05434361043813246,0.19225901744064686
2022-01-05,2.0402453191770622e+26,-9.41324692504538,0.05805673726010252,0.19803105896053372
2022-01-06,2.220057190909351e+27,-9.797577132964086,0.06141656690500931,0.19957708899644083
2022-01-07,1.0248822170473916e+36,-13.081864746258352,0.06170798093327357,0.19950224997054714
2022-01-10,1.8871487182474467e+32,-11.668046180714443,0.06298596776090609,0.2028012804117005
2022-01-11,4.131587779585553e+33,-12.178805975282776,0.054692349835200646,0.20748191932961477
2022-01-12,4.945137460932077e+38,-14.097119686425124,0.052650050150282804,0.21516467543045686
2022-01-13,1.5123649333910888e+39,-14.281656711395968,0.06461864141464373,0.22045679577384814
2022-01-14,4.1622139817835355e+38,-14.063976635910382,0.06643421057381774,0.22016416811555112
2022-01-18,9.61652305673589e+43,-16.098477567238167,0.08788238914549348,0.22232204565583508
2022-01-19,6.439852052125181e+53,-19.80884683632428,0.12319795227251547,0.21968847104510272
2022-01-20,7.453816165866323e+57,-21.344574001777865,0.16742105592274864,0.22928688761727575
2022-01-21,2.170366456851209e+69,-25.677594360956167,0.3504601672979346,0.21951940643989173
2022-01-24,7.68993052815149e+74,-27.775499821977153,0.35701614169139284,0.22175094070525747
2022-01-25,5.695391085426171e+58,-21.67344290233178,0.3297765977682349,0.22632677018210082
2022-01-26,2.8181365057800063e+59,-21.933760579733747,0.36104611414810456,0.23361093610018085
2022-01-27,5.775142526103077e+45,-16.75233900369164,0.27466896799953505,0.24598670382770196
2022-01-28,6.169254112622001e+38,-14.114159760637438,0.15505537553823628,0.22949094120662114
2022-01-31,8.06027583464422e+41,-15.293443192803501,0.12317301247204303,0.2242758756096785
2022-02-01,5.918668573862333e+43,-15.998751107822025,0.11304968830824318,0.23389864646065442
2022-02-02,2.0090915919955395e+43,-15.820692527597902,0.095906444983298,0.23021639011924067
2022-02-03,2.5448783228776784e+42,-15.47529865337388,0.14614629750998154,0.21730473991854016
2022-02-04,1.0925572391614498e+43,-15.710611925136899,0.13993335701888815,0.2377022655261089
2022-02-07,6.0166662549591136e+41,-15.236866848866372,0.14251170778509922,0.2381751913261862
2022-02-08,2.9557995274720554e+39,-14.356715527593064,0.12621723357199768,0.25814826266125246
2022-02-09,2.2600868020485128e+39,-14.313696891069224,0.10023546571409347,0.250033562223005
2022-02-10,1.6055349018240277e+38,-13.869185409337792,0.1383301762382607,0.24662634307856762
2022-02-11,2.5681726210880473e+38,-13.943048357650621,0.19059587328170022,0.23936533321986156
2022-02-14,7.752501121291025e+38,-14.120800621804989,0.20700403349340726,0.2546183749792396
2022-02-15,5.886051493521237e+34,-12.561065645315331,0.15282909857549853,0.2608180515973473
2022-02-16,2.2152574505627703e+34,-12.396380332796232,0.15326344554918744,0.26520096599533044
2022-02-17,7.55733981814355e+29,-10.706138644579669,0.18380145577980497,0.256043641275046
2022-02-18,6.803171790290167e+29,-10.682440206495206,0.20588625640537395,0.254577003966814
2022-02-22,2.072894476492051e+27,-9.727331778959666,0.22022934303072633,0.25287725452115556
2022-02-23,4.773476243597734e+28,-10.248632584408508,0.2711248487929012,0.24817769476304682
2022-02-24,3.005626989861503e+29,-10.552912773902708,0.23239041781836206,0.2481940929246381
2022-02-25,5.989358469365838e+29,-10.67032638442384,0.17742823826610712,0.23793467932046414
2022-02-28,7.149320004338397e+30,-11.079266706533222,0.18603744924412163,0.23803621368595146
2022-03-01,9.386117640757148e+27,-9.990651844577696,0.20303440169930412,0.2309491268975543
2022-03-02,3.7734834808131066e+28,-10.219924685553943,0.1678921953549185,0.2268018042606889
2022-03-03,1.6943489398550526e+29,-10.468034218742885,0.17909537294908348,0.23434457508009832
2022-03-04,2.5835743524226823e+28,-10.163077676552623,0.1874853049083971,0.23128426244114839
2022-03-07,1.9872523771019321e+27,-9.738768404829974,0.254762836487699,0.1976152201931183
2022-03-08,2.0770959262632894e+29,-10.504510216364183,0.29818254426646057,0.20250374129361534
2022-03-09,4.882399808100984e+27,-9.889138835216297,0.20740829896167737,0.19030224051357972
2022-03-10,3.9637499008942565e+29,-10.615905839590825,0.22674000681785114,0.18874430422630395
2022-03-11,1.0546018624882968e+28,-10.0206596524257,0.2463259036730857,0.18089452929592736
2022-03-14,5.32925045748455e+28,-10.291475088894861,0.2675975171571495,0.19172913925115284
2022-03-15,1.1683567231047125e+28,-10.044619983574652,0.2016487809982251,0.17930173741258865
2022-03-16,3.070866123276515e+29,-10.586472948008234,0.15951398858438345,0.16688730250075748
2022-03-17,5.31323772496099e+30,-11.05837491211075,0.13878371232667006,0.16778610232665106
2022-03-18,2.2908012713372215e+31,-11.302534333325859,0.1200240784680186,0.16262556595797262
2022-03-21,1.4655180401511911e+32,-11.610977190711408,0.1195494540064158,0.17318159606307892
2022-03-22,2.9131637514366225e+32,-11.73491064785124,0.09691826763481408,0.1677098016792137
2022-03-23,4.074309132875541e+34,-12.554941984539946,0.11289530418949002,0.16992761101249249
2022-03-24,6.713434983065483e+31,-11.48875612398185,0.096658313800608,0.18498844650673688
2022-03-25,7.902204273605949e+29,-10.748913292943383,0.09478737651484517,0.18551527961489542
2022-03-28,3.941423754315527e+29,-10.633968456649768,0.0873689355391703,0.20412445261005036
2022-03-29,4.929785352111697e+28,-10.288386198869143,0.07741582849440738,0.19635952893169725
2022-03-30,1.0011052666520645e+29,-10.404764536508399,0.08315610583819787,0.22321350479759267
2022-03-31,6.362652906692829e+21,-7.653120085615793,0.10937806682242522,0.2511314771335564
2022-04-01,1.0252247244200897e+25,-8.877807964577187,0.10281346577620842,0.25262258978813457
2022-04-04,7.12145395159431e+21,-7.671015954224885,0.09954074504970148,0.2503095062725201
2022-04-05,7.717061099356392e+20,-7.301419726715684,0.11294663015565326,0.276560594867543
2022-04-06,1.7468853670366816e+16,-5.523317068131268,0.1297066445261382,0.3005538532031968
2022-04-07,7.045544528628243e+16,-5.75463185907607,0.12487282669414329,0.29879965626410243
2022-04-08,492684769786374.94,-4.931414489440642,0.12926118504390746,0.3149441136533823
2022-04-11,4.630214090226098e+18,-6.452877487979006,0.13918894249719976,0.31320472144354145
2022-04-12,10589378618.05826,-3.1455005447455315,0.1488910764212497,0.3156359140108111
2022-04-13,5364359193925.82,-4.182836719446805,0.13688817790504237,0.3098528113381636
2022-04-14,31124777684106.43,-4.474593794401003,0.14606526582900564,0.32606816776358233
2022-04-18,68016264155292.02,-4.60411096760899,0.14590494228568235,0.3255973246800122
2022-04-19,30831655569211.484,-4.4840641230633915,0.12489127466119188,0.32957627760591157
2022-04-20,113276145262964.28,-4.696014330576108,0.12801572106684164,0.3540778929316257
2022-04-21,5365170897400384.0,-5.343243921349086,0.13360505335404296,0.3525698925052616
2022-04-22,4.923000111346899e+16,-5.705217380347648,0.16672711022338654,0.34339325707403684
2022-04-25,9.093806621244198e+17,-6.183571682113198,0.16755228481194065,0.3513356996947144
2022-04-26,1431618406084339.8,-5.117930072945028,0.18988322330811272,0.33860588576990625
2022-04-27,1.1506394859827706e+17,-5.844336588333674,0.19501668514341292,0.3405693685314621
2022-04-28,847782960367.7164,-3.888474808590134,0.152307771420992,0.33551904955631057
2022-04-29,785072981670797.9,-5.019852475700301,0.19860481473041616,0.3216554447445478
2022-05-02,5.049161222189245e+19,-6.856320350752183,0.21266319034879969,0.3216151767749231
2022-05-03,2.5728191362986508e+16,-5.599287539138827,0.19138784148256907,0.3222790015618912
2022-05-04,3983372369778.406,-4.143677995565555,0.15233081965492576,0.3103597709364554
2022-05-05,1175184544137767.5,-5.085003773917371,0.19624576983046838,0.2881782479354937
2022-05-06,1.5828963185370224e+17,-5.897281923645201,0.21576999082430204,0.28763666126403875
2022-05-09,2.7040739804989002e+17,-5.991199637992614,0.2642969458493471,0.2620367250022253
2022-05-10,1.5307796569189505e+21,-7.426852504094582,0.29388343395705835,0.26611950599718287
2022-05-11,11691026405996.645,-4.324827374821716,0.24117835877208293,0.27455358814687236
2022-05-12,48889779645323.5,-4.564029521897977,0.24628962470388321,0.2951913416138135
2022-05-13,1542.5918036783748,-0.5463980512341433,0.15799247628826665,0.3106328066058701
2022-05-16,2889931.295081724,-1.799846775147049,0.17474070492510083,0.3106271443306634
2022-05-17,23848.250577588908,-1.0037991445129664,0.15616837509156653,0.30506464094226354
2022-05-18,613223.4010876408,-1.5426569738056632,0.1799523574180171,0.2938207991718377
2022-05-19,38843095.62123831,-2.2310238099017154,0.19813313748680272,0.29424092872778085
2022-05-20,644955.8355055507,-1.5521246041001093,0.18158106113844538,0.3102628861512695
2022-05-23,0.04466659781347884,1.1806683543373482,0.13036266941443944,0.3009365999290478
2022-05-24,0.6694043665284674,0.7355056993823843,0.1398202468958368,0.3034720932126176
2022-05-25,0.6480082886837518,0.7388978624361183,0.13778032820892225,0.32376201015456724
2022-05-26,0.7629969478264531,0.7095472021450631,0.13553444398323,0.3146588665221339
2022-05-27,5.680254396006454,0.3788218741162938,0.13893845743667152,0.3054061809081292
2022-05-31,44.45972237909667,0.03883561782327189,0.14346014581435107,0.30557223199955014
2022-06-01,49.27698640802956,0.01689770548183629,0.14060976798473715,0.3055788609736907
2022-06-02,49.088304907733104,0.017685350557890854,0.13814660388499664,0.29869356782412154
2022-06-03,51.02588545292579,0.010228284250912758,0.1396056920040716,0.29583351258713925
2022-06-06,81.06646038089244,-0.06336963547243586,0.14255331797632576,0.29593140949141983
2022-06-07,16.756182609920263,0.19537308496713426,0.13686679955389935,0.29959207381455655
2022-06-08,20.933937608562072,0.1589825694242692,0.13884787638746035,0.2982373863615876
2022-06-09,11.117559861233673,0.2625233588240798,0.1391833073993517,0.2894410556328749
2022-06-10,41.500991138983906,0.04298210309482288,0.14505371343230855,0.2722814740011004
2022-06-13,786.9002860269618,-0.44567185254193226,0.1619523122027626,0.2339496855907656
2022-06-14,87144.44268906499,-1.228125201661401,0.18252971961912584,0.23383454988284824
2022-06-15,0.9088403279073474,0.6924334719586638,0.148829988140582,0.23803510950077553
2022-06-16,7.4082641431340335,0.3423862659379219,0.15819803063854082,0.20360491660740104
2022-06-17,905.5314092550898,-0.45837042717365173,0.1781915771226699,0.22125415623713643
2022-06-21,3.8366105574827385,0.44889487628553926,0.15049666037479173,0.20681986211831074
2022-06-22,34.59415744385523,0.08532668913753035,0.16050045811668406,0.2078137608467615
2022-06-23,0.20811753404714795,0.9368578768361211,0.14353313304395085,0.21079135807692476
2022-06-24,0.6057686714420594,0.7572336564168974,0.14408864594109308,0.1806031003891357
2022-06-27,3.9427376968629395,0.4478772200866105,0.1507608919685122,0.18549486066612753
2022-06-28,6.284261815406531,0.3655195197737046,0.1496201741442938,0.18891493951589752
2022-06-29,0.9349217265851115,0.6904203656238749,0.15095646556174505,0.1915847401584487
2022-06-30,0.004057120616605377,1.5963710685314711,0.13541244127940427,0.19051511810397362
2022-07-01,0.009957408523855068,1.444690335720861,0.13681939102474264,0.1907870662587187
2022-07-05,0.021229641722519756,1.3179098987159439,0.13828093927720309,0.19423516865887586
2022-07-06,0.00014275738272916534,2.155768324067657,0.130301662519463,0.1990325560802332
2022-07-07,2.2750664053202284e-07,3.2398715808462266,0.1284095047021743,0.19529966124299442
2022-07-08,4.0032079831972425e-06,2.758165068883207,0.1307506517581227,0.19555744118232685
2022-07-11,7.729712789372896e-09,3.805929669771323,0.11975731268997078,0.18865782213808008
2022-07-12,1.5274045023788963e-08,3.6922262817148397,0.1181239249555453,0.18511617434995276
2022-07-13,3.2380763196287125e-08,3.565808504371565,0.11731357558644281,0.1910944974059664
2022-07-14,4.0383745626820294e-14,5.863773415563027,0.10826698740298502,0.1900057851373167
2022-07-15,7.504081266661214e-15,6.1438916948125595,0.11525078568416353,0.18811181752134773
2022-07-18,5.9157489759462956e-21,8.524502074486147,0.10813047348740151,0.18136987833523585
2022-07-19,9.43589207875263e-22,8.835371936409112,0.1328120209203453,0.16404088414908907
2022-07-20,1.321503873078687e-19,8.004573900997734,0.1420602893108471,0.16898436447034082
2022-07-21,1.519774397478136e-21,8.759901320657587,0.15549516991420206,0.16737959877875253
2022-07-22,3.203161000788506e-20,8.244174561247165,0.1433245391511589,0.1722571728971889
2022-07-25,1.4251187540704685e-22,9.162421366282176,0.14893664298096973,0.19274837198091704
2022-07-26,2.9653989234067522e-21,8.642486041692734,0.1296699847442804,0.18638315629232363
2022-07-27,6.143575036073467e-19,7.740240161971773,0.15328372351472386,0.16557503616323982
2022-07-28,9.491252855087496e-20,8.060759017553375,0.17374161514801084,0.16701959596421664
2022-07-29,9.49645652068237e-22,8.841909671996861,0.20411378968609922,0.2033967219273281
2022-08-01,2.2842605710296395e-20,8.303104490818862,0.1925968264486116,0.204325325866425
2022-08-02,9.725128506519317e-15,6.107262767659266,0.16166673778185056,0.20652755510114593
2022-08-03,4.950951085759071e-15,6.221639328163658,0.17649281850360066,0.19778241802523627
2022-08-04,1.026289786512091e-13,5.707546179007982,0.16891571033845765,0.1986778581020846
2022-08-05,2.43472836815739e-08,3.6129487205848596,0.14632180584762425,0.20088581238439202
2022-08-08,0.00012870243671256999,2.1584210618527857,0.13011642445960012,0.20084602344018002
2022-08-09,1.0759369762163378,0.63356988324098,0.12077115642323902,0.21358359456669632
2022-08-10,7.702693778134212,0.2961720087112103,0.11373552331014718,0.1991987937981153
2022-08-11,0.08624879728258739,1.059266643545103,0.12300227878777023,0.20893116661317154
2022-08-12,0.23098516772302466,0.890106340616828,0.11938106757646416,0.20283889787508866
2022-08-15,0.2662725928855478,0.863592947207552,0.11729410902613145,0.2511727023905886
2022-08-16,7.978499706022911,0.2886896159329259,0.11082846125024134,0.2518746729198129
2022-08-17,187499.29213683747,-1.4047833516293051,0.10032745907176992,0.2529810316500075
2022-08-18,35785.673183956154,-1.1275447792300495,0.10057149053216893,0.25167012309478304
2022-08-19,983479.0239795415,-1.6886233174827292,0.09848052849015558,0.2534227490195534
2022-08-22,33053.92359476326,-1.114733792812909,0.10793601856917255,0.24708559650915685
2022-08-23,679.7532364350932,-0.4595403036257351,0.11156740866328889,0.25205714859274964
2022-08-24,15870.711422271354,-0.9971516598541087,0.10444821051377731,0.2508941845250624
2022-08-25,46046.06158836934,-1.1783209315131233,0.09958257473401336,0.24403413395498666
2022-08-26,13242.036579833977,-0.966626042120931,0.10886713991104073,0.22105568782701288
2022-08-29,552.4973258722158,-0.4294471012676419,0.11229525779388061,0.22116097076155156
2022-08-30,4475.38550308188,-0.784750800521909,0.11213504531477003,0.23600892703958132
2022-08-31,1010.3665818285834,-0.5302646680653821,0.1160196284727764,0.2439314730747398
2022-09-01,1732.3463155356453,-0.6219473486694018,0.11492815980194711,0.2456422424666995
2022-09-02,4250.655929447652,-0.7770942546867009,0.11448895691900317,0.26801799203791465
2022-09-06,37253.37179957697,-1.1455900897128108,0.11413807875149329,0.29343250967743184
2022-09-07,50112.0355846896,-1.20163023945959,0.10596692026131557,0.2844672768338674
2022-09-08,15668.77478490453,-1.0077480109089627,0.10335230391057107,0.28371004451400167
2022-09-09,328435.5259118023,-1.518031426295534,0.10049893218795847,0.2878368524621166
2022-09-12,25228.843904889243,-1.0847300794266235,0.09974811956757565,0.2814506136410666
2022-09-13,143.4571764625275,-0.21646264974272142,0.10653779245716812,0.24301490556077485
2022-09-14,3039.453998605308,-0.721634806872811,0.11251971426915172,0.24109042415825555
2022-09-15,2.063003471555706,0.5018072174814822,0.1082927499569524,0.2632446844925458
2022-09-16,1237.232415950088,-0.5698327432968785,0.11604744512840844,0.27237818013432397
2022-09-19,428.2807835821918,-0.3917674401271772,0.11379325553645894,0.2889467246783302
2022-09-20,1.1090070498632763,0.6069702729910895,0.10893463129141975,0.2914568732489121
2022-09-21,8.664358373848765,0.26408118439153,0.11386485890639426,0.286208185380284
2022-09-22,10.166114876571271,0.2366961553503165,0.1144447524234322,0.28620322677082277
2022-09-23,54324.72048231369,-1.2016392603393082,0.13515043492906162,0.2931807649631447
2022-09-26,1299898.0102506517,-1.734170059884226,0.14655468514145897,0.29288399033346135
2022-09-27,904711.4657514277,-1.6735079865318157,0.1464600208659326,0.2963823178393393
2022-09-28,48764.95097138965,-1.181151357395394,0.13472865532839023,0.29179810029889675
2022-09-29,43032682.95287691,-2.318620139384884,0.16097004990285263,0.28073652497462936
2022-09-30,309691921.5909719,-2.6503515683704366,0.17628247190832844,0.2819743282842759
2022-10-03,46297748310.949455,-3.4860494654312713,0.1793155548551198,0.2724642441135844
2022-10-04,1634644195722.1577,-4.085208775101894,0.16214423105396233,0.2524753289866731
2022-10-05,67902154691295.4,-4.710214301059926,0.17215672480054672,0.26909539308758884
2022-10-06,9192537179783.654,-4.375646224491881,0.17655451954130422,0.2690858194308745
2022-10-07,272793666849337.03,-4.942795180480628,0.2213854264300807,0.25225153742928585
2022-10-10,864802847093386.8,-5.136284328705344,0.23731573111913348,0.25104079999082934
2022-10-11,96908135735775.95,-4.768584976235512,0.23613991049593516,0.24887824305153655
2022-10-12,738139069120.7618,-3.9514931602200836,0.2147530327041378,0.2624195024448404
2022-10-13,3230575252.182331,-3.038801630015853,0.17303919879005772,0.30914763850288535
2022-10-14,60797213937.22224,-3.5322106862154365,0.2010604735882882,0.29286713650836094
2022-10-17,404392676174.39246,-3.8503566884523917,0.18488556737363965,0.28689154806331923
2022-10-18,3116295665893.199,-4.1874325353398225,0.18614907115050594,0.2859392841863176
2022-10-19,2863679161498.3564,-4.174260539173105,0.19173691776745383,0.286216106561347
2022-10-20,921348512339.5577,-3.9873173541897846,0.19249572373648383,0.2838720626683453
2022-10-21,665747399323.2651,-3.9347925656173164,0.16803086143609675,0.27371410045409483
2022-10-24,6767983658904.385,-4.326463767799943,0.16014607547449577,0.2723075921027068
2022-10-25,2154554197600.084,-4.130371160551195,0.14919422852266187,0.2707802240921902
2022-10-26,3025657280038.251,-4.186322190527081,0.15657841981578607,0.2688095606303074
2022-10-27,8541633913598.32,-4.364683457312048,0.1588581732560146,0.2674090399018451
2022-10-28,63259926768.45819,-3.530578712095648,0.14426727827444397,0.2637599142062464
2022-10-31,6080303951.456922,-3.1279001043002896,0.15477480420348358,0.26222577610585796
2022-11-01,123581660.37961116,-2.4643676200514872,0.16116782454034356,0.2816914530510987
2022-11-02,25014852.755345702,-2.1945088824591124,0.1741247445649848,0.2616693278233138
2022-11-03,214283763.3918451,-2.557960708189064,0.1826218184044368,0.2568992756409343
2022-11-04,197264560.4704946,-2.5441708371445477,0.17328758592461604,0.2663374516657197
2022-11-07,3175337263.20486,-3.016160137660714,0.16705035613837343,0.27213418757542435
2022-11-08,416628586.0626048,-2.6712743792538434,0.1640311257880182,0.2720574506572306
2022-11-09,1050888.1082264942,-1.6563059723853035,0.17411108627257046,0.25968990993989105
2022-11-10,798034.2723005103,-1.6074786311263143,0.15323273725206082,0.18001012813783737
2022-11-11,23325.343150762248,-1.0012392896016435,0.16010823661741652,0.184115207839334
2022-11-14,340126.51320501283,-1.4569230057684637,0.15908479312261273,0.18300149775210156
2022-11-15,83281990.58029804,-2.3925397098143506,0.1470635472767693,0.18240340359598917
2022-11-16,286060.9367429731,-1.4271860532542915,0.15928725372298128,0.2012102206174629
2022-11-17,3590.6894565682232,-0.6824595409437173,0.16677133776000277,0.20495620471498108
2022-11-18,622659.9787501784,-1.5615025170600452,0.1556831321060194,0.20536505921503198
2022-11-21,82577359140.8901,-3.5686274327899103,0.14090333619859424,0.20554983284678663
2022-11-22,521130543576.3224,-3.8831324860036402,0.12898863792812873,0.20703355616881333
2022-11-23,541343929982.935,-3.8892287812070436,0.12531443911807807,0.20968521175767849
2022-11-25,1034438918429.8617,-3.9995128178553303,0.12436735883006961,0.21161742738154216
2022-11-28,2.7785435832790858e+17,-6.127455140639146,0.11870598051729607,0.20538257402099305
2022-11-29,1.8332282852287256e+16,-5.664746216706609,0.12341577029064307,0.20897674424056042
2022-11-30,2.9998808594480096e+17,-6.1408659433115975,0.09601592539886628,0.1850914963217737
2022-12-01,2.089855337764004e+16,-5.687063779396407,0.10065499646761822,0.1849283670167497
2022-12-02,3.6363230424023033e+20,-7.348831087500256,0.087930639390638,0.18485780418893621
2022-12-05,6.011608854020908e+24,-9.003052229220733,0.09083938046193718,0.17960424279627507
2022-12-06,3.870026171264746e+23,-8.536243543334395,0.10767064659145373,0.1770526736482394
2022-12-07,1.3779535098472e+27,-9.927023559097716,0.10244013978003104,0.19696172236324708
2022-12-08,9.529593082212421e+27,-10.257129366749938,0.09170412200497186,0.1945522344428584
2022-12-09,2.065104180465087e+28,-10.38934307967677,0.09875245837602835,0.194771865647606
2022-12-12,1.1036152759448326e+28,-10.28249700769165,0.08459524147698298,0.1931484087999105
2022-12-13,1.9219202839963345e+27,-9.98367222798188,0.08006337287906945,0.19156214317150372
2022-12-14,1.26174843947548e+27,-9.91267684620635,0.08600269051034198,0.19075552847550561
2022-12-15,7.56055655233709e+26,-9.827303972726838,0.11191814858873693,0.1669672575813138
2022-12-16,1.2701442770903078e+25,-9.129756393386822,0.13163467028326212,0.1717283294534476
2022-12-19,4.063925131089339e+24,-8.936434533858675,0.14358654501028584,0.17088550661793928
2022-12-20,8.238985970068305e+24,-9.055354864776238,0.1423835907075867,0.18164130098675002
2022-12-21,1.83981874637806e+27,-9.97228412355178,0.12089539963622642,0.17918107530288999
2022-12-22,8.741146706949116e+26,-9.84538444679663,0.14217525529042513,0.16917475692847797
2022-12-23,1.579052338446441e+26,-9.55515556663824,0.13396852246098032,0.16888275572806039
2022-12-27,1.4474175284495093e+26,-9.541650521760657,0.1386522933705987,0.16992033675044177
2022-12-28,1.7795874826500436e+25,-9.189923371856123,0.15434280251712168,0.15986485146813012
2022-12-29,7.774995580950992e+23,-8.661168895127775,0.12774975661189494,0.16072811295769746
2022-12-30,1.4666551776885097e+25,-9.152606242110899,0.13580189922200814,0.1654385162531256
2023-01-03,1.534984880029536e+25,-9.163613511353338,0.1390203811006499,0.16515055650010843
2023-01-04,1.2583010435453785e+24,-8.744723612035035,0.1251888960141666,0.16896879752301058
2023-01-05,3.113879906715959e+25,-9.28634693180204,0.14213856266547306,0.16801747846844015
2023-01-06,1.3228779501257414e+28,-10.306814380329401,0.1138800781347415,0.15666319702131404
2023-01-09,4.154689273490875e+34,-12.83052993696129,0.11734366320075672,0.16023631225488746
2023-01-10,2.3690720521558835e+35,-13.13248909780563,0.10150137309918107,0.16745420322142118
2023-01-11,3.2771137325580784e+34,-12.798761975342792,0.08528395266042772,0.16752628995423097
2023-01-12,3.112614333466483e+33,-12.399078143733304,0.0828073338366282,0.16736387193225166
2023-01-13,1.7187104455148098e+35,-13.077473646157998,0.07690219281627259,0.1711526245713686
2023-01-17,7.48950414040914e+37,-14.10342265285067,0.07729056091853663,0.17083864143789376
2023-01-18,2.744189559485038e+42,-15.879937675820099,0.09617197390302182,0.1574499342783114
2023-01-19,2.1237279521658997e+39,-14.666611986840516,0.11091942434848907,0.16458823256943025
2023-01-20,3.8925364918846177e+39,-14.768217191103393,0.0832709948399851,0.1540545122479945
2023-01-23,5.1911894715862e+38,-14.426153721639922,0.07044983272290219,0.1667799178223614
2023-01-24,5.156703503579256e+37,-14.033399562760152,0.07362579144408361,0.16680484566502457
2023-01-25,3.1215402856870343e+42,-15.894972393120126,0.06856353901780117,0.16794756288425355
2023-01-26,1.2939531087979317e+46,-17.310386273989803,0.05118638517603763,0.16692061688220483
2023-01-27,7.220897580646742e+43,-16.431580274116975,0.05170646945944031,0.16725961042306198
2023-01-30,6.214342622417423e+45,-17.182797749885683,0.06346290173212799,0.16194010996555147
2023-01-31,1.3121756680269017e+40,-14.97643696256435,0.053440262739614657,0.1519983038905142
2023-02-01,4.5938926918451036e+38,-14.406600176649627,0.04759877945820086,0.14933873429915495
2023-02-02,2.9861532285175243e+35,-13.165419371319002,0.04196074468210467,0.15149366237629744
2023-02-03,2.331990424905858e+30,-11.177354894942109,0.055469052039969005,0.14771340428049512
2023-02-06,2.331888739808007e+26,-9.619313362414442,0.06582947952102643,0.15553028317017173
2023-02-07,3.068486825762605e+22,-8.114234578284869,0.06176944330988851,0.1465222457889088
2023-02-08,121933662739.79405,-3.6925190908310577,0.0809884668125208,0.15499008805514564
2023-02-09,58114893.14954578,-2.402816096027628,0.08838988689171463,0.15946113694246666
2023-02-10,3296137.0436527124,-1.9190129469518655,0.08930342483043126,0.15845231130730308
2023-02-13,205426064.77419415,-2.6184738257170266,0.08202055751093151,0.16495232546739536
2023-02-14,4484150.09336053,-1.9728009096036738,0.08523772867247924,0.16523195114734418
2023-02-15,67042857407895.41,-4.759869695293376,0.07219960596228266,0.17926362714424524
2023-02-16,864062269078997.4,-5.190429833612303,0.07711376544404752,0.1775972625592206
2023-02-17,1278417611706.1694,-4.088759863618588,0.08298427031593333,0.1823418808918189
2023-02-21,8575447204660.119,-4.413394602214775,0.08952035253658262,0.17506111794417936
2023-02-22,67291269522.34812,-3.5937580096338935,0.09252838272243313,0.18559780960422914
2023-02-23,3016615929.240076,-3.0659822812323223,0.09359522111128377,0.18472231624346547
2023-02-24,11953750029.331179,-3.3009480205740496,0.09595003121915367,0.1825020694641629
2023-02-27,17116522980.154205,-3.355958211776334,0.09763612077829717,0.1822166779575023
2023-02-28,2457843433.480505,-3.0355457764713933,0.09556580154419646,0.18189372027364076
2023-03-01,5521502.695251829,-2.0046425484336683,0.09912405183224786,0.1880901457268712
2023-03-02,35341.56830221987,-1.1510736787266649,0.09900226392084888,0.18730515638192005
2023-03-03,1127202.6937018614,-1.7365307443157008,0.0931518569575594,0.18538693545333487
2023-03-06,1051959.8437889286,-1.7245949638446156,0.09316699898393221,0.18568507795971118
2023-03-07,2592301358.7826543,-3.041571986895028,0.09528127355958999,0.17720493304726145
2023-03-08,124119781.21422817,-2.5277406502183473,0.09622616939844164,0.17779866691448287
2023-03-09,207145906.79256535,-2.618190184004701,0.10032305605071837,0.16162048751597818
2023-03-10,19211804.23727233,-2.217074808720913,0.10511243370436367,0.1489466739102357
2023-03-13,92039167.55603619,-2.4790598068634595,0.10749740666541976,0.14837336921188585
2023-03-14,298119.12957011705,-1.5187458197092503,0.0976139023444272,0.14198970103271205
2023-03-15,18910522.381932236,-2.2187226119160557,0.09963305014978241,0.14333369835488913
2023-03-16,3062149.28304728,-1.9139610072720938,0.0932261894342353,0.13430215303476556
2023-03-17,12418403.907712325,-2.1474354516108933,0.09804217211397517,0.12375679701982095
2023-03-20,328704982311.4974,-3.855010645432236,0.09955228967041004,0.12148646457729823
2023-03-21,9445874791.560928,-3.2584806365998205,0.09343875408395351,0.11521599554613976
2023-03-22,728141385.7253327,-2.827138134323516,0.10017240407660952,0.09527564957945318
2023-03-23,983060075.60589,-2.8739979003495546,0.1013504731721542,0.09545570485525265
2023-03-24,9478743489.8097,-3.2560525690286752,0.09840362322597547,0.0942521543071548
2023-03-27,207313349.14625,-2.61436498512772,0.09682329129548985,0.11406695506033485
2023-03-28,8948.3920532215,-0.9296738874686634,0.0937751102754814,0.11508219284053452
2023-03-29,6091675.217138242,-2.0270773110026226,0.08998763508309607,0.1243540665256682
2023-03-30,815702787.6384783,-2.8467907502229193,0.08928116953407661,0.12597335122626035
2023-03-31,338038346.32460314,-2.6988420597744813,0.08487992281803647,0.11717243260405069
2023-04-03,102301.17155751471,-1.335382463820362,0.08803464794608065,0.12400760510986286
2023-04-04,0.050058869602973864,1.102319144330124,0.09225015083881716,0.12487951945722696
2023-04-05,20526452.589755632,-2.2240035997510974,0.08927049337800634,0.12708677939589064
2023-04-06,1494271465.3866575,-2.9467394533775293,0.08544777475419152,0.14279639251639153
2023-04-10,71814765.226471,-2.439622068510927,0.08473110419071422,0.1427789997317031
2023-04-11,16354509924722.236,-4.515125148845406,0.07897211726171087,0.14378366248871524
2023-04-12,4.819887250580698e+21,-7.797836136111164,0.07264671993805476,0.14372121208451133
2023-04-13,1.0376586970614029e+23,-8.310286158153588,0.0647994416271847,0.13590667606898596
2023-04-14,4.610724466357245e+19,-7.0136810449950575,0.06896931367584493,0.13571341038179252
2023-04-17,2.218360888390317e+21,-7.665874720286424,0.06495107812120834,0.135664710532292
2023-04-18,9.992460720898026e+17,-6.3754205047980514,0.06601495194586376,0.13761434706106015
2023-04-19,5.026110733884253e+22,-8.19988999534169,0.05988014870527458,0.144654396249815
2023-04-20,6.761496464670635e+33,-12.505119029108839,0.055285374815195035,0.1467784815165296
2023-04-21,5.468798383306678e+34,-12.846855926184674,0.0572700639599502,0.14701403285312106
2023-04-24,5.49988728741494e+37,-14.013250543561345,0.05282103387397871,0.1470158985765677
2023-04-25,2.377178599115197e+40,-15.032907822904749,0.06606493135936506,0.1407118695142588
2023-04-26,9.359935377178301e+36,-13.715867552797773,0.07177595673063414,0.14259878889600336
2023-04-27,1.1372257506099264e+36,-13.365024833268906,0.05324572261225872,0.12778088230565263
2023-04-28,9.23217857582438e+35,-13.328318974732928,0.047669467998804275,0.1323701278628405
2023-05-01,8.12874212919519e+35,-13.308166435749571,0.04804869390184711,0.13225314710519406
2023-05-02,5.730391551731598e+42,-15.960348708488805,0.051570070857670715,0.126884150677028
2023-05-03,6.143256283635598e+39,-14.810823054889589,0.05959476100357367,0.1269348201677307
2023-05-04,1.0509617562437852e+40,-14.902454383274922,0.06603844842401257,0.1300916270294739
2023-05-05,2.8828319713332796e+42,-15.846224299778191,0.04770946555653443,0.11708250434623961
2023-05-08,9.986410957654499e+42,-16.052988918415092,0.04773829376414587,0.11696344596337464
2023-05-09,1.0705549748309982e+48,-18.001507115146456,0.04799063168990397,0.11635236036991072
2023-05-10,8.256651942281722e+47,-17.959907141928166,0.04345157518895954,0.11688880927663278
2023-05-11,5.221462874791908e+43,-16.331331084338313,0.04841423570119092,0.11608363154956484
2023-05-12,7.918457530137981e+44,-16.789028253029677,0.04860660763134601,0.11783198034222268
2023-05-15,5.735474969213835e+49,-18.673064081860566,0.04196531126583679,0.11863929931481473
2023-05-16,1.2943826320292677e+49,-18.42175446824325,0.04854690057336662,0.11346080582049403
2023-05-17,1.1293184045054087e+48,-18.014759766823964,0.038368952024041086,0.11372926220600696
2023-05-18,7.7970349144892e+47,-17.944740492677123,0.033602891400381585,0.11339407798655698
2023-05-19,6.858961253053089e+44,-16.76063593856661,0.03693490882657431,0.11589704759129811
2023-05-22,2.9453912990963505e+45,-17.008188021133524,0.035664810758103266,0.11876775951569855
2023-05-23,3.5886129905692326e+51,-19.36065908214574,0.04063570599228623,0.10780087735980949
2023-05-24,7.960051242604725e+47,-17.94388953717564,0.04999159895925198,0.1082005517594448
2023-05-25,2.800291375663374e+47,-17.764405169439087,0.04376040776107558,0.1085485683161307
2023-05-26,1.7915627406331227e+46,-17.30099432088186,0.03549512978256523,0.1061797558739939
2023-05-30,5.785010118283113e+41,-15.566475942906797,0.037815267087607476,0.10615460049302727
2023-05-31,1.1912990001991583e+48,-18.001969829619107,0.03877501167264088,0.10237580829328169
2023-06-01,8.011558769081554e+44,-16.778891125096695,0.03377076550564062,0.1047031661468181
2023-06-02,6.591922450980755e+44,-16.738605522757638,0.0274353533544315,0.09520897912692758
2023-06-05,7.413713354823415e+37,-14.056600796543787,0.0326925176653088,0.09498596457200972
2023-06-06,1.1733800122145124e+36,-13.36420195753202,0.03236713510011452,0.1012537376996098
2023-06-07,1.241941981050878e+45,-16.83688711498528,0.03028761302539608,0.1006951387856307
2023-06-08,1.4006352997848796e+41,-15.314784977252533,0.029406663447631418,0.09939786577206394
2023-06-09,7.754169126175566e+38,-14.441467804821691,0.030489234683515002,0.10094155957965413
2023-06-12,1.1930089066949099e+36,-13.360307135526766,0.02779608146548934,0.10001181833257211
2023-06-13,1.5898692870071056e+28,-10.325653640254897,0.03083200266462068,0.10100330761326097
2023-06-14,2.519087823281753e+21,-7.706135180938695,0.036022597160704904,0.10131523721427194
2023-06-15,1.3470646156359835e+21,-7.6057826588634825,0.03176820712289872,0.09339592922973344
2023-06-16,6826650217.157745,-3.259659898143586,0.043701013631203434,0.09433947121431509
2023-06-20,75022164929.8864,-3.6578310052846685,0.04422462804471309,0.09080438040165771
2023-06-21,3613694.2800685847,-1.9974253059292086,0.049504830834592846,0.09253641870488087
2023-06-22,29166698.95803823,-2.3422245349359674,0.049183917580628976,0.09256318866933375
2023-06-23,2243178754.00743,-3.0645352269473105,0.04956664171784339,0.08606919091286755
2023-06-26,32.37995347460555,-0.05384317168300672,0.05615282997058628,0.08261559266886799
2023-06-27,0.6587575505891097,0.5949119118486711,0.056956042663153315,0.0770974667453865
2023-06-28,3.083639815592561e-07,3.0243092202279938,0.06345515680116291,0.08309849248839318
2023-06-29,0.6662918208926261,0.5867494052617193,0.05473423765876648,0.08750750276731174
2023-06-30,0.06718964842037108,0.9682308860273942,0.05542410888023598,0.07977545347757556
2023-07-03,4.5055618427377763e-05,2.1901495559150845,0.06114242245032426,0.08134103831828794
2023-07-05,0.4259004140329558,0.6614036265869927,0.0547402876853376,0.0977440702508908
2023-07-06,26398.933373705364,-1.1753213161212341,0.050670372424002776,0.09339783038028518
2023-07-07,829521.907061965,-1.7393607575858856,0.05280617841934463,0.09467437846631196
2023-07-10,3561933.318028395,-1.9827338358139606,0.051634596412676384,0.098501525476569
2023-07-11,80816.0290525768,-1.3566352066360077,0.05101144282273824,0.09847047583830441
2023-07-12,9515.691372746958,-0.9975023214519413,0.0520552383969781,0.0978432229568034
2023-07-13,97.01220052972604,-0.23181915266987563,0.05465669551758526,0.0932859957982883
2023-07-14,87.67548720642726,-0.20766918459768022,0.05724301949459281,0.09328488865373852
2023-07-17,25468989589.099262,-3.444440538725863,0.04757446493088748,0.09467744871351827
2023-07-18,6804605824.16923,-3.225205443315618,0.04667991546688701,0.09829257659601677
2023-07-19,12312340051.278471,-3.316291766635413,0.04806611592379103,0.09967024587963084
2023-07-20,10142482468554.02,-4.4285867107027475,0.0471412477437465,0.10037955007763087
2023-07-21,2264637420.013546,-3.0328771047618357,0.050963173930386366,0.10050776250718942
2023-07-24,5107463500.013371,-3.167472065732324,0.0497775135555994,0.10241233697530121
2023-07-25,719058.1408751626,-1.6978524395426526,0.05313532003529435,0.10113213890043657
2023-07-26,204833.90373004123,-1.4918926367428644,0.05300047019666644,0.11106792070450619
2023-07-27,80087654336802.33,-4.779815891196308,0.04383030850957574,0.11843959066242928
2023-07-28,68754758865.47154,-3.608395416497547,0.04458475357134255,0.11529174822545525
2023-07-31,102188955.88255355,-2.5260768366571025,0.047956907222777206,0.11824870208392077
2023-08-01,119477968.64057843,-2.554570165305863,0.04761868207995461,0.1310392064442288
2023-08-02,64555.445523343085,-1.311681230090616,0.051417799101694556,0.1223251637110963
2023-08-03,8247823.51490377,-2.103333169021809,0.05405094018474902,0.12197417293185718
2023-08-04,14935270.45939008,-2.2021061098469374,0.05451492226117274,0.12081215058663122
2023-08-07,5680558.530620392,-2.04126974522399,0.05358282686297799,0.11789256165628333
2023-08-08,59360753.3690897,-2.424473480943239,0.05538727328179254,0.11931474405059463
2023-08-09,26778840485.51491,-3.431778204213656,0.0568096812534489,0.11740182808389193
2023-08-10,48662627752.979485,-3.5275931184303824,0.05764246791869389,0.11753179137892805
2023-08-11,1287456803415.2786,-4.076813956134594,0.054679460223602365,0.11980660784644141
2023-08-14,134561189096.31354,-3.7106649239247615,0.051304551501616315,0.11985050885252747
2023-08-15,508753645.5931585,-2.788864269915247,0.05459776548983129,0.11194699992354397
2023-08-16,9175579500.925014,-3.2603780763418864,0.05838104586204039,0.11157664568777627
2023-08-17,1.4822109854197592e+16,-5.614464975214271,0.0645554286576819,0.1172675286513903
2023-08-18,117262268833514.05,-4.814709124179486,0.06398580619609733,0.11726219127480093
2023-08-21,1137086798741.6816,-4.055393982534325,0.059103440203174214,0.11586675798512543
2023-08-22,8385596907.069493,-3.2440839678611044,0.059738073683434714,0.12052936580739622
2023-08-23,85067.19916917775,-1.3482742416535924,0.05631387062982387,0.12745415935041232
2023-08-24,8783031201023087.0,-5.527247216954806,0.06422310935268001,0.11830619738631315
2023-08-25,2088945832802307.2,-5.286406716554483,0.06267180177495023,0.11630695314122742
2023-08-28,4527665298477.073,-4.273479832504514,0.060376092980394036,0.12332155485607128
2023-08-29,5010697.6367234355,-2.0108832247369226,0.05744102006448905,0.10814510977682981
2023-08-30,15010894273.099968,-3.326313198186327,0.05738413880998227,0.1096443748674928
2023-08-31,85453444763363.45,-4.751103615467015,0.05722619722061603,0.10959083169713166
2023-09-01,9.950424199545467e+17,-6.297777719075318,0.05456845889695084,0.10870621191223034
2023-09-05,3.7439088992516326e+18,-6.5185709034553145,0.05544125609733931,0.11534584386028529
2023-09-06,2.204582157121157e+24,-8.70685225092057,0.05900536919295679,0.11993180698995265
2023-09-07,7.866019935593936e+19,-7.017053822229907,0.061059583216934346,0.12008293455426795
2023-09-08,2.502586496422054e+18,-6.449801874352666,0.059864703925410594,0.1294554001578266
2023-09-11,1.2167739309074463e+24,-8.608371089005425,0.056418105598940234,0.12931100394294895
2023-09-12,6.745003972085877e+19,-6.993254151393565,0.05926036533320512,0.1306603964070988
2023-09-13,3.537283281950766e+19,-6.885073043986372,0.05935225765737303,0.13174704927023334
2023-09-14,2.4261610373722055e+19,-6.82680803905685,0.0542023842356938,0.12787057489664522
2023-09-15,1.9567813395527977e+18,-6.409710853311539,0.060276992976542064,0.12256881279848089
2023-09-18,4.72668886600809e+16,-5.791653562081882,0.06150596944621569,0.12946968767767233
2023-09-19,18812916852536.066,-4.507755608388168,0.0595515183270457,0.1294179474021256
2023-09-20,23731088720580.633,-4.5475436199515435,0.06212435073085006,0.13382182872917162
2023-09-21,1547594.87373574,-1.8200942849441486,0.06270181053138685,0.12417036666652438
2023-09-22,7.033340859461944e+24,-8.89181610746332,0.08456488183629617,0.13097973924548523
2023-09-25,1.882984376310482e+19,-6.778539103893853,0.07554637267276397,0.1294919851073134
2023-09-26,38684379536616.97,-4.622951940380775,0.07574533424681017,0.12287401749195753
2023-09-27,1.1858043108929948e+23,-8.21723178647018,0.09173497249872324,0.1327287384134971
2023-09-28,34.29003118868389,-0.04469630065785544,0.0630536544510137,0.13568825603350926
2023-09-29,3751.5278614367485,-0.8198613805335897,0.06470836682988768,0.1360048566683251
2023-10-02,33.73855542474913,-0.043161722151642844,0.06280122304436118,0.14464345754342342
2023-10-03,2.736206789260559e-11,4.542915546523583,0.04885584294249437,0.13965128886888417
2023-10-04,9.175452247073378e-05,2.06713029452268,0.056576122582692706,0.1425669256787679
2023-10-05,1.0579324484838275,0.5242444081783012,0.060349777041949264,0.15803665324306854
2023-10-06,1.4191289381068186e-11,4.645546891952794,0.05027737194570824,0.15578762801454435
2023-10-09,6.029405361844256e-08,3.276042553308211,0.0560501325755489,0.15444463701199457
2023-10-10,3.126227831726385e-06,2.626506943134754,0.05804427806162574,0.15369969232192757
2023-10-11,0.0003066918234114664,1.8688185179714258,0.05867371388519429,0.15305553488269494
2023-10-12,1.6396178463080543e-05,2.3540675106584357,0.05851630845425208,0.15409711395167555
2023-10-13,0.002645719022950354,1.514806022333056,0.05916616394709924,0.16219076400237242
2023-10-16,0.008752017793966756,1.3181179629757156,0.059907233946235226,0.15841373761634492
2023-10-17,4.621520940503858,0.2855081326656937,0.06145519360974009,0.17176701925964427
2023-10-18,6.593934895647091e-06,2.4965000776399036,0.054976126391275464,0.1625571319114472
2023-10-19,6.5370413690422325e-16,6.312986580004133,0.05196965757211999,0.157336536584643
2023-10-20,4.383828698481467e-12,4.859377775412469,0.052290330861269614,0.1471216098634125
2023-10-23,3.735774291021164e-05,2.2245487536146205,0.05870431666889265,0.1465574917371039
2023-10-24,5.529945320430437e-12,4.822821671262263,0.05412942641059309,0.14739641113254723
2023-10-25,2.9615846637935616e-10,4.16855368485422,0.05400751894674273,0.13147751246058076
2023-10-26,7.360283029177213,0.2127760793359581,0.06585573714961727,0.117545326904389
2023-10-27,210120.95664718037,-1.4795151945666372,0.0751343409691906,0.11499098023681673
2023-10-30,353435.2633977091,-1.566062625866481,0.07301543574227379,0.11290785645614096
2023-10-31,841809536424.705,-3.9944098550049447,0.07954424011825774,0.11418478012486277
2023-11-01,17989231525356.875,-4.501031130217974,0.07653816162505292,0.11162561903861748
2023-11-02,1.2279509404246198e+17,-5.961592236019856,0.06998735001101009,0.09675514463288808
2023-11-03,7672334382333485.0,-5.492514470074751,0.06989795622390055,0.09854361863821286
2023-11-06,4985410800315.353,-4.270740435872235,0.07222466089334613,0.09899782070879129
2023-11-07,23099320354652.742,-4.52729518387138,0.06984635396139152,0.10151877983431486
2023-11-08,1.88065213637884e+16,-5.641019428396952,0.06716437092664675,0.1032938676481861
2023-11-09,2.1597691154585224e+18,-6.432881227794047,0.06794314230749846,0.09617693403602989
2023-11-10,2.739643178412068e+18,-6.4722245299485355,0.06052787222785846,0.08419196504964606
2023-11-13,8.642368366467278e+17,-6.271526899268549,0.06483994635252852,0.08357738314948812
2023-11-14,9.651162677422667e+19,-7.057210203361204,0.05322699795674171,0.0703065288083965
2023-11-15,4.4585278499328275e+17,-6.161462872856148,0.05591652460607874,0.07036069636166069
2023-11-16,3.703383823996176e+19,-6.897069366358978,0.05262927407666165,0.07173468510589967
2023-11-17,1.4069143663743395e+24,-8.648722806674606,0.04693751538667653,0.07256727790973241
2023-11-20,4.7736643798897014e+26,-9.616961113945582,0.0407554055256755,0.07126210753670856
2023-11-21,1.737605109197307e+24,-8.68631606167666,0.04373835903371067,0.09088904101140065
2023-11-22,2.263583909026706e+26,-9.49656494241866,0.03951916147911218,0.0946229431686649
2023-11-24,7.376937445003003e+25,-9.310869133166563,0.03964624322672664,0.0944604700105853
2023-11-27,4.886538771377904e+28,-10.387686579226186,0.038047780824688245,0.09350713719137932
2023-11-28,4.7684086316241105e+28,-10.38327478376977,0.03771146965617333,0.09337948131542997
2023-11-29,1.395374863603405e+32,-11.70750929122479,0.03506490505328115,0.09296235816711003
2023-11-30,8.039242474904402e+36,-13.5266395246023,0.029556823789030552,0.09478358091579041
2023-12-01,1.7756946111356844e+35,-12.894335069849227,0.028324857013526966,0.09764168137315155
2023-12-04,3.690024442418774e+31,-11.48689175252418,0.033557391227612254,0.10090426136175305
2023-12-05,3.612510241541557e+29,-10.721180716835317,0.03497026459605003,0.10214914935489422
2023-12-06,2.4387423690016792e+36,-13.330448684160581,0.031195603849288225,0.10014408315775777
2023-12-07,5.6116823282954e+33,-12.321370548119594,0.03021918699581628,0.10777204171870912
2023-12-08,1.4648150049895924e+32,-11.718047409353147,0.02955269801946087,0.10807639392429044
2023-12-11,2.4761153968553874e+32,-11.806994559754822,0.027627239910062554,0.10873225170057671
2023-12-12,2.8425304834220866e+29,-10.681098160192374,0.02904034965836943,0.10847090835310962
2023-12-13,1.1979469678150278e+27,-9.773417456752519,0.027026428274491757,0.09844493227746212
2023-12-14,5.776049100276359e+22,-8.127890548446448,0.030043825921935597,0.09929375533208606
2023-12-15,2.791652490397163e+21,-7.630007965723341,0.03109788421931249,0.1013820032452911
2023-12-18,1.781819679675633e+22,-7.934950569451212,0.02916853718621007,0.10424285178819478
2023-12-19,5.463574097368603e+19,-6.975952146755538,0.030443962137118204,0.110943028145217
2023-12-20,2.593195003022666e+16,-5.7126100335750385,0.03690110025367744,0.09631120184183244
2023-12-21,365695103897592.06,-4.997084040980855,0.039274514282570616,0.09195188600822315
2023-12-22,1041069960712.6405,-4.026692478343596,0.042466177025339405,0.09191188687711055
2023-12-26,14114277130454.564,-4.455897964359002,0.04045547360562543,0.09253244737325622
2023-12-27,438484377992132.5,-5.014420108156594,0.04034733580523526,0.0929462657473405
2023-12-28,209181794147481.84,-4.896108669337284,0.03970719579335868,0.09591506611338194
2023-12-29,2.030258169066158e+17,-6.035969411529351,0.03592347921186459,0.09491177602625937
2024-01-02,9.590797667750316e+19,-7.04257323676719,0.03685503473801431,0.11209888638991533
2024-01-03,4.157785816768509e+17,-6.145800782531875,0.041384045191177075,0.11409018620464488
2024-01-04,5370492757281942.0,-5.426924540929679,0.044526375023968646,0.1159067039611026
2024-01-05,2959808122411706.0,-5.328648170902006,0.044391760536844356,0.11808480083136708
2024-01-08,1.9626103270820296e+16,-5.641730913096539,0.03941776219346815,0.10987886622320026
2024-01-09,253947109374243.28,-4.92253655067318,0.04244506124887512,0.11123072234390761
2024-01-10,1137273240019246.8,-5.170958124861459,0.04000090343954803,0.1108095848319443
2024-01-11,22621639533656.996,-4.526666621454223,0.04165613025402368,0.11101247985133235
2024-01-12,1.275323674661074e+19,-6.696459849496841,0.03832632084953958,0.11133478326379247
2024-01-16,6.655871800252328e+19,-6.974342051226871,0.03739928102940448,0.12397693475405876
2024-01-17,5.223363305965468e+18,-6.5561574114004815,0.039837852212608355,0.12302568038475645
2024-01-18,5.772062378802564e+16,-5.815826639926284,0.038773975480098075,0.12191066128504151
2024-01-19,5.1268241164343354e+17,-6.167730208893643,0.03632653187745608,0.1189934166519661
2024-01-22,3869825803611641.0,-5.3614974503418615,0.03856549133304292,0.12172950284040795
2024-01-23,148444094837095.8,-4.829301449109951,0.03846129665635803,0.12159799029959259
2024-01-24,2117922479897.9827,-4.133611709962287,0.039544730907794055,0.13942453902253393
2024-01-25,215331833793736.97,-4.893051754126662,0.03626048648506658,0.13899691869990438
2024-01-26,76721755360.4257,-3.591138144941039,0.0396783848455058,0.14000026377681013
2024-01-29,367892582763.66003,-3.8502834774876344,0.03708859557421524,0.13818703689086131
2024-01-30,5622550.987721398,-2.0332054040027328,0.04201336672458693,0.13832406642438244
2024-01-31,15494.810441972842,-1.0760740267642799,0.043935395005287155,0.12094903408065863
2024-02-01,0.002433625851521508,1.4896726376454266,0.049825130455772415,0.1173974771366789
2024-02-02,7.08894847354089e-05,2.0727285324449123,0.05344437169455214,0.11391842425566953
2024-02-05,3.462857956832578e-07,2.946161480593023,0.05707321086922756,0.12006031985430665
2024-02-06,0.00322087925215345,1.4562603269747136,0.05390484382991798,0.12064448625326203
2024-02-07,1.272047894154428e-05,2.357664687335018,0.056305116891427136,0.12193029654766392
2024-02-08,4.706091943695255e-14,5.52669954292933,0.0676238353649254,0.12490092078799571
2024-02-09,8.356117204132502e-05,2.0454630140977996,0.05400576155866982,0.1239903081570331
2024-02-12,1.0363470589847359e-12,5.01333334714447,0.06360139233163921,0.1285031823354002
2024-02-13,7.726774558127074e-06,2.4255603349886585,0.05144713636999139,0.11570545150063984
2024-02-14,1.0820986013701282e-07,3.128085560566305,0.05625595370593564,0.11361133364539115
2024-02-15,1.382790174198481e-07,3.0930246579218004,0.05871334055043192,0.11564893090175792
2024-02-16,1.3471963995639223e-11,4.597954032385984,0.06255305562889055,0.11472578640059397
2024-02-20,1.2507736287068622e-11,4.611306943843006,0.061832089346560724,0.11247869144346899
2024-02-21,3.4006650798870577e-13,5.198671079325208,0.06367149023591133,0.11520755580371027
2024-02-22,9.025163026677945e-07,2.7891454292309814,0.059535956635309945,0.09364448369271351
2024-02-23,6.290400161255932e-09,3.604207006189311,0.06520330283587038,0.09441893565861331
2024-02-26,0.4925918929884848,0.6431952292493391,0.05393159778462465,0.09382191912353602
2024-02-27,4392.203489436185,-0.8325047691265038,0.05098681060699515,0.09455350514139237
2024-02-28,104696.62953046557,-1.3499908976514658,0.04924769975918134,0.09719138458237768
2024-02-29,1281078.660132457,-1.760770989490715,0.04673763805033266,0.09719380225578793
2024-03-01,92675.44108616645,-1.3339669382633461,0.046714807832080645,0.09338296654747114
2024-03-04,30651208926.266144,-3.3886074781971,0.0443763019908971,0.09682166283779857
2024-03-05,40041876425824.875,-4.556790003939283,0.04325256638254611,0.0879583302574785
2024-03-06,444082876.95781904,-2.700678979528367,0.04699325645592438,0.09908666937719067
2024-03-07,41811800.06732361,-2.3154162249274206,0.046789625107120696,0.09974921290199874
2024-03-08,128905.99121461074,-1.3731428086870974,0.051207313291259396,0.09672853446120143
2024-03-11,1141.030662783869,-0.6044079077875286,0.05375512982836353,0.09652457190025408
2024-03-12,895.2216796159655,-0.5722232380173802,0.050645980924702814,0.09680381205994243
2024-03-13,3.3119477995526814,0.33985116749605243,0.0545922342937279,0.10029027926705276
2024-03-14,15921.986981103882,-1.0350661537491848,0.050976467498718314,0.1121847642351459
2024-03-15,40723.04647260865,-1.1896730053866016,0.05062096973762423,0.11834308072162725
2024-03-18,88.54778207538989,-0.19498150400457745,0.052633016338747965,0.11590806726017093
2024-03-19,0.048228124928199896,1.0209237820841741,0.054933295875857255,0.11457666266897093
2024-03-20,1.8948594982521106e-05,2.2900428660561554,0.05866551936969779,0.10737692228396856
2024-03-21,1.3754094277941787e-06,2.7187965411883526,0.06192863738259877,0.10793705758220631
2024-03-22,1.1510170962163553e-06,2.7465071003103514,0.06139391021388615,0.11582863405393883
2024-03-25,0.0008324825120738516,1.680274148360638,0.05764574673170742,0.12582987422593714
2024-03-26,19.759437357294523,0.054893105496869356,0.054912487894604296,0.1258560856107023
2024-03-27,1156.4704369740584,-0.6046221670637042,0.05217913008466347,0.12075654066538091
2024-03-28,3.510826321716597,0.33475819059887424,0.05544427307171116,0.12723522191100683
2024-04-01,196583.90032854717,-1.4435458244749442,0.04764178578438574,0.1284401577255497
2024-04-02,10145775.007501958,-2.0821032956671868,0.04682281006859372,0.13776771709049518
2024-04-03,460499567.27962565,-2.6935944306185555,0.04696857039861102,0.13748128208527333
2024-04-04,5346778.655043977,-1.9795573820233723,0.04831484465221459,0.1371556838879332
2024-04-05,3990368.7866609227,-1.9258184001765701,0.04885137454549722,0.13939112922546257
2024-04-08,13961.345098321044,-1.0101088510182,0.051121991322710204,0.14471276876840514
2024-04-09,18310729988555.44,-4.398881513991324,0.04557986289511866,0.1447062247960913
2024-04-10,4.1429940735267655e+20,-7.129888679522953,0.045873397524011254,0.13994637177850797
2024-04-11,3.1607082283181265e+19,-6.709883486490265,0.044991572126019695,0.13887019714762208
2024-04-12,2.640990966453822e+18,-6.306797440382779,0.05118226368429364,0.12848130783515874
2024-04-15,59477453894597.79,-4.577498550959537,0.057231253973887404,0.11817205851725886
2024-04-16,455897609.81834316,-2.6767091195491344,0.05790304737784883,0.11789188887090732
2024-04-17,202991835759.16568,-3.660083280932825,0.05977136945940382,0.11953033442371193
2024-04-18,16583512049105.252,-4.367520559729961,0.06182878726428908,0.11953010688760012
2024-04-19,3.0912062861229537e+18,-6.321817806319343,0.06857290308062673,0.11161728708205494
2024-04-22,1.6258821569885198e+19,-6.5875068547437,0.06512035752179156,0.10968447010651532
2024-04-23,1.9042178765862805e+26,-9.205446847426716,0.06198591446123917,0.1045815246555241
2024-04-24,2.5616633002087417e+26,-9.251366100203873,0.06302787764031252,0.10582599671021711
2024-04-25,1.4525063470749432e+33,-11.758179031643582,0.06650695226200398,0.10923480008440259
2024-04-26,1.0716984697117808e+29,-10.227699511150021,0.0581034142946468,0.10718491815571725
2024-04-29,2.301894495755032e+25,-8.86624016816282,0.05637356916399719,0.1071334714527486
2024-04-30,4.554442414129294e+21,-7.4940595355566915,0.06417211627833257,0.09081414202769743
2024-05-01,1.2809155064579238e+22,-7.655840698766519,0.06814389129082365,0.0943327607621519
2024-05-02,4.371966179150017e+24,-8.594661664374888,0.06360021733081613,0.09409282415218692
2024-05-03,1.2047256701526267e+24,-8.386293018667091,0.05682805161843656,0.08615175009241519
2024-05-06,2.0173473722846123e+35,-12.539768921296583,0.05140819061694354,0.07980656527751759
2024-05-07,2.0178816064298083e+34,-12.166285316871845,0.05179048791704375,0.08835653896827707
2024-05-08,2.861459846763421e+45,-16.298104654973134,0.049685040411903456,0.08838468884109738
2024-05-09,2.446751731329828e+51,-18.50963249599386,0.03993291735145203,0.08756878069425567
2024-05-10,9.925727272752721e+47,-17.25072698179621,0.04032009435151009,0.08779402016474024
2024-05-13,6.903732484800351e+49,-17.93601154596352,0.039100319379783255,0.0877288755130323
2024-05-14,1.6786754004501984e+61,-22.164241396963515,0.03083679453125097,0.09029003915604698
2024-05-15,8.668975194682595e+58,-21.31426836802085,0.024254566520481486,0.08117969320956289
2024-05-16,1.8723130429137905e+64,-23.28055654176689,0.025415433827200854,0.08031471892851559
2024-05-17,2.4485959026213382e+55,-19.991089119846574,0.02704398934016484,0.0836792336775953
2024-05-20,2.372138074575952e+61,-22.20421953099977,0.025212718294070256,0.08371662612454507
2024-05-21,8.909088241167636e+63,-23.158243810010237,0.022988313643066804,0.08510977332399587
2024-05-22,3.011244510603507e+64,-23.350112080876627,0.025118758993727095,0.0842401896948936
2024-05-23,2.968546057503352e+64,-23.342362930877666,0.031069169274603986,0.07967429418223082
2024-05-24,3.6431545440944613e+58,-21.148548529904808,0.02911953362151893,0.0780284485966836
2024-05-28,1.0492520428279138e+53,-19.095951923070285,0.03068665340917357,0.07796927934722594
2024-05-29,5.881860317012613e+58,-21.223298245924195,0.033921629019646335,0.07097971841999155
2024-05-30,1.56657468158951e+52,-18.788443059096583,0.04102935116705104,0.06711382180660631
2024-05-31,1.018829917927127e+49,-17.606069764277922,0.03585352580851795,0.062000535514362444
2024-06-03,9.271248143096575e+44,-16.109380979426884,0.03681653401633192,0.06420177970914444
2024-06-04,6.8638767670255176e+47,-17.175407976178068,0.03432107273503423,0.06459377117840395
2024-06-05,3.665265566746323e+52,-18.92230979682807,0.02644722415995877,0.055719582089484604
2024-06-06,3.639624235762544e+45,-16.329041867004396,0.029312257431909176,0.05531169884619139
2024-06-07,7.086676698203692e+65,-23.84539595289293,0.022021914905735757,0.05412886208172125
2024-06-10,4.7696660207003914e+66,-24.150406257157982,0.020345021095662528,0.060592771724904015
2024-06-11,1.3433180783670923e+63,-22.836720739973668,0.020157242388531872,0.07240294532325607
2024-06-12,2.2663815559713773e+60,-21.81051380161646,0.017430769563622266,0.07053060973408104
2024-06-13,9.456465128047138e+52,-19.077802724199135,0.01929586312520141,0.07060072660142244
2024-06-14,2.1516512461154005e+50,-18.10212794503665,0.01972955247911288,0.07182392475565841
2024-06-17,2.2642546341095104e+53,-19.22182860864445,0.01575372616841035,0.08892349142958583
2024-06-18,6.631504799605478e+45,-16.43113690706089,0.018064168751605863,0.09395640370339092
2024-06-20,4.825264414585492e+42,-15.269235143691965,0.020345040043957086,0.09677077897768938
2024-06-21,4.0718413929381925e+39,-14.129928588244008,0.022441600648280578,0.1026718336055398
2024-06-24,2.568452484029402e+39,-14.05880107382314,0.023237537756255366,0.10193355589971921
2024-06-25,1.605106261675319e+36,-12.86555456360596,0.024610915089428625,0.13192319682612078
2024-06-26,6.296661320046313e+33,-11.972943438920781,0.025825618753591316,0.13289239596591979
2024-06-27,3.7401735184170717e+34,-12.261561607846721,0.0245176054799543,0.13920581573101873
2024-06-28,1.0912891874742172e+35,-12.430401348406473,0.026112932887196943,0.13850729794120226
2024-07-01,1.2615396429541031e+32,-11.347002538629043,0.026480638251833468,0.13944891409054483
2024-07-02,3.3371353445358295e+30,-10.766923163260422,0.024737942035759002,0.1493834536431348
2024-07-03,2.7911916976006328e+28,-9.991531062254172,0.025808359387596937,0.1568415512602374
2024-07-05,5.334940565292994e+26,-9.351755440577644,0.026026670818997958,0.16716257705207982
2024-07-08,1.4537899581976494e+23,-8.03608093093976,0.02783501297254004,0.1930230865050128
2024-07-09,3.1038390565757536e+23,-8.16076615025234,0.026856528418175166,0.1977048220159037
2024-07-10,6.783022385715691e+23,-8.291397725935264,0.023520499523817434,0.19194818115896298
2024-07-11,9.351818470273928e+17,-6.128622840553689,0.02911340303854684,0.2131247259626267
2024-07-12,1567538223517724.2,-5.098988055416908,0.030850230139058056,0.21221022447586582
2024-07-15,720039670916.0667,-3.8669052185965285,0.03314628913824152,0.2116316806345249
2024-07-16,4238798201375.24,-4.148255506163872,0.032070793538554604,0.22021316359970083
2024-07-17,137072423.06349894,-2.4937405629448754,0.0376188358726502,0.2161661483342679
2024-07-18,4.960348438400864,0.2485377905942268,0.04379805701628475,0.22394166225821294
2024-07-19,7.067846652909711e-06,2.39945730563725,0.046831047924676135,0.2226349027016102
2024-07-22,0.005037683929148908,1.3564098967416356,0.047533862596812665,0.22221843743390485
2024-07-23,2.5513603251909757e-05,2.203532310068217,0.04984046463201072,0.22222545551811998
2024-07-24,9.787447331239576e-08,3.0869836658139893,0.04745893560310216,0.2044530628312507
2024-07-25,8.343757309297988e-12,4.587841561801553,0.04872075762547597,0.20586844809816857
2024-07-26,5.2837658214327554e-17,6.495426380757908,0.051104018790507605,0.2055298333926326
2024-07-29,4.2654106352912157e-19,7.267020543742151,0.05261818022614258,0.20599449413673812
2024-07-30,4.275243498611934e-25,9.46262323526044,0.04911686813967726,0.20455019419131548
2024-07-31,9.538810344671189e-35,13.004461342081905,0.05959034666535645,0.19888376617353518
2024-08-01,1.4716345531618534e-43,16.24067344669848,0.05131877912703498,0.19095374867815032
2024-08-02,1.0753204044510362e-44,16.66212656292719,0.03935141069641029,0.17719894229091224
2024-08-05,3.4813886255273143e-35,13.18168833275422,0.030928928411283432,0.15762106212616608
2024-08-06,4.6158730506532074e-37,13.87439287975137,0.034497141634907656,0.1570539990282646
2024-08-07,1.173047914533269e-29,11.160637337632634,0.03650578189904872,0.1543755020359037
2024-08-08,1.1318213514082506e-16,6.403203195264384,0.05340764471817398,0.15078170315046036
2024-08-09,8.049877485018144e-11,4.258749799652108,0.05781125148142002,0.15469484231727246
2024-08-12,1.2765597827836468e-14,5.650998966670077,0.055847787804282054,0.155053783579586
2024-08-13,5.783655364007601e-16,6.140611229330711,0.0589254112295925,0.14866733935485982
2024-08-14,4.0354490013430654e-12,4.735788457393804,0.06179853211851375,0.15075960650710235
2024-08-15,1.6021222578674014e-09,3.78413536789718,0.06543149668301194,0.14000113063072456
2024-08-16,2.1898156105957507e-09,3.7393532750672254,0.0678798269513536,0.1399233303195713
2024-08-19,1.7932586612552318e-07,3.0360833305773305,0.06763202093523858,0.13604838811888215
2024-08-20,5.882778231888268e-11,4.315240093392363,0.07033251412239262,0.13638480556745217
2024-08-21,6.869302125172285e-10,3.9192104539779073,0.068305088667757,0.14844202496641581
2024-08-22,9.049873726312563e-05,2.0446744302416833,0.06532558401752592,0.14517877276277488
2024-08-23,2.5979763486684775e-08,3.3441377354187822,0.06909248557406424,0.1410550849350293
2024-08-26,1.7842638552764685e-12,4.871982926288534,0.07240166431916112,0.14070209353796564
2024-08-27,8.316161705860431e-15,5.722540820149087,0.07266875890884504,0.14117709149369212
2024-08-28,7.048459585485716e-06,2.449743446691597,0.0656501973894036,0.13925334360260946
2024-08-29,0.043864709668510735,1.063157048163936,0.06531765304595957,0.1395515310474923
2024-08-30,2757.893005483595,-0.7087394220234967,0.05691587611035703,0.13660649681823567
2024-09-03,2.6418627084673124e+16,-5.448950153385608,0.06269030020576861,0.1165470896447078
2024-09-04,576756539626882.4,-4.831765536564513,0.06733039141487351,0.11584080823546813
2024-09-05,1.2061376667655138e+17,-5.682441141305434,0.06785456673578896,0.11557019648386048
2024-09-06,5.476871224381921e+19,-6.655275767037928,0.0773256394742174,0.09455815880062325
2024-09-09,1.0926149585300539e+18,-6.030028938772115,0.07197997405593536,0.0988616172537955
2024-09-10,1.4256260055584426e+21,-7.166650454996869,0.0717946287972632,0.1019931097236658
2024-09-11,4.93978028822294e+24,-8.457727874568084,0.06741579870494452,0.09924469436927946
2024-09-12,9.533931849115414e+23,-8.19498819235507,0.06300421172375434,0.09731488644030444
2024-09-13,4.0089629524535556e+23,-8.05353972731067,0.0616589281251262,0.09772044219608023
2024-09-16,2.1238955994574215e+23,-7.9501826524292944,0.061891483029460084,0.10035645611819377
2024-09-17,1.2455303299657267e+27,-9.329204110574157,0.05993100987926877,0.10617210690475273
2024-09-18,5.355369941849086e+33,-11.762979094838732,0.05692605765102723,0.10514972837201164
2024-09-19,4.483821885573476e+34,-12.100327535520405,0.04544552977892364,0.08919580933141773
2024-09-20,4.274006013519774e+32,-11.352350199843066,0.05024411091459256,0.0890103168978193
2024-09-23,1.0896188760794612e+36,-12.59761401440146,0.04701800891906825,0.08955628634292372
2024-09-24,1.0064715865770095e+37,-12.950707198441394,0.044690084632277874,0.08953757989315136
2024-09-25,2.342508931437235e+38,-13.448251775907657,0.046038393128162276,0.09607390967048043
2024-09-26,1.1010175439716442e+39,-13.695281936309302,0.042765648242848876,0.09547416496404641
2024-09-27,1.2730541397410775e+38,-13.351161061828055,0.044616467571422354,0.09523899454937006
2024-09-30,1.3848375031715474e+40,-14.098423324562383,0.04030789460977375,0.09486868835592993
2024-10-01,4.226749490191201e+38,-13.53935556713267,0.0483976200455923,0.08782679780573542
2024-10-02,2.9844906927453015e+34,-12.013512479023758,0.052839433281645976,0.08904890575208
2024-10-03,2.6718002635993326e+39,-13.832363822468682,0.04895138489429905,0.1154652555710705
2024-10-04,2.3479921112916178e+41,-14.546868552043486,0.04075616448574004,0.11169534764612817
2024-10-07,1.6861136183086923e+39,-13.76085776794551,0.04858081974619367,0.1069720403905669
2024-10-08,6.782470092389927e+35,-12.51487263017731,0.045477023096201385,0.11030502944243434
2024-10-09,1.542168977369038e+34,-11.912177849951998,0.04301116570716371,0.13851295204382585
2024-10-10,6.043314070316538e+33,-11.764685386555042,0.043910282348982546,0.1399081593508734
2024-10-11,1.3248639994800273e+35,-12.257616478859639,0.0390969214994893,0.13935636377210675
2024-10-14,1.033900445092539e+33,-11.485748279947755,0.0369052825087586,0.13718422611331557
2024-10-15,2.670279169326627e+29,-10.172937289603214,0.04354884373877357,0.1340693862250625
2024-10-16,1.926395436588609e+26,-9.018704321697236,0.0455869822197849,0.13366776713298903
2024-10-17,9.594912311910501e+24,-8.545777148851593,0.0456926315546317,0.13641638885739055
2024-10-18,6.467647843660528e+33,-11.780500711439535,0.03528487436127687,0.14438763126368379
2024-10-21,4.610266007052843e+31,-10.996315387156347,0.037394357895108955,0.14490295682505025
2024-10-22,2.676653922151659e+35,-12.365739438827285,0.03650095938884689,0.1453112130768708
2024-10-23,7.056569837057064e+38,-13.618338536518857,0.03860760203386692,0.14067356424228247
2024-10-24,2.3407594111430284e+34,-11.981695852558907,0.04007814460328413,0.14145622818700257
2024-10-25,6.110462361892473e+33,-11.772054740017515,0.03973127953073253,0.14147504864552676
2024-10-28,1.5189314539721406e+35,-12.289708230654751,0.03553440085361616,0.1415263536084726
2024-10-29,1.4340196398180876e+31,-10.824112958468024,0.03606070262783298,0.14216610041160407
2024-10-30,8.129001409019701e+31,-11.09984097979144,0.036833687687097785,0.14216823660488603
2024-10-31,2.9575518635542582e+32,-11.302878568245736,0.047141733010531775,0.11820875816073849
2024-11-01,9.954407790799732e+22,-7.846460445544121,0.047809624598584156,0.1181638000418277
2024-11-04,1.9905313160736534e+24,-8.318996417410025,0.04900236715428647,0.11707449422098651
2024-11-05,2.5007586685475905e+37,-13.086451219347499,0.04118572099393695,0.11280703147251137
2024-11-06,1.6610997653291905e+32,-11.198370377133212,0.032009870278031524,0.07824605270812617
2024-11-07,1.7221450605645546e+31,-10.832168818913996,0.031154730226756674,0.07457714875972309
2024-11-08,5.368818876472735e+20,-7.005590127374099,0.03642481206251399,0.07656968697174461
2024-11-11,7.724854063104444e+19,-6.695611608691887,0.03754872532044502,0.07763195334352159
2024-11-12,1.265192093112598e+22,-7.506173335420687,0.035931262990541085,0.08069019909402203
2024-11-13,1.639554690044008e+22,-7.5437975901510415,0.036482894622264145,0.0834983978108215
2024-11-14,2.952162961424039e+28,-9.823640126271656,0.03438059172856902,0.07934818022454525
2024-11-15,2.066157515184535e+23,-7.94682219035422,0.04187447770558144,0.06103257643198395
2024-11-18,2.0639632396533004e+16,-5.398325135287382,0.044052728059381076,0.06378967772576588
2024-11-19,2.2781239504384296e+16,-5.411711132049402,0.043623319388203304,0.1284115764417736
2024-11-20,4.6707180009937485e+17,-5.885260094172872,0.043845668297772804,0.12838665743693514
2024-11-21,5.740130970552474e+21,-7.378844578784632,0.038410781726095584,0.1342765424093753
2024-11-22,4.689743984502098e+28,-9.879451422668184,0.036796101300933484,0.13555023794792279
2024-11-25,2.928552133970011e+26,-9.0792966778567,0.036362251682295094,0.14065275434302105
2024-11-26,9.516183345357426e+22,-7.814865955694804,0.03575067725314291,0.13954139606056953
2024-11-27,4.0146883593856164e+23,-8.037582097264021,0.0374333622865424,0.14436855487173167
2024-11-29,2.677816734099705e+25,-8.697460164578633,0.03497148364345981,0.14765645385699674
2024-12-02,1.6005485475956173e+18,-6.074456231243295,0.03858332201702837,0.14753708120116882
2024-12-03,982614761538362.2,-4.9111225263524645,0.03974787731401519,0.14743659622543087
2024-12-04,3.4047956877934875e+21,-7.289150886431477,0.03325448814570933,0.15327042668216817
2024-12-05,41263601515959.125,-4.415665189282727,0.038533947520907656,0.155180819798078
2024-12-06,483873626769.17224,-3.7181971340390816,0.038615569517299046,0.15924634308476457
2024-12-09,174559902998.3718,-3.5592396531056534,0.039397838304225656,0.15892506012221924
2024-12-10,295584025696.8487,-3.6378584276563366,0.04096444842319132,0.16675963445298408
2024-12-11,7.973860973336586e+18,-6.325557179915727,0.0369283464195632,0.1635503678504836
2024-12-12,5.313152777287244e+16,-5.5327539286239995,0.04039855549229796,0.16353245845583783
2024-12-13,74234207.31957383,-2.325620592812835,0.04436923775152998,0.17791301279947985
2024-12-16,7.365049188694477e+17,-5.952972079945636,0.03718966845099833,0.17693753750463545
2024-12-17,2.380115705371999e+17,-5.772681079533642,0.03911598278895306,0.18078396650304557
2024-12-18,2.2230168196069916e+16,-5.397612548684902,0.04864405074032288,0.1449890310418083
2024-12-19,87782949095.03903,-3.4327660013563794,0.05103092786704568,0.145487673101052
2024-12-20,13053298105.49238,-3.139518197468249,0.04657133806997115,0.14129355077667902
2024-12-23,7858202897085.92,-4.140144595400024,0.04647488922610546,0.14112915108386453
2024-12-24,1064494428738.4178,-3.8242180824182213,0.04470698709589982,0.14596340572700994
2024-12-26,41332229.03932245,-2.2262467787313995,0.04681023167465197,0.14921297982983267
2024-12-27,5.575766112859159e+25,-8.793362027040422,0.043215408853753814,0.14484407642917518
2024-12-30,3.959209851867584e+25,-8.73334560655478,0.050303762880434616,0.13846011216670234
2024-12-31,3.853255111970022e+20,-6.9178021561521765,0.052386113966756916,0.13940605817433074
2025-01-02,3.679290407032578e+17,-5.826803636279545,0.052415474398426254,0.14176445537717244
2025-01-03,8542836099084.883,-4.153058529651125,0.04765255261738725,0.13707435021840028
2025-01-06,398065473762.22003,-3.669390691399802,0.04705760246358562,0.13639681179615917
2025-01-07,46319287254732.87,-4.413193110072529,0.050807521373550775,0.12889088770525195
2025-01-08,7595014171.786544,-3.041756342852757,0.05107612814045331,0.13434765635321008
2025-01-10,6473931.535629507,-1.9359227276969595,0.05190913365694099,0.1209752545322564
2025-01-13,203757.75416280207,-1.3907395973702912,0.051873487010628,0.12105142430956356
2025-01-14,295.5665022380778,-0.3668030547254459,0.05010779930971101,0.12246840396532256
2025-01-15,11381031409.124678,-3.1030261568744884,0.050651248202919386,0.11167054484816875
2025-01-16,25658380518004.477,-4.311615091163201,0.05228165909549319,0.11112481208624732
2025-01-17,2394582962027435.5,-5.023444401170828,0.049367053250003116,0.10671225191212617
2025-01-21,6.640143075703006e+19,-6.622163838762688,0.04759309450214614,0.10264377625634467
2025-01-22,5401524338501798.0,-5.142660424990914,0.04755717105309369,0.10245378655587543
2025-01-23,3.919139671602203e+16,-5.450576043802021,0.04652685494260767,0.11791810295605114
2025-01-24,2.7907217324584164e+24,-8.281368739003709,0.046294848833590155,0.1184492528820712
2025-01-27,1.3242412613404292e+26,-8.886100820778804,0.05287238593360875,0.1087680259997035
2025-01-28,6.838476383396072e+23,-8.052432775813704,0.05164717006297785,0.10357719151053889
2025-01-29,1.067861517681847e+24,-8.118809181533425,0.054978265292846974,0.11640079736464426
2025-01-30,9.350133945719667e+16,-5.571260097834829,0.05396253336763262,0.12907723696488663
2025-01-31,8.044553835628367e+17,-5.907277248867349,0.05625464121587138,0.14152559945574725
2025-02-03,5.976778483498384e+24,-8.38585773932803,0.05956880430570772,0.1451877143533777
2025-02-04,346938252980777.7,-4.68874527161715,0.05811931124155335,0.14893236378247127
2025-02-05,0.00029233504299357155,1.8359739605694045,0.06104622069994083,0.15804526649786269
2025-02-06,5.980792818233504e-07,2.805339221421233,0.06154428327301081,0.15931284490803893
2025-02-07,9.455852831173799e-07,2.7328278601805334,0.060240068765830976,0.18027994893347532
2025-02-10,1.469438859062893e-10,4.114027314782102,0.06453584534653425,0.1768554334763027
2025-02-11,1.215469446162567e-11,4.506900104366841,0.06590645151860236,0.17926284391352623
2025-02-12,0.0014494887282354293,1.5917126584617833,0.06350620574155018,0.18231197403717814
2025-02-13,0.0041652384187666055,1.4243302503746633,0.06292220333677705,0.1960621731482854
2025-02-14,5.769654658886073e-09,3.5389502501646453,0.06554517213807784,0.20001114847156362
2025-02-18,3186472136139375.5,-5.043993762389713,0.05014109300876353,0.20001639527972043
2025-02-19,3.763980563436071e+16,-5.43101705066744,0.04897615432744915,0.20593816292864395
2025-02-20,2.1039897992287363e+29,-10.026055514814457,0.04762391491124018,0.20596430330419446
2025-02-21,1.7960631351890364e+26,-8.918084208130558,0.05792268658721031,0.2001288177414408
2025-02-24,1.0497993442270403e+19,-6.302578918352563,0.062215022019659526,0.2129893992368539
2025-02-25,2.62466942698026e+19,-6.4451946010885015,0.06500638741782468,0.2131493920218469
2025-02-26,1.6133699341141678e+19,-6.3690075150204235,0.06469404425165676,0.21622986208405534
2025-02-27,800639165487371.0,-4.820707613452705,0.0680491333910128,0.2098501681972628
2025-02-28,1.4234430046233496e+17,-5.6301459566899,0.06358113027277518,0.21013074443050947
2025-03-03,5.1844177685011125e+23,-7.992711724528653,0.07851127081235419,0.20562155552309513
2025-03-04,6.83197275918909e+23,-8.02661281399539,0.09287333918652946,0.20282014793167155
2025-03-05,1.0854377424751877e+29,-9.902797086422316,0.08908176207656071,0.19997612747449514
2025-03-06,6.948926430495839e+30,-10.551239192484408,0.11392085857678307,0.26006707811736857
2025-03-07,4.584333973933413e+34,-11.925203761344982,0.11584484219593899,0.3274033080336154
2025-03-10,8.776038700924796e+32,-11.306621735564192,0.15625322731753793,0.31846923891956147
2025-03-11,2.2519216620969242e+40,-13.977869153778872,0.21468480167414491,0.32055344094182725
2025-03-12,1.0302389090714005e+38,-13.135445885459132,0.18487911282996775,0.4924703297253784
2025-03-13,1.1088553192399718e+32,-10.982628062687247,0.1860617374052356,0.5152365391984232
2025-03-14,5.811244774715376e+29,-10.14979947290079,0.1472399751688343,0.5137084241197896
2025-03-17,1.611497718038849e+33,-11.392516699711832,0.14437546392845305,0.514273580711763
2025-03-18,1.496794675544184e+32,-11.020154656237649,0.1611389053957411,0.5133050346401665
2025-03-19,1.7680724654940556e+35,-12.135519564468035,0.14408121314280498,0.5158889029230167
2025-03-20,8.982409503485164e+37,-13.105813258377355,0.16459953038440267,0.5162002903191149
2025-03-21,1.0915641810445965e+34,-11.694931509016369,0.14920672532174123,0.5210959580179836
2025-03-24,5.063840056821086e+24,-8.32874811389386,0.10301504138064582,0.5263549546952954
2025-03-25,1.943957564361942e+27,-9.263399814823401,0.10288542576166843,0.5305297106727217
2025-03-26,9.605172958348822e+20,-6.973891984300803,0.11363341841926944,0.5364044728916182
2025-03-27,5.3666814917597114e+22,-7.606512404494027,0.11831391510605184,0.5373756069052901
2025-03-28,1.8814436948706646e+21,-7.084854588373546,0.1327793045377267,0.5327373266472688
2025-03-31,2.3647508714786503e+23,-7.840636220966257,0.13366040862363535,0.5326664736092359
2025-04-01,5.071582809883909e+22,-7.597167409190671,0.1301988765231999,0.5325382380437467
2025-04-02,6.890322796993872e+19,-6.564449847775274,0.11501249742777672,0.5326741680729461
2025-04-03,3.0468013392593863e+19,-6.436938125358869,0.16588752739444312,0.5008549491456985
2025-04-04,3.0363677458953144e+23,-7.881585772746892,0.32709056457795105,0.4439660611834918
2025-04-07,1.2117571981964683e+29,-9.902093225062627,0.46953195359005384,0.4460106461853394
2025-04-08,1.757850404058482e+16,-5.261350079060068,0.24888134862099223,0.439173197247049
2025-04-09,6.015124126280068e+16,-5.451091747713054,0.1380022936264893,0.265723555170544
2025-04-10,8.937113436958488e+22,-7.679792752283466,0.2436474652069286,0.20258269929847475
2025-04-11,4.319042711232347e+24,-8.289437184193918,0.22105602702814756,0.22210186798107806
2025-04-14,2.2475145180663677e+24,-8.183550083704874,0.20445281110946087,0.22140337367474416
2025-04-15,1.096055614005803e+24,-8.072935118882246,0.20482991320214694,0.2201510355419108
2025-04-16,3.6194182991938218e+22,-7.540984774785488,0.23089765924332978,0.1958537223817669
2025-04-17,2.9335467659171755e+23,-7.869756393875647,0.2364930786687949,0.19516906184575403
2025-04-21,1.1544572951193317e+20,-6.640124633071806,0.24483692626022274,0.16106753401825202
2025-04-22,3.598088560915031e+20,-6.816809163368694,0.20762643371191192,0.1497384271908125
2025-04-23,3.36572899742123e+22,-7.534998289716709,0.19051369783918903,0.16569879032294224
2025-04-24,1.3742830876753853e+23,-7.758422372095535,0.15963911591532082,0.15403641270970556
2025-04-25,5.130792837464007e+23,-7.965127132425059,0.15217237008493512,0.15726448546524058
2025-04-28,4.6739674211429915e+23,-7.951832408525757,0.15022013812534396,0.16948559320350565
2025-04-29,2.520869435969798e+22,-7.499645366329226,0.1326276363890065,0.1722889341364718
2025-04-30,4.9373313822989e+22,-7.608021848435168,0.13069836998961845,0.17205785123997175
2025-05-01,1.1754995319561125e+22,-7.390385811173176,0.1157093219393801,0.17201203879171362
2025-05-02,1.146402703993326e+22,-7.3866968059597715,0.10207720576197622,0.16650351007551617
2025-05-05,1.1380109497136455e+22,-7.383345493214438,0.10861431379575487,0.16415766636817375
2025-05-06,1.5997865361808073e+23,-7.804160516941078,0.11491021723151881,0.15926329665890915
2025-05-07,6.876251834923391e+23,-8.035749055932278,0.1101775236589821,0.16173959511269256
2025-05-08,4.467452024797925e+21,-7.236025379435146,0.1058058956598883,0.16327129605548088
2025-05-09,2.3999665522687796e+21,-7.13721715579064,0.10730025381620903,0.16271014762157957
2025-05-12,1.1930711527284277e+23,-7.7626212889546355,0.07684265843994785,0.1206789743440752
2025-05-13,1506727856146784.0,-4.867264415049021,0.09192677855723791,0.1202581990762104
2025-05-14,156391552032249.62,-4.507029904800005,0.09377754453564327,0.12065277087356685
2025-05-15,311724438087701.6,-4.618468877191985,0.08948209344912672,0.1277747629219946
2025-05-16,288980079561596.8,-4.60663027617371,0.08633904048490582,0.13013128391654583
2025-05-19,1.4451024953194195e+17,-5.594145149714145,0.07901251416383674,0.13421938839799846
2025-05-20,3.6041182371088835e+19,-6.472305488154702,0.0747304993685645,0.13356148521907096
2025-05-21,1.6755195785931814e+20,-6.716777398178908,0.08338846597257923,0.11742843134403079
2025-05-22,519685792482054.6,-4.698274068209771,0.09638942055986506,0.1213669305239407
2025-05-23,3.922574632832698e+19,-6.487627171659387,0.08792492507308902,0.12143197988212401
2025-05-27,3.756675662418036e+20,-6.8477539226367306,0.07278643482061736,0.10092415416074846
2025-05-28,2.6459209587835446e+21,-7.1570120917741455,0.07494429818517973,0.09943976044505555
2025-05-29,9.64184696348916e+21,-7.3634318106652445,0.07102673065032235,0.09974599772450816
2025-05-30,5.261842102659611e+22,-7.634432671698678,0.06966645559888267,0.09932790008499054
2025-06-02,1.033582908784937e+26,-8.84259406185594,0.05903465063071528,0.09909771310280795
2025-06-03,3.5265221043537697e+25,-8.671435343556682,0.05675103061811098,0.09864130273601493
2025-06-04,1.1104275957074185e+26,-8.856398649998656,0.055061926338518176,0.1001985585600048
2025-06-05,8.079022304466848e+29,-10.271909309029292,0.050713549851584286,0.10317310021414428
2025-06-06,2.0023916491341478e+29,-10.049137783691759,0.04644639445845461,0.09939669240257233
2025-06-09,5.693403137813573e+27,-9.484471169309675,0.048112195780484236,0.10035867944509201
2025-06-10,1.0150979708984697e+29,-9.946335406107824,0.04224528804685412,0.09954318508284647
2025-06-11,1.117443654227355e+28,-9.596097638868127,0.04494674133862184,0.10000041422028218
2025-06-12,1.1395457075015437e+28,-9.600937595107247,0.042610451124309334,0.0997205241045146
2025-06-13,3.289737142162923e+27,-9.40508255314798,0.04835331651078215,0.09019419411687023
2025-06-16,4.56598980851552e+25,-8.723245051167154,0.04744631084703497,0.08618599010578162
2025-06-17,4.5270945102122287e+24,-8.34733545316301,0.05630216732488132,0.07784998651260934
2025-06-18,3.0803992307740926e+23,-7.922800229774913,0.057604670095745485,0.07815324035240105
2025-06-20,2.4408852694412962e+26,-8.984339007490522,0.05342001393607612,0.07600321711371469
2025-06-23,9.210312918462668e+26,-9.19757233520889,0.04679247775204052,0.07181890130574968
2025-06-24,9.054030560381906e+25,-8.826192029636754,0.04428812038730605,0.06826813043934042
2025-06-25,4.748137829928662e+24,-8.360435606705492,0.04551949528162793,0.06834639632727223
2025-06-26,3.409722987262602e+26,-9.039946069918877,0.03905174374682137,0.06558659055976447
2025-06-27,3.762406848818721e+25,-8.68684285790709,0.039465752271155695,0.06509797742495792
2025-06-30,6.745775368511485e+24,-8.413793791593141,0.03897324564644309,0.06586408633767649
2025-07-01,5.679855754367325e+23,-8.027191048415668,0.03934464913032118,0.06626978063248642
2025-07-02,2.4530224574495817e+24,-8.268467577441157,0.034640773966938654,0.06750653636936627
2025-07-03,6.792144146644148e+27,-9.510925795673657,0.03025469708757926,0.08699700482573983
2025-07-07,3.328387670735112e+26,-9.031511327812169,0.0348616487014298,0.09839108372405833
2025-07-08,1.2200433518551543e+20,-6.698032858440853,0.041386382776477125,0.10053186501974198
2025-07-09,1.7847731073771494e+20,-6.767033075230052,0.037107267630763816,0.10186360683239967
2025-07-10,6.768466606670054e+17,-5.888973244839658,0.039002776483377986,0.10167944490633617
2025-07-11,1.7200488313495466e+17,-5.673822873968048,0.04047812763174742,0.10361876003410977
2025-07-14,1.4206911755621002e+18,-6.002553803627584,0.039885140885124876,0.10412234027522156
2025-07-15,4.559203109839128e+16,-5.465635665892783,0.04152825043699998,0.1076626977038275
2025-07-16,8.397847352006563e+19,-6.641054007029504,0.0391625765137267,0.10767988154329915
2025-07-17,1.6305114520757706e+17,-5.662129489087073,0.039464668889008535,0.1064755201242949
2025-07-18,2708744238993.7075,-3.93494520428306,0.044108965158372405,0.10704135249765688
2025-07-21,800611261128.7231,-3.7494890581578755,0.042602756583288576,0.1071346303859837
2025-07-22,297419179.04158473,-2.5151973033262536,0.044544510962796206,0.10962920066448675
2025-07-23,3406422011802.0283,-3.989472476336064,0.03706262942604454,0.10645800752289451
2025-07-24,1.133025410768072e+17,-5.611163051493696,0.03560578553203021,0.10755925289411966
2025-07-25,5.360717859781185e+20,-6.942066067405642,0.03070111856961836,0.11961261738748451
2025-07-28,5.623786141013616e+26,-9.10385770848693,0.028502267356607002,0.12092783955953298
2025-07-29,1.5123316525439962e+31,-10.705547112693463,0.025852628581785,0.1210517972986682
2025-07-30,1.485110693719158e+28,-9.622168936971288,0.027740357161667506,0.12091468542236004
2025-07-31,7.948818984864061e+28,-9.885315405188456,0.028375619166994277,0.11991540293825723
2025-08-01,4.5088721026873846e+26,-9.075092146010194,0.03509949681546573,0.10387670914437212
2025-08-04,1.918217982099341e+24,-8.21457716182255,0.03269900696951982,0.09627978701693242
2025-08-05,5.445715273038001e+21,-7.293414354756246,0.03647627997478425,0.0950921807845295
2025-08-06,4.025420601130873e+25,-8.67907766644624,0.03363362186209906,0.0957388083360763
2025-08-07,7.477507344415925e+16,-5.539982027884501,0.038017567023694306,0.0966183645784884
2025-08-08,6.732220097572845e+17,-5.887154353135786,0.034676558572490704,0.09360131724038888
2025-08-11,1.0262632164114427e+18,-5.9467809646895216,0.03648532967726277,0.0930844133705825
2025-08-12,8.025183646829322e+17,-5.90924259340712,0.03377815083590727,0.08647215808414575
2025-08-13,48869799181928.23,-4.391669052803955,0.036391638340431895,0.09011416902409991
2025-08-14,672924210488824.2,-4.796671095883481,0.03658738696078298,0.09018265768586292
2025-08-15,1.6670086966460675e+23,-7.819894668985839,0.03044712943446514,0.09055874209493173
2025-08-18,8.386689447599032e+19,-6.638623154706434,0.031564419945581214,0.09091626255775401
2025-08-19,9.926218090805746e+31,-10.972531374244017,0.02787198979985104,0.08797400818860787
2025-08-20,4.686790202317354e+28,-9.776223641172402,0.030494654696766144,0.08722692475869832
2025-08-21,1.1859223729190382e+23,-7.770507915878233,0.03320331400259576,0.08498977216731322
2025-08-22,7.256817553378759e+20,-6.97563136192622,0.030222158080407617,0.0707685306630581
2025-08-25,8.353204874022788e+17,-5.916260612041123,0.03368072940345341,0.07206958811914586
2025-08-26,1.3109468514766673e+20,-6.698293983271685,0.03282300977129391,0.07347516092449155
2025-08-27,4.570198097865428e+17,-5.816217334651767,0.03364320933370908,0.076358568990576
2025-08-28,1.8092446069454252e+16,-5.314413374060166,0.03336743347956588,0.077691907563389
2025-08-29,1.6214525851920952e+23,-7.797455436325747,0.03348905383853984,0.07316445080462197
2025-09-02,8.761646809305211e+19,-6.624352554580501,0.03748446848372344,0.06526616012313352
2025-09-03,68942216592320.33,-4.437196134692178,0.03862962031499024,0.0643101305781715
2025-09-04,1.8683198649812278e+17,-5.660812931653986,0.036602776609879976,0.05987625522172842
2025-09-05,26980334235023.35,-4.28351944986979,0.03963785374356123,0.05779929263975981
2025-09-08,67200500497891.74,-4.424280883780106,0.03921768751883001,0.05810371592322545
2025-09-09,49948884756782.94,-4.378343161646989,0.03874859450423167,0.061335508346360194
2025-09-10,8598795647.640533,-3.0345902299237673,0.03929501656887311,0.0631455049955563
2025-09-11,57217.51685959299,-1.184849782984281,0.04061411176782459,0.06013616257083423
2025-09-12,0.0007499449982629218,1.6347486402582803,0.04584782533942603,0.11796957433529012
2025-09-15,1.2588890454960161e+21,-7.025195582143363,0.03142188988321228,0.12885960029164847
2025-09-16,2.8879905122096057e+21,-7.1498654268234505,0.032477879205232485,0.128833963575287
2025-09-17,1.3646349056868803e+18,-5.964317022862822,0.03373847841709638,0.12950058522068844
2025-09-18,101579165916126.12,-4.493402990163227,0.03387735215125519,0.13112611375251879
2025-09-19,7.921283064118579e+20,-6.948451186231844,0.030767334901714346,0.1315088369363637
2025-09-22,4027774312111.2573,-3.9859909458158964,0.03442021079653148,0.1356106668113666
2025-09-23,4923110.392094505,-1.8739042376552044,0.03891984635415896,0.13389295894850778
2025-09-24,2.004561680893775,0.40812953184898115,0.043077060127181474,0.13484358968715698
2025-09-25,119116675.81760876,-2.360213259924669,0.041144090723331764,0.13471554264404523
2025-09-26,20028.83730424916,-1.0127695279237456,0.04257156019176201,0.13610225764946585
2025-09-29,0.018370152482288064,1.1407205410787982,0.04580082761222043,0.14113236030724025
2025-09-30,4.379043716856029e-05,2.0736991872663126,0.04681873737066165,0.1409620789284564
2025-10-01,5.242708152080753,0.267449027490237,0.04485956164717135,0.1408325627919289
2025-10-02,0.0015745158083946807,1.5221200391601695,0.046897066654615335,0.14762103658088754
2025-10-03,20.516437118304957,0.05264632157409699,0.04341411966485009,0.14784588757904654
2025-10-06,4.684158947182601e+22,-7.574688722364497,0.028192011949624278,0.14756741851434008
2025-10-07,1.0548544129093532e+22,-7.340651816637653,0.03000642259381144,0.15369739416719935
2025-10-08,2.408341756516085e+18,-6.041901723135725,0.030477439453043823,0.1527701618564513
2025-10-09,304282347203256.9,-4.650223205974636,0.03349740764718296,0.15747524979278738
2025-10-10,65773810097.86146,-3.345608151663087,0.03946400843405682,0.11986423182810528
2025-10-13,1534522.6913206186,-1.6858852058260134,0.04114002378215302,0.12026057538867961
2025-10-14,1550885.2924891247,-1.681746065399248,0.042851214478664613,0.11990234477889375
2025-10-15,1.883266570480923e+18,-5.977838901432792,0.03927794511696966,0.11945342026134931
2025-10-16,158360917587574.28,-4.527932514455269,0.04214086826707532,0.13286496280232418
2025-10-17,7.905912364202298e+17,-5.835540353118665,0.04188132456126629,0.1316745308280667
2025-10-20,1.6143471837126248e+16,-5.2325897603724,0.040211830766861086,0.13083473898491407
2025-10-21,2.627883209208783e+19,-6.36488361555693,0.04148610414317989,0.1338652302594636
2025-10-22,1.615118372517344e+37,-12.706101619067635,0.03365972926540601,0.13380860491413288
2025-10-23,4.901029030293949e+37,-12.871797074845228,0.03205916748572999,0.14160087638615487
2025-10-24,6.81816993633355e+35,-12.2082916888054,0.02998325617484226,0.14332268883678276
2025-10-27,2.089550925356519e+27,-9.180369827956424,0.029869550035850026,0.14712979655595051
2025-10-28,233519290253027.56,-4.573955135837027,0.0370498382730313,0.15133903416305572
2025-10-29,4063984708591.272,-3.9490381252241553,0.03799520727322078,0.1537892196290656
2025-10-30,1.785640355321815e+17,-5.60498316145198,0.036318217493115014,0.14996100158747167
2025-10-31,3162212065041856.0,-4.974381889692868,0.03840471731377349,0.15045689307929316
2025-11-03,278876758676.9359,-3.535222044002276,0.039892194673638165,0.15045259687042778
2025-11-04,435363399450687.9,-4.668666525005798,0.041074769833137695,0.1442421448612005
2025-11-05,23850.300622270723,-1.0236772096126452,0.04503327619357903,0.1438585483695699
2025-11-06,4693.9857804834755,-0.7727340181797944,0.04631034048149429,0.1375671104905583
2025-11-07,3757067941.8068542,-2.8556582030907887,0.04847922502895695,0.13835280982417025
2025-11-10,3787598615947.7563,-3.923586915852524,0.043639268338589436,0.12727758504361714
2025-11-11,9.93349118750757e+18,-6.1898797174450415,0.04322025349362166,0.1291663836931195
2025-11-12,6.370675354806876e+18,-6.122544014141199,0.042829393511934835,0.129359147758628
2025-11-13,1.831836585019791e+26,-8.771590091247408,0.0455864811959333,0.12033496550709971
2025-11-14,4.4414272440190553e+20,-6.774191815578056,0.048588452142449653,0.12056094919980928
2025-11-17,2.879741093674233e+18,-6.008795507138399,0.0488642584120838,0.11545036373369605
2025-11-18,1.797860756098528e+16,-5.224244715236991,0.05251034609359665,0.11863086719658651
2025-11-19,6560520832964563.0,-5.066561769572968,0.05205733824513903,0.12056162652041616
2025-11-20,3.565167778559939e+18,-6.034562912046279,0.05887648186654526,0.1068787048986708
2025-11-21,1.2694031265077087e+20,-6.5803294339475205,0.05676249196384135,0.10413291740357693
2025-11-24,2.318153766360989e+21,-7.026083267574352,0.051195917127730556,0.09366002154389398
2025-11-25,5.70284861334946e+20,-6.807871268678382,0.048350940669241255,0.08940615301851254
2025-11-26,8.605914386392095e+18,-6.159901881479315,0.04714437904704574,0.08700088224781619
2025-11-28,1959684888613.3032,-3.805186395681288,0.0481863527963686,0.08667230966534757
2025-12-01,1274571471824.4822,-3.736716812604957,0.050053552373939145,0.08488023906872112
2025-12-02,74108936560795.48,-4.359599042549316,0.04974426998138097,0.08940529448298437
2025-12-03,2.234663954184055e+20,-6.654953122105714,0.046387530442230776,0.08879834119237785
2025-12-04,7.004314818445815e+22,-7.537704902262188,0.045649137213081274,0.09178495498321422
2025-12-05,2.928412023110825e+25,-8.471335305609772,0.04246875828492562,0.09375781493973102
2025-12-08,5.660794347945128e+40,-13.87929677986822,0.04068392735536421,0.09387292590772854
2025-12-09,1.068865553803168e+39,-13.268589755198828,0.04174061544313348,0.09375632340797901
2025-12-10,1.6167714788638933e+49,-16.872775767802246,0.03483299522712434,0.09374041046464165
2025-12-11,5.795165961035444e+51,-17.77103732022266,0.033964303108294375,0.09359633705714704
2025-12-12,1.2987369317081954e+52,-17.894714856512252,0.04163451699843795,0.08412138210083502
2025-12-15,2.821718877680528e+42,-14.470334242538774,0.04587679745934804,0.0863298175628099
2025-12-16,1.2729675319054779e+44,-15.057733160378838,0.04702613370009738,0.08549216514007557
2025-12-17,3.0951060427313517e+43,-14.841315087178483,0.055800215036507866,0.0729423113501186
2025-12-18,8.88434392050017e+41,-14.291404945548807,0.051033529939539836,0.10428071327424326
2025-12-19,3.0146011997818114e+42,-14.477273242498894,0.0448970369982285,0.10734177935098314
2025-12-22,3.6223806171412263e+40,-13.79549127199997,0.04194479286407081,0.1066739592767905
2025-12-23,2.647318886973993e+40,-13.744040556008196,0.040098021226571585,0.1054857086956495
2025-12-24,4.556901305472228e+38,-13.118086483649513,0.03916508002849569,0.10629482780822848
2025-12-26,4.816524053136121e+37,-12.771468435637695,0.03992439734960229,0.10713896111673776
2025-12-29,2.6317729178527857e+60,-20.8193477324964,0.03418456115173463,0.10614835396757409
2025-12-30,8.938643737197114e+69,-24.17419257189191,0.03654552023580305,0.10635184092542496
2025-12-31,2.5539781525012845e+73,-25.397251078156188,0.04322255820283573,0.10306483470041573
2026-01-02,5.563718258057265e+68,-23.745063374124957,0.043060595088412125,0.10410028220918159
2026-01-05,1.9423303002082555e+69,-23.938724880970945,0.03601084956582512,0.10683304973708901
2026-01-06,1.8858174190375723e+67,-23.22365902115404,0.0323086570180252,0.10592519045794138
2026-01-07,1.4587249813612666e+60,-20.711383649626033,0.03631520716168567,0.11409621546818523
2026-01-08,2.1389003514662572e+52,-17.942585865770138,0.038311436371169905,0.13419616068721693
2026-01-09,2.2598240193002883e+74,-25.732098078412147,0.02685757327153499,0.1331950679273561
2026-01-12,2.081006220800611e+71,-24.655058292765695,0.027215113640377795,0.13337178088132343
2026-01-13,1.573234898071853e+71,-24.612907966247924,0.028532428440684675,0.13320593716585466
2026-01-14,3.0423807377660484e+71,-24.71323989877711,0.0324965530301903,0.14326521924107083
2026-01-15,1.0306799159843257e+63,-21.719516842007646,0.03241711960360052,0.1428120756979149
2026-01-16,9.964031595012566e+80,-28.05806973408343,0.032438024648840665,0.1430597305209435
2026-01-20,7.388361794793814e+84,-29.427397294582214,0.05832108463541165,0.12325399538916428
2026-01-21,4.067155529602311e+75,-26.150649688680964,0.044027543309604025,0.11681014867226111
2026-01-22,7.563385241946738e+74,-25.890891339465885,0.038784777393432765,0.11821267436850667
2026-01-23,1.001609099874764e+72,-24.875471307273973,0.03866664188103354,0.12370944103759143
2026-01-26,4.5945507953919967e+77,-26.879656543132345,0.0317188240398818,0.12523985769082477
2026-01-27,2.328111564900694e+72,-25.00291229571925,0.030900279567906714,0.12823649577490936
2026-01-28,1.3278713421590107e+72,-24.91870966599398,0.03065324698732506,0.1296597963733736
2026-01-29,1.6072973073201882e+86,-29.899370176624274,0.02790638536278175,0.13049211390949378
2026-01-30,3.390949954815295e+85,-29.658796642402848,0.03111558358346027,0.13023352213646175
2026-02-02,4.4822966512466403e+83,-28.997481791482386,0.0267276380745781,0.13190562439702497
2026-02-03,2.1168930756915135e+81,-28.173203309576493,0.035527443496328,0.1318708554868258
2026-02-04,2.13564248720249e+73,-25.34852497550775,0.04213192945393087,0.13223170121899416
2026-02-05,4.926015259220692e+78,-27.23552664457793,0.06188025369615443,0.1330146897781037
2026-02-06,4.94785863673612e+72,-25.11689067494161,0.03743289043298948,0.11720231461934007
2026-02-09,2.560956266311443e+75,-26.069605020431073,0.03363819878207588,0.11525133688319628
2026-02-10,3.703421630601082e+74,-25.76656153874289,0.037880624345210445,0.11513020288841498
2026-02-11,2.5107809842693604e+73,-25.357509354747446,0.03745983951548844,0.12548985902812754
2026-02-12,2.9931355778221476e+93,-32.44029436475556,0.05870884453814724,0.11573936246877398
2026-02-13,9.023507385498886e+86,-30.134878328524298,0.05857052484819238,0.12264999047423783
2026-02-17,4.767803774147106e+85,-29.688537137838974,0.05412156312695855,0.12298274593659232
2026-02-18,5.787198331187931e+94,-32.89344918234659,0.04608767309912866,0.12929239950890306
2026-02-19,2.1842290756201462e+91,-31.68561467045033,0.05040854409772834,0.12927969406307532
2026-02-20,3.712082994424759e+101,-35.29361787100861,0.039221773916819636,0.13200367673612698
2026-02-23,2.4414176876614008e+101,-35.22742313727358,0.05765681197858731,0.13708971018660768
2026-02-24,3.217466841961324e+95,-33.15005496160014,0.04551782679317466,0.13282941421888952
2026-02-25,8.703807960446717e+95,-33.30113318943661,0.03441461697144447,0.1301123839170249
2026-02-26,5.156878677092467e+93,-32.5131870337987,0.04245948154131576,0.14098893537866872
2026-02-27,2.4751309661220098e+87,-30.282716273610696,0.05045760354161667,0.14949263078711872
2026-03-02,2.097991945497033e+93,-32.36956811651692,0.0508617631827924,0.14861948534820488
2026-03-03,5.183723754348812e+93,-32.511971847249406,0.06672888886108042,0.18702245091359634
2026-03-04,5.336677335240329e+102,-35.68318899687668,0.05565758680692167,0.1873384189294477
2026-03-05,9.759812438460823e+108,-37.888404586799155,0.07099783486742023,0.18714813890829876
2026-03-06,4.0682736016213055e+110,-38.45785815799325,0.12148513634814075,0.18340791290951514
2026-03-09,1.2847089969799632e+125,-43.5639894740356,0.0961592402984177,0.17998500790081573
2026-03-10,2.7160416376650155e+123,-42.97409105784997,0.10194854600203536,0.20295164976682553
2026-03-11,1.5384822627865375e+114,-39.715212908675916,0.101112567439405,0.2038761788670861
2026-03-12,2.800725942810935e+102,-35.58192735098619,0.15886938758758798,0.19536728815928572
2026-03-13,8.15376634971283e+116,-40.67768221338673,0.24320523624086224,0.195896728218576
2026-03-16,4.071032699303566e+109,-38.102519911910576,0.1492711680257841,0.19712528147149525
2026-03-17,4.3559961527696786e+101,-35.29352006903489,0.12453730055190958,0.1982176276685022
2026-03-18,3.6114788020779818e+90,-31.387650900975565,0.1766847592975773,0.18862546289335771
2026-03-19,5.599952915035134e+93,-32.512369093310255,0.20076679634411723,0.18996706854775905
2026-03-20,1.0803998772481883e+74,-25.562860482145364,0.21875940910391303,0.17892670639452074
2026-03-23,4.154222789170334e+78,-27.179959810720224,0.17775628259921297,0.18151951734169094
2026-03-24,3.856301300846759e+74,-25.758473789727553,0.18204870537124615,0.1809657051217157
2026-03-25,1.009236396574203e+59,-20.254097950993845,0.13234627258058806,0.18315740127420108
2026-03-26,1.9737314291618056e+55,-18.946914694849742,0.17866153248046687,0.1643395056271204
2026-03-27,1.0268717168955672e+59,-20.253922508249723,0.28498213008347434,0.14262294107351944
2026-03-30,1.5179755416122153e+62,-21.374092906248613,0.3297785235038455,0.1440504974227929
2026-03-31,1.5043597755725668e+48,-16.431928823781902,0.13768512194327756,0.11768758757446651
2026-04-01,1.5648031350504455e+53,-18.203352747153325,0.12886335726059361,0.1188004439109616
